J411;0.1;1.897530121;1.459793014;1.532079876;1.134502136;1.04213559;0.857402499;1.275059923;1.481880666;1.781067955;2.120414612;2.309163639;2.273020209;2.616382802;2.301131766;2.554135782;2.369402691;2.311171608;2.387474406;2.664574043;2.722805126;2.943681648;2.943681648;2.758948557;1.857370753;1.544127686;1.423649583;0.96784076;1.602358769;1.744924524;1.730868745;2.128446485;2.028048066;2.228844904;2.248924588;2.644494359;2.305147703;2.309163639;2.090295086;1.983872762;1.84933888;1.947729331;1.855362785;1.909577931;2.236876778;2.325227387;2.084271181;2.317195513;2.262980367;2.421609869;2.016000256;1.509992223;1.361402563;1.048159495;0.895553898;1.459793014;1.299155543;1.656573915;1.979856825;2.475825015;2.146518201;2.03607994;2.094311023;1.975840888;2.066199465;2.056159623;2.461769237;2.186677568;2.343299102;2.445705489;2.61839077;2.630438581;2.785052146;1.98588073;1.359394595;1.734884682;1.367426468;0.991936381;1.672637662;1.56420737;2.477832984;2.112382738;2.136478359;2.548111877;2.206757252;2.491888762;2.61839077;2.13447039;2.27101224;2.1846696;1.357386626;2.228844904;1.885482311;2.554135782;2.883442597;2.238884746;2.453737363;1.893514184;1.676653599;1.686693441;1.11643042;0.963824823;1.789099828;1.423649583;2.636462486;2.885450565;2.040095876;1.419633646;1.301163512;1.056191369;2.89147447;0.785115637;1.493928476;2.120414612;2.206757252;2.19671741;2.752924652;2.999904763;2.696701537;2.501928604;2.299123798;2.365386754;1.722836872;1.811187481;1.481880666;1.194741187;1.100366673;1.465816919;1.562199401;1.66259782;2.455745331;1.945721362;2.262980367;2.266996303;2.11037477;2.020016192;1.927649647;1.941705426;2.028048066;1.99792854;2.214789126;2.40755409;2.897498375;2.913562122;2.483856889;2.387474406;1.491920508;1.512000192;1.522040034;1.236908523;1.642518137;1.889498248;1.646534073;1.829259196;2.04812775;2.540080003;2.034071971;2.413577995;2.353338944;1.614406579;1.825243259;1.843314975;1.939697457;1.660589852;2.319203481;2.250932556;2.620398739;2.831235419;2.00130379
J414;0.1;2.060868289;1.585451054;1.663960322;1.232159347;1.131841949;0.931207153;1.384816258;1.609439997;1.934381135;2.302938532;2.507934955;2.468680321;2.841599344;2.499211703;2.773994141;2.573359345;2.510115768;2.592986662;2.893938857;2.957182434;3.197071864;3.197071864;2.996437068;2.017252029;1.6770452;1.54619642;1.051151868;1.740288777;1.895126501;1.87986081;2.311661784;2.202621134;2.420702435;2.442510565;2.872130726;2.503573329;2.507934955;2.270226337;2.154643248;2.008528777;2.115388614;2.015071216;2.073953167;2.429425687;2.525381459;2.263683898;2.516658207;2.457776256;2.630060483;2.189536256;1.639971379;1.478591217;1.138384388;0.9726426;1.585451054;1.410986014;1.799170728;2.150281622;2.688942434;2.331289101;2.211344386;2.274587963;2.145919996;2.244056581;2.233152516;2.673676743;2.374905362;2.545008776;2.656230239;2.843780157;2.856865035;3.024787637;2.156824061;1.476410404;1.884222436;1.485133656;1.077321624;1.816617232;1.69885333;2.691123247;2.29421528;2.320385036;2.767451702;2.396713492;2.706388938;2.843780157;2.318204223;2.466499508;2.372724549;1.474229591;2.420702435;2.047783411;2.773994141;3.131647474;2.4316065;2.664953491;2.056506663;1.820978858;1.831882923;1.21253203;1.046790242;1.943104387;1.54619642;2.863407474;3.133828287;2.215706012;1.541834794;1.413166827;1.14710764;3.140370726;0.852697885;1.622524875;2.302938532;2.396713492;2.385809427;2.989894629;3.258134628;2.928831865;2.717293003;2.49703089;2.568997719;1.871137558;1.96709333;1.609439997;1.297583737;1.195085526;1.591993493;1.696672517;1.805713167;2.667134304;2.113207801;2.457776256;2.462137882;2.292034467;2.193897882;2.093580484;2.108846175;2.202621134;2.169908939;2.405436744;2.614794792;3.146913165;3.164359669;2.697665686;2.592986662;1.620344062;1.642152192;1.653056257;1.343380811;1.783905037;2.052145037;1.788266663;1.986720647;2.224429264;2.75872845;2.209163573;2.621337231;2.555912841;1.753373655;1.982359021;2.001986338;2.106665362;1.803532354;2.51883902;2.444691378;2.84596097;3.074946336;2.173574728
J417;0.1;2.755055502;2.119497725;2.22445222;1.647202496;1.513093974;1.244876931;1.851280681;2.151567154;2.585962148;3.078665196;3.352713045;3.300235797;3.79876965;3.341051434;3.708392168;3.440175124;3.355628447;3.466413748;3.868739313;3.95328599;4.273980281;4.273980281;4.005763238;2.696747449;2.241944636;2.067020477;1.405224076;2.326491313;2.533484901;2.513077082;3.090326807;2.944556674;3.236096939;3.265250965;3.839585287;3.34688224;3.352713045;3.034934156;2.880417816;2.685085838;2.827940568;2.693832046;2.772547918;3.247758549;3.376036266;3.026187948;3.364374655;3.285658784;3.515975593;2.927064258;2.192382791;1.976642995;1.521840182;1.300269581;2.119497725;1.886265513;2.405207184;2.874587011;3.594691465;3.11656543;2.956218285;3.040764962;2.868756205;2.999949324;2.985372311;3.574283646;3.174873483;3.40227489;3.550960425;3.801685053;3.819177468;4.043663472;2.883333219;1.973727592;2.518907888;1.985389203;1.440208908;2.428530405;2.271098663;3.597606867;3.067003585;3.101988417;3.69964596;3.20402751;3.618014686;3.801685053;3.099073014;3.297320394;3.171958081;1.97081219;3.236096939;2.737563086;3.708392168;4.186518202;3.250673952;3.562622035;2.749224697;2.434361211;2.448938224;1.620963872;1.399393271;2.597623759;2.067020477;3.827923676;4.189433605;2.96204909;2.061189672;1.889180916;1.533501793;4.198179813;1.139922435;2.16905957;3.078665196;3.20402751;3.189450497;3.99701703;4.355611556;3.915385756;3.632591699;3.338136032;3.434344319;2.501415472;2.629693188;2.151567154;1.734664575;1.597640651;2.128243933;2.26818326;2.413953392;3.565537438;2.825025166;3.285658784;3.291489589;3.064088183;2.932895064;2.798786542;2.81919436;2.944556674;2.900825634;3.21568912;3.495567775;4.206926021;4.230249242;3.606353075;3.466413748;2.166144167;2.195298194;2.209875207;1.795888031;2.384799366;2.743393891;2.390630171;2.655931812;2.973710701;3.687984349;2.953302882;3.504313982;3.416851903;2.343983729;2.650101007;2.676339631;2.816278958;2.41103799;3.367290058;3.268166368;3.804600455;4.110717733;2.905726215
J314;0.1;5.878897961;4.522707744;4.746665761;3.514896665;3.228728087;2.656390931;3.950370588;4.59113936;5.518076711;6.569435182;7.15421445;7.042235441;8.106036025;7.129330226;7.913183287;7.340846131;7.160435506;7.396835636;8.25534137;8.435751995;9.12006816;9.12006816;8.547731004;5.75447684;4.783992097;4.410728735;2.998549013;4.964402723;5.406097702;5.362550309;6.594319406;6.283266604;6.905372208;6.967582769;8.193130809;7.141772338;7.15421445;6.476119341;6.146403371;5.729592616;6.034424362;5.748255784;5.916224297;6.930256432;7.203982898;6.457456173;7.179098674;7.011130161;7.502593588;6.245940268;4.678234145;4.217875997;3.247391255;2.774590995;4.522707744;4.02502326;5.132371236;6.133961259;7.670562102;6.65030891;6.308150828;6.488561453;6.121519147;6.401466669;6.370361388;7.627014709;6.774730031;7.259972403;7.577246261;8.112257081;8.149583417;8.628604732;6.152624427;4.211654941;5.374992422;4.236539166;3.073201685;5.182139684;4.846202658;7.676783158;6.544550958;6.61920363;7.894520119;6.836940592;7.72033055;8.112257081;6.612982574;7.036014385;6.768508975;4.205433885;6.905372208;5.841571625;7.913183287;8.933436478;6.936477488;7.602130485;5.866455849;5.194581796;5.225687076;3.45890716;2.986106901;5.542960935;4.410728735;8.168246585;8.939657534;6.32059294;4.398286623;4.031244316;3.272275479;8.958320703;2.432432913;4.628465696;6.569435182;6.836940592;6.805835312;8.529067836;9.294257729;8.354878266;7.75143583;7.12310917;7.328404019;5.337666085;5.611392551;4.59113936;3.701528346;3.409138712;4.541370912;4.839981602;5.151034404;7.608351541;6.028203306;7.011130161;7.023572273;6.538329902;6.25838238;5.972213802;6.015761194;6.283266604;6.189950763;6.861824816;7.459046196;8.976983871;9.026752319;7.695446326;7.396835636;4.62224464;4.684455201;4.715560481;3.832170523;5.088823844;5.854013737;5.101265956;5.667382056;6.345477164;7.869635895;6.301929772;7.477709364;7.291077683;5.001729059;5.654939943;5.710929448;6.009540138;5.144813348;7.18531973;6.973803825;8.118478137;8.771689021;6.200407908
J211;0.1;3.377782267;2.598569003;2.727246423;2.019520615;1.855099467;1.526257172;2.269726708;2.637887104;3.170468646;3.774537644;4.110528684;4.046189975;4.657407718;4.096231193;4.546602162;4.217759867;4.114103057;4.249929222;4.743192665;4.846849475;5.240030479;5.240030479;4.911188185;3.306294811;2.748692659;2.534230293;1.722847675;2.85234947;3.106129936;3.081109327;3.788835135;3.610116497;3.967553774;4.003297501;4.707448937;4.103379939;4.110528684;3.720922053;3.531480296;3.29199732;3.467141586;3.302720439;3.399228503;3.981851265;4.139123667;3.710198934;4.124826175;4.028318111;4.310693559;3.58867026;2.687928322;2.423424737;1.865822585;1.594170255;2.598569003;2.312619182;2.948857534;3.52433155;4.407201624;3.82100449;3.624413988;3.728070798;3.517182805;3.678029579;3.660157715;4.382181015;3.892491945;4.171293021;4.353586033;4.660982091;4.682428327;4.957655031;3.535054669;2.419850365;3.088258072;2.434147856;1.765740148;2.977452517;2.784436387;4.410775997;3.760240153;3.803132626;4.535879044;3.928235673;4.435796606;4.660982091;3.799558253;4.042615602;3.888917573;2.416275992;3.967553774;3.35633603;4.546602162;5.132799296;3.985425637;4.367883524;3.370633521;2.984601262;3.002473126;1.98735126;1.715698929;3.184766137;2.534230293;4.693151446;5.136373669;3.631562733;2.527081548;2.316193554;1.880120077;5.147096787;1.397579753;2.65933334;3.774537644;3.928235673;3.910363809;4.900465066;5.340112917;4.800382629;4.45366847;4.092656821;4.210611122;3.066811836;3.224084238;2.637887104;2.126751798;1.958756277;2.609292121;2.780862014;2.959580653;4.371457897;3.463567213;4.028318111;4.035466856;3.75666578;3.595819006;3.431397858;3.456418468;3.610116497;3.556500905;3.942533164;4.28567295;5.157819906;5.186414888;4.421499115;4.249929222;2.655758967;2.691502695;2.709374559;2.201813626;2.923836925;3.363484776;2.930985671;3.256253593;3.645860224;4.521581553;3.620839615;4.296396068;4.189164885;2.873795706;3.249104847;3.281274202;3.452844095;2.95600628;4.128400548;4.006871874;4.664556464;5.039865604;3.562509167
J212;0.1;1.295220627;0.996428991;1.045770729;0.774391169;0.711343392;0.585247839;0.870333437;1.011505633;1.215725605;1.447357653;1.576194414;1.551523545;1.785896802;1.570711999;1.743408083;1.617312529;1.577565018;1.629647964;1.818791294;1.858538805;2.009305227;2.009305227;1.883209674;1.267808551;1.053994352;0.971758122;0.66063105;1.093741863;1.191054736;1.181460509;1.452840069;1.384309877;1.521370261;1.535076299;1.805085255;1.573453207;1.576194414;1.426798596;1.354156592;1.262326135;1.329485723;1.266437947;1.30344425;1.526852676;1.587159245;1.422686784;1.58167683;1.544670526;1.652948229;1.376086254;1.030694087;0.929269403;0.715455204;0.611289312;0.996428991;0.886780684;1.130748167;1.351415385;1.689954533;1.465175503;1.389792292;1.429539804;1.348674177;1.41035135;1.403498331;1.680360306;1.49258758;1.59949468;1.669395475;1.787267405;1.795491028;1.901027524;1.355527196;0.927898799;1.184201716;0.933381214;0.677078296;1.141712997;1.06770039;1.691325137;1.441875238;1.458322484;1.739296271;1.506293619;1.700919364;1.787267405;1.45695188;1.550152941;1.491216976;0.926528195;1.521370261;1.286997004;1.743408083;1.968187112;1.52822328;1.674877891;1.29247942;1.144454205;1.151307224;0.762055734;0.657889842;1.22120802;0.971758122;1.79960284;1.969557716;1.3925335;0.969016914;0.888151287;0.720937619;1.973669527;0.535906101;1.019729256;1.447357653;1.506293619;1.499440599;1.879097863;2.047682135;1.840720955;1.707772383;1.569341395;1.614571322;1.175978093;1.236284662;1.011505633;0.815509284;0.751090904;1.000540802;1.066329786;1.134859978;1.676248495;1.32811512;1.544670526;1.547411734;1.440504634;1.378827462;1.315779685;1.325373912;1.384309877;1.363750819;1.511776034;1.643354002;1.977781339;1.98874617;1.695436948;1.629647964;1.018358652;1.03206469;1.03891771;0.844291965;1.12115394;1.289738212;1.123895148;1.248620097;1.398015915;1.733813856;1.388421688;1.647465814;1.606347699;1.101965486;1.245878889;1.258214324;1.324003308;1.133489374;1.583047433;1.536446903;1.788638009;1.932551412;1.366054705
J214;0.1;1.866904215;1.436232131;1.507352292;1.116191409;1.025315648;0.843564127;1.25448061;1.457963291;1.752321734;2.086191376;2.271894018;2.236333938;2.5741547;2.263991778;2.51291234;2.331160818;2.273869578;2.348940858;2.621568141;2.678859381;2.896170983;2.896170983;2.714419461;1.827393014;1.519205652;1.400672051;0.952219927;1.576496892;1.716761653;1.702932733;2.094093616;1.995315616;2.192871617;2.212627217;2.60181254;2.267942898;2.271894018;2.056557976;1.951853295;1.819490774;1.916293215;1.825417454;1.878757575;2.200773857;2.287698498;2.050631296;2.279796258;2.226456137;2.382525379;1.983462256;1.485621132;1.339429691;1.031242328;0.881099767;1.436232131;1.27818733;1.629837013;1.947902175;2.435865499;2.111873657;2.003217856;2.060509096;1.943951055;2.032851256;2.022973456;2.422036579;2.151384857;2.305478538;2.406232099;2.57613026;2.58798362;2.740101742;1.953828855;1.337454131;1.706883853;1.345356371;0.975926648;1.645641493;1.538961252;2.437841059;2.078289136;2.101995857;2.50698566;2.171140457;2.451669979;2.57613026;2.100020297;2.234358378;2.149409297;1.33547857;2.192871617;1.855050855;2.51291234;2.836904182;2.202749417;2.414134339;1.862953095;1.649592613;1.659470413;1.098411369;0.948268807;1.760223974;1.400672051;2.5939103;2.838879742;2.007168976;1.396720931;1.28016289;1.039144568;2.844806422;0.772443966;1.469816652;2.086191376;2.171140457;2.161262657;2.708492781;2.951486663;2.653177101;2.461547779;2.262016218;2.327209698;1.695030493;1.781955134;1.457963291;1.175458209;1.082606889;1.442158811;1.536985692;1.635763693;2.416109899;1.914317655;2.226456137;2.230407258;2.076313576;1.987413376;1.896537615;1.910366535;1.995315616;1.965682215;2.179042697;2.368696459;2.850733102;2.866537583;2.443767739;2.348940858;1.467841092;1.487596692;1.497474492;1.21694497;1.616008093;1.859001975;1.619959213;1.799735174;2.015071216;2.49908342;2.001242296;2.374623139;2.315356338;1.588350252;1.795784054;1.813564094;1.908390975;1.633788133;2.281771818;2.214602777;2.57810582;2.785539622;1.969002989
J217;0.1;2.728257834;2.098881953;2.202815584;1.63118061;1.498376525;1.232768355;1.833273783;2.130639451;2.560809205;3.048719865;3.320102126;3.26813531;3.761820061;3.308553945;3.672321656;3.406713486;3.322989171;3.432696894;3.831109149;3.914833463;4.232408449;4.232408449;3.966800279;2.670516927;2.220137856;2.046915137;1.391555848;2.303862171;2.508842389;2.488633072;3.060268046;2.91591578;3.204620313;3.233490766;3.802238695;3.314328035;3.320102126;3.005414185;2.852400783;2.658968746;2.800433967;2.667629882;2.745580106;3.216168494;3.343198489;2.996753049;3.331650307;3.253700083;3.481776664;2.898593508;2.171058086;1.957416732;1.507037661;1.287622216;2.098881953;1.867918326;2.381812395;2.846626692;3.559726888;3.086251454;2.927463961;3.011188276;2.840852602;2.970769641;2.956334415;3.539517571;3.143992361;3.369181896;3.516421208;3.764707106;3.782029378;4.004331868;2.855287828;1.954529686;2.494407162;1.966077868;1.426200391;2.404908757;2.24900831;3.562613933;3.037171684;3.071816228;3.66366052;3.172862814;3.582823251;3.764707106;3.068929182;3.265248265;3.141105316;1.951642641;3.204620313;2.710935562;3.672321656;4.145797089;3.219055539;3.527969389;2.722483743;2.410682848;2.425118075;1.605197202;1.385781757;2.572357386;2.046915137;3.790690514;4.148684135;2.933238052;2.041141046;1.870805372;1.518585842;4.157345271;1.128834723;2.147961723;3.048719865;3.172862814;3.158427588;3.958139143;4.313245718;3.877301874;3.597258477;3.305666899;3.400939395;2.47708489;2.604114885;2.130639451;1.717791969;1.582100839;2.107543089;2.246121264;2.390473531;3.530856435;2.797546922;3.253700083;3.259474174;3.034284639;2.904367599;2.771563514;2.791772831;2.91591578;2.8726101;3.184410996;3.461567347;4.166006407;4.189102769;3.571275069;3.432696894;2.145074678;2.173945131;2.188380358;1.778419921;2.361603077;2.716709653;2.367377168;2.630098293;2.944786233;3.652112338;2.924576916;3.470228483;3.383617123;2.321184443;2.624324202;2.65030761;2.788885786;2.387586485;3.334537353;3.236377811;3.767594152;4.070733911;2.877463014
J218;0.1;19.62610172;15.09859889;15.84625991;11.73412431;10.77877968;8.868090408;13.18790962;15.32705087;18.42153675;21.93138986;23.88361585;23.50978535;27.06117518;23.80054241;26.41735597;24.5066667;23.90438422;24.69358196;27.55961586;28.16189835;30.44641812;30.44641812;28.53572886;19.21073449;15.97087008;14.72476838;10.0103503;16.57315257;18.04770624;17.90232771;22.01446331;20.97604523;23.05288139;23.26056501;27.35193224;23.84207913;23.88361585;21.61986444;20.51914127;19.12766104;20.14531076;19.18996613;19.75071189;23.13595484;24.04976275;21.55755935;23.9666893;23.40594354;25.0466441;20.85143506;15.61780793;14.08094917;10.84108476;9.262689279;15.09859889;13.43712996;17.13389833;20.47760455;25.60738987;22.20137856;21.05911867;21.66140116;20.43606783;21.3706441;21.26680229;25.46201134;22.6167458;24.236678;25.29586444;27.08194354;27.20655371;28.80571756;20.53990963;14.06018081;17.94386443;14.14325426;10.25957064;17.30004522;16.1785537;25.62815823;21.84831642;22.09753676;26.35505089;22.82442941;25.77353676;27.08194354;22.07676839;23.48901698;22.59597743;14.03941245;23.05288139;19.50149155;26.41735597;29.82336728;23.1567232;25.37893789;19.584565;17.34158195;17.44542375;11.54720906;9.968813574;18.5046102;14.72476838;27.2688588;29.84413564;21.1006554;14.68323166;13.45789832;10.92415821;29.90644072;8.12042939;15.45166104;21.93138986;22.82442941;22.7205876;28.47342377;31.02793225;27.89190965;25.87737857;23.77977405;24.46512998;17.81925426;18.73306217;15.32705087;12.35717516;11.38106216;15.16090398;16.15778533;17.19620341;25.39970625;20.1245424;23.40594354;23.44748026;21.82754805;20.89297178;19.93762715;20.08300568;20.97604523;20.6645198;22.90750286;24.90126557;29.96874581;30.1348927;25.69046331;24.69358196;15.43089268;15.63857629;15.7424181;12.79331075;16.9885198;19.54302828;17.03005652;18.91997743;21.18372884;26.27197744;21.03835031;24.96357066;24.34051981;16.69776274;18.87844071;19.06535596;20.06223732;17.17543505;23.98745766;23.28133337;27.1027119;29.28338987;20.69942992
J110;0.1;1.666559743;1.282104691;1.345592682;0.996408735;0.915285192;0.753038106;1.119857605;1.301503799;1.564273537;1.86231438;2.028088576;1.996344581;2.297912535;2.021034355;2.243242321;2.080995235;2.029852132;2.096867233;2.340237862;2.391380965;2.585372046;2.585372046;2.42312496;1.631288638;1.356174013;1.250360696;0.850033647;1.407317117;1.532529542;1.520184655;1.869368601;1.781190837;1.957546365;1.975181918;2.322602309;2.024561466;2.028088576;1.83586105;1.74239262;1.624234416;1.710648625;1.629525082;1.677141075;1.964600586;2.042197019;1.830570385;2.035142798;1.987526805;2.126847672;1.770609505;1.326193573;1.195690482;0.920575858;0.786545657;1.282104691;1.141020269;1.454933109;1.73886551;2.174463665;1.885240598;1.788245058;1.839388161;1.735338399;1.814698387;1.805880611;2.162118778;1.920511704;2.058069016;2.148010336;2.29967609;2.310257422;2.446051179;1.744156176;1.193926927;1.523711765;1.200981148;0.87119631;1.469041551;1.373809566;2.17622722;1.855260159;1.876422822;2.237951655;1.938147257;2.188572107;2.29967609;1.874659267;1.994581026;1.918748149;1.192163372;1.957546365;1.655978412;2.243242321;2.532465388;1.966364141;2.155064557;1.663032633;1.472568662;1.481386438;0.980536738;0.846506536;1.571327758;1.250360696;2.315548088;2.534228943;1.791772168;1.246833586;1.142783824;0.927630079;2.539519609;0.689550116;1.312085131;1.86231438;1.938147257;1.929329481;2.417834294;2.634751594;2.368454746;2.197389884;2.0192708;2.077468124;1.513130434;1.590726866;1.301503799;1.049315394;0.966428296;1.287395357;1.372046011;1.460223775;2.156828112;1.70888507;1.987526805;1.991053915;1.853496603;1.774136616;1.693013072;1.705357959;1.781190837;1.754737507;1.945201478;2.114502785;2.544810275;2.558918717;2.181517886;2.096867233;1.310321576;1.327957129;1.336774905;1.086350055;1.442588222;1.659505522;1.446115333;1.606598864;1.79882639;2.230897434;1.786481503;2.119793451;2.066886793;1.417898448;1.603071753;1.618943751;1.703594404;1.45846022;2.036906353;1.976945473;2.301439645;2.48661295;1.757701916
J421;0.1;2.215273901;1.70423717;1.788628557;1.32447593;1.216642491;1.000975614;1.488570293;1.730023427;2.07931;2.475480676;2.695835964;2.65364027;3.054499357;2.686459143;2.981828996;2.766162119;2.698180169;2.787259966;3.110760282;3.178742232;3.436604803;3.436604803;3.220937925;2.168389797;1.802693788;1.662041477;1.1299069;1.870675738;2.037114307;2.02070487;2.484857497;2.367647238;2.602067756;2.625509808;3.08731823;2.691147553;2.695835964;2.440317599;2.316074724;2.159012976;2.27387903;2.166045592;2.229339132;2.611444577;2.714589605;2.433284983;2.705212785;2.641919244;2.827111454;2.353582007;1.7628423;1.589371116;1.223675107;1.045515513;1.70423717;1.516700755;1.933969278;2.311386313;2.890404994;2.505955344;2.377024058;2.445006009;2.306697903;2.412187136;2.40046611;2.873995558;2.552839447;2.735687452;2.855241916;3.056843562;3.070908794;3.251412593;2.318418929;1.587026911;2.025393281;1.596403732;1.158037362;1.95272292;1.82613584;2.892749199;2.466103856;2.494234318;2.974796381;2.576281499;2.909158636;3.056843562;2.491890113;2.651296065;2.550495242;1.584682706;2.602067756;2.20120867;2.981828996;3.366278647;2.613788782;2.864618737;2.21058549;1.95741133;1.969132356;1.303378083;1.125218489;2.088686821;1.662041477;3.077941409;3.368622852;2.381712469;1.657353066;1.51904496;1.233051928;3.375655468;0.916584228;1.744088658;2.475480676;2.576281499;2.564560473;3.21390531;3.502242548;3.148267565;2.920879662;2.684114938;2.761473709;2.011328049;2.114473078;1.730023427;1.394802086;1.284624442;1.711269786;1.823791635;1.941001894;2.866962942;2.271534825;2.641919244;2.646607655;2.46375965;2.358270417;2.250436978;2.266846415;2.367647238;2.33248416;2.58565832;2.810702018;3.382688083;3.401441725;2.899781815;2.787259966;1.741744453;1.765186505;1.776907531;1.444030395;1.917559842;2.20589708;1.922248252;2.135570924;2.39108929;2.96541956;2.374679853;2.817734633;2.747408478;1.884740969;2.130882514;2.151980361;2.26450221;1.938657689;2.70755699;2.627854013;3.059187768;3.305329312;2.336424599
J1153;0.1;0.937918385;0.721552028;0.757282252;0.560766019;0.515110732;0.423800159;0.630241455;0.732469596;0.880353024;1.048086577;1.141382162;1.12351705;1.293235615;1.137412137;1.262467922;1.171157349;1.142374668;1.180089905;1.317055764;1.345838445;1.45501413;1.45501413;1.363703557;0.918068261;0.763237289;0.703686916;0.478388002;0.79201997;0.862487912;0.855540368;1.052056602;1.00243129;1.101681913;1.111606975;1.307130702;1.13939715;1.141382162;1.033198983;0.980596153;0.914098236;0.962731041;0.917075755;0.943873423;1.105651938;1.149322212;1.030221465;1.145352187;1.118554519;1.196962511;0.996476253;0.746364683;0.672919223;0.518088251;0.442657778;0.721552028;0.642151529;0.818817638;0.978611141;1.223760179;1.060989158;1.006401315;1.035183996;0.976626128;1.021288909;1.016326377;1.216812635;1.080839282;1.158254768;1.208872586;1.294228121;1.300183159;1.376606138;0.981588659;0.671926716;0.857525381;0.675896741;0.490298077;0.826757688;0.773162352;1.224752685;1.044116552;1.056026626;1.259490403;1.090764344;1.231700229;1.294228121;1.05503412;1.122524544;1.079846776;0.67093421;1.101681913;0.931963348;1.262467922;1.425238943;1.106644444;1.21284261;0.935933373;0.8287427;0.833705231;0.551833463;0.476402989;0.884323049;0.703686916;1.303160677;1.426231449;1.008386328;0.701701903;0.643144036;0.522058276;1.429208968;0.388069935;0.738424634;1.048086577;1.090764344;1.085801813;1.360726038;1.482804304;1.332935864;1.23666276;1.136419631;1.169172336;0.851570344;0.895240618;0.732469596;0.590541206;0.543893413;0.724529546;0.772169845;0.821795157;1.213835117;0.961738535;1.118554519;1.120539531;1.043124046;0.998461265;0.952805979;0.959753522;1.00243129;0.987543697;1.094734369;1.190014967;1.432186487;1.440126537;1.227730204;1.180089905;0.737432127;0.74735719;0.752319721;0.611383836;0.811870094;0.93394836;0.813855107;0.904173174;1.012356352;1.255520378;1.005408809;1.192992486;1.163217299;0.797975007;0.902188161;0.911120717;0.958761016;0.82080265;1.146344693;1.112599481;1.295220627;1.399433781;0.989212028
J1154;0.1;0.994065881;0.764746979;0.802616155;0.594335685;0.545947293;0.449170509;0.667970195;0.776318116;0.93305443;1.110829174;1.209709802;1.190775214;1.370653801;1.205502115;1.338044233;1.241267449;1.210761723;1.250734743;1.395899919;1.426405644;1.542117017;1.542117017;1.445340233;0.973027449;0.808927685;0.745812391;0.507026195;0.83943341;0.914119841;0.906756391;1.115036861;1.062440782;1.167632939;1.178152155;1.385380703;1.207605959;1.209709802;1.095050351;1.039298508;0.968819763;1.02036392;0.971975528;1.00037741;1.171840625;1.218125174;1.091894586;1.213917488;1.185515606;1.268617409;1.056129253;0.791045018;0.713202822;0.549103058;0.469157019;0.764746979;0.680593254;0.867835293;1.037194665;1.297019292;1.124504155;1.066648469;1.097154194;1.035090822;1.082427292;1.077167684;1.289655841;1.145542586;1.227592468;1.281240468;1.371705723;1.378017252;1.459015213;1.040350429;0.712150901;0.908860234;0.716358587;0.519649254;0.876250665;0.8194469;1.298071213;1.106621488;1.119244547;1.334888468;1.156061802;1.305434664;1.371705723;1.118192625;1.189723292;1.144490665;0.711098979;1.167632939;0.987754351;1.338044233;1.51055937;1.172892547;1.285448155;0.991962037;0.878354508;0.883614116;0.584868391;0.504922352;0.937262116;0.745812391;1.381173017;1.511611291;1.068752312;0.743708548;0.681645175;0.553310744;1.514767056;0.411301333;0.782629646;1.110829174;1.156061802;1.150802194;1.442184468;1.571570821;1.412730664;1.310694272;1.204450194;1.239163606;0.902548704;0.948833253;0.776318116;0.625893332;0.576453019;0.767902744;0.818394979;0.870991057;1.286500076;1.019311998;1.185515606;1.187619449;1.105569567;1.058233096;1.009844704;1.017208155;1.062440782;1.046661959;1.160269488;1.261253958;1.517922821;1.526338193;1.301226978;1.250734743;0.781577724;0.79209694;0.797356548;0.647983685;0.860471842;0.989858194;0.862575685;0.958300547;1.072959998;1.330680782;1.065596547;1.264409723;1.232852076;0.84574494;0.956196704;0.965663998;1.016156233;0.869939136;1.21496941;1.179204076;1.372757645;1.483209409;1.048430163
J1155;0.1;2.951571735;2.270680054;2.383120882;1.764696328;1.621021937;1.333673154;1.983331272;2.305036974;2.770417068;3.298264288;3.591859784;3.53563937;4.069733303;3.579366358;3.972909256;3.685560474;3.59498314;3.713670681;4.144693855;4.235271188;4.578840385;4.578840385;4.291491602;2.889104608;2.40186102;2.21445964;1.505457753;2.492438354;2.714196654;2.692333159;3.310757714;3.154589897;3.46692553;3.498159094;4.113460291;3.585613071;3.591859784;3.251413943;3.085876057;2.876611183;3.029655643;2.885981252;2.970311873;3.479418956;3.616846634;3.242043874;3.604353209;3.520022588;3.766767738;3.135849759;2.348763963;2.117635594;1.630392006;1.393016925;2.270680054;2.020811548;2.576768975;3.079629345;3.851098359;3.338867921;3.167083322;3.257660656;3.073382632;3.213933667;3.198316886;3.829234865;3.401335047;3.644956841;3.804248014;4.072856659;4.091596797;4.332095235;3.088999414;2.114512238;2.698579872;2.127005663;1.542938029;2.601755826;2.433094584;3.854221716;3.285770863;3.323251139;3.963539187;3.432568611;3.87608521;4.072856659;3.320127783;3.532516013;3.398211691;2.111388881;3.46692553;2.932831597;3.972909256;4.485139695;3.482542312;3.81674144;2.945325022;2.608002538;2.62361932;1.736586121;1.49921104;2.782910493;2.21445964;4.100966866;4.488263051;3.173330035;2.208212928;2.023934904;1.642885431;4.49763312;1.221232326;2.323777112;3.298264288;3.432568611;3.416951829;4.282121533;4.666294362;4.194667556;3.891701992;3.576243002;3.679313761;2.679839734;2.817267413;2.305036974;1.858397018;1.711599271;2.280050123;2.429971227;2.586139044;3.819864796;3.026532287;3.520022588;3.526269301;3.282647507;3.142096472;2.99842208;3.020285574;3.154589897;3.107739552;3.445062036;3.744904244;4.507003189;4.53199004;3.863591785;3.713670681;2.320653756;2.351887319;2.367504101;1.923987501;2.554905481;2.93907831;2.561152193;2.84537762;3.18582346;3.951045762;3.163959966;3.754274313;3.660573623;2.511178492;2.839130907;2.867241114;3.017162218;2.583015688;3.607476565;3.50128245;4.075980015;4.40393243;3.112989688
J1157;0.1;3.50666629;2.69772105;2.831308338;2.096578258;1.925883391;1.584493657;2.356331316;2.738539388;3.291442327;3.918560425;4.267371675;4.200578032;4.835117646;4.252528643;4.720084149;4.378694415;4.271082433;4.412091237;4.924175838;5.031787819;5.439971197;5.439971197;5.098581463;3.43245113;2.853572886;2.630927407;1.788585346;2.961184867;3.224648683;3.198673378;3.933403457;3.747865558;4.118941356;4.156048936;4.887068258;4.259950159;4.267371675;3.862899056;3.666228883;3.417608098;3.599435239;3.428740372;3.528930838;4.133784388;4.297057739;3.851766782;4.282214707;4.182024242;4.475174122;3.72560101;2.79049;2.515893909;1.937015665;1.654998058;2.69772105;2.400860412;3.061375332;3.658807367;4.575364588;3.966800279;3.76270859;3.870320572;3.651385851;3.81836996;3.79981617;4.549389282;4.041015439;4.330454561;4.519703218;4.838828404;4.861092952;5.146821316;3.669939641;2.512183151;3.206094893;2.527026183;1.833114441;3.091061396;2.890680465;4.579075346;3.903717393;3.948246489;4.708951875;4.078123018;4.605050651;4.838828404;3.944535731;4.196867274;4.037304681;2.508472394;4.118941356;3.484401742;4.720084149;5.328648457;4.137495146;4.53454625;3.499244774;3.098482912;3.117036702;2.063181436;1.78116383;3.306285359;2.630927407;4.872225226;5.332359215;3.770130106;2.623505891;2.40457117;1.951858697;5.343491489;1.45090637;2.760803936;3.918560425;4.078123018;4.059569229;5.087449189;5.54387242;4.983547965;4.623604441;4.248817885;4.371272899;3.183830346;3.347103697;2.738539388;2.207900997;2.033495372;2.708853324;2.886969707;3.072507606;4.538257008;3.595724481;4.182024242;4.189445758;3.900006635;3.733022526;3.562327659;3.588302965;3.747865558;3.692204189;4.09296605;4.449198816;5.354623763;5.384309827;4.59020762;4.412091237;2.757093178;2.794200758;2.812754548;2.285826915;3.035400026;3.491823258;3.042821542;3.380500518;3.784973138;4.694108843;3.758997832;4.46033109;4.349008351;2.983449415;3.373079003;3.406475824;3.584592207;3.068796848;4.285925465;4.159759694;4.842539162;5.23216875;3.698441704
J1158;0.1;0.806482203;0.620436573;0.651159705;0.482182481;0.442925147;0.364410477;0.541921904;0.629824197;0.756983825;0.901211859;0.981433369;0.966071804;1.112006678;0.978019688;1.085550648;1.007035979;0.98228679;1.014716762;1.132488766;1.157237955;1.251114191;1.251114191;1.172599521;0.789413797;0.656280227;0.605075008;0.411348595;0.681029416;0.741622259;0.735648317;0.90462554;0.861954524;0.947296556;0.95583076;1.123954563;0.979726529;0.981433369;0.888410554;0.843179277;0.786000116;0.827817711;0.788560377;0.811602725;0.950710238;0.988260732;0.885850293;0.984847051;0.961804702;1.029224907;0.856834002;0.641772081;0.578618978;0.445485408;0.380625463;0.620436573;0.552162948;0.704071765;0.841472437;1.052267256;0.912306323;0.865368206;0.890117395;0.839765596;0.87816951;0.873902409;1.046293314;0.92937473;0.995941515;1.039465951;1.112860099;1.117980621;1.183693985;0.844032698;0.577765557;0.737355157;0.581179239;0.421589639;0.710899128;0.66481443;1.053120676;0.897798178;0.908039222;1.082990388;0.937908933;1.059094619;1.112860099;0.907185801;0.965218383;0.928521309;0.576912137;0.947296556;0.801361682;1.085550648;1.225511581;0.951563658;1.042879632;0.804775363;0.712605968;0.71687307;0.474501699;0.409641754;0.760397506;0.605075008;1.120540882;1.226365001;0.867075046;0.603368167;0.553016368;0.448899089;1.228925262;0.333687346;0.634944719;0.901211859;0.937908933;0.933641831;1.17003926;1.27500996;1.146143491;1.06336172;0.977166268;1.005329138;0.732234636;0.76978513;0.629824197;0.507785091;0.467674336;0.622996834;0.66396101;0.706632026;1.043733053;0.826964291;0.961804702;0.963511543;0.896944758;0.858540843;0.819283508;0.825257451;0.861954524;0.84915322;0.941322614;1.023250965;1.231485523;1.238312886;1.055680937;1.014716762;0.634091299;0.642625502;0.646892603;0.525706918;0.698097823;0.803068522;0.699804663;0.777465913;0.870488728;1.079576706;0.864514785;1.025811226;1.000208616;0.686149938;0.775759072;0.783439855;0.82440403;0.705778606;0.985700471;0.95668418;1.113713519;1.203322653;0.850587757
J1056;0.1;2.405409737;1.850510983;1.942145639;1.438155028;1.3210663;1.086888844;1.616333527;1.878510461;2.257776123;2.687949928;2.927218198;2.88140087;3.316665489;2.917036569;3.237757868;3.003580412;2.929763605;3.026489076;3.37775526;3.451572066;3.731566851;3.731566851;3.497389395;2.354501594;1.957418082;1.804693654;1.226886236;2.031234889;2.211958795;2.194140945;2.698131556;2.5708612;2.825401913;2.850855984;3.352301188;2.922127384;2.927218198;2.649768821;2.514862243;2.344319966;2.469044915;2.351956187;2.420682179;2.835583541;2.947581455;2.6421326;2.937399827;2.868673834;3.069760997;2.555588757;1.914146161;1.725786033;1.328702521;1.135251579;1.850510983;1.646878412;2.099960881;2.509771429;3.13848699;2.721040221;2.581042828;2.654859635;2.504680615;2.619223935;2.6064969;3.12066914;2.771948363;2.970490119;3.100305883;3.319210896;3.334483339;3.530479687;2.51740765;1.723240626;2.199231759;1.733422255;1.257431122;2.120324138;1.982872153;3.141032397;2.677768299;2.708313185;3.230121646;2.797402434;3.158850247;3.319210896;2.705767778;2.878855463;2.769402956;1.720695219;2.825401913;2.390137294;3.237757868;3.655204637;2.838128948;3.110487511;2.400318922;2.125414952;2.138141988;1.415246364;1.221795422;2.267957752;1.804693654;3.34211956;3.657750044;2.586133643;1.79960284;1.649423819;1.33888415;3.665386265;0.995254187;1.893782904;2.687949928;2.797402434;2.784675399;3.489753173;3.80283825;3.418481774;3.171577282;2.914491162;2.998489598;2.183959316;2.29595723;1.878510461;1.514517242;1.394883107;1.858147204;1.980326746;2.107597103;3.113032918;2.466499508;2.868673834;2.873764648;2.675222892;2.560679571;2.443590844;2.461408693;2.5708612;2.532680093;2.807584063;3.051943147;3.673022487;3.693385744;3.148668618;3.026489076;1.891237497;1.916691568;1.929418604;1.567970791;2.082143031;2.395228108;2.087233846;2.318865894;2.596315271;3.219940018;2.578497421;3.059579369;2.983217155;2.046507331;2.31377508;2.336683744;2.458863286;2.105051695;2.939945234;2.853401391;3.321756303;3.589024051;2.536958738
J1160;0.1;3.694249967;2.842031456;2.982764788;2.208731462;2.028905537;1.669253689;2.482379607;2.885033307;3.467512932;4.128177741;4.495648108;4.425281442;5.093764769;4.480011071;4.972577733;4.612925885;4.499557367;4.648109218;5.18758699;5.300955508;5.730974023;5.730974023;5.371322174;3.616064782;3.006220343;2.77166479;1.884262946;3.119588861;3.397146266;3.369781451;4.143814778;3.948351816;4.339277739;4.378370331;5.148494398;4.487829589;4.495648108;4.069538852;3.862348113;3.600427745;3.791981447;3.612155523;3.717705522;4.354914776;4.526922182;4.057811075;4.511285145;4.405735146;4.714566624;3.924896261;2.939762937;2.650477754;2.040633315;1.743529614;2.842031456;2.529290718;3.22513886;3.854529595;4.820116623;4.178998111;3.963988853;4.077357371;3.846711077;4.022627742;4.003081446;4.792751809;4.257183295;4.562105515;4.761477735;5.097674028;5.121129584;5.422142544;3.866257373;2.646568495;3.37759997;2.662205532;1.931174057;3.256412934;3.045312936;4.824025883;4.112540704;4.159451815;4.960849955;4.296275887;4.851390697;5.097674028;4.155542555;4.421372183;4.253274036;2.642659236;4.339277739;3.670794411;4.972577733;5.613696246;4.358824035;4.777114772;3.686431448;3.264231452;3.283777748;2.173548129;1.876444428;3.483149969;2.77166479;5.132857361;5.617605505;3.971807372;2.763846271;2.533199977;2.056270352;5.629333283;1.528520357;2.908488863;4.128177741;4.296275887;4.276729591;5.359594396;5.840433281;5.250135138;4.870936993;4.476101812;4.605107366;3.354144414;3.52615182;2.885033307;2.326009238;2.142274055;2.853759234;3.041403676;3.236866638;4.781024031;3.788072188;4.405735146;4.413553664;4.108631445;3.93271478;3.752888855;3.78025367;3.948351816;3.889712928;4.311912924;4.68720181;5.64106106;5.672335134;4.83575366;4.648109218;2.904579604;2.943672196;2.963218492;2.408103682;3.197774045;3.67861293;3.205592564;3.561335153;3.987444409;4.945212919;3.960079594;4.698929587;4.581651811;3.143044416;3.553516635;3.588699968;3.776344411;3.232957378;4.515194404;4.38227959;5.101583288;5.512055506;3.89628411
J431;0.1;2.252280204;1.73270657;1.818507721;1.346601392;1.236966588;1.017696981;1.513436963;1.758923588;2.114045017;2.516833752;2.74087009;2.697969515;3.10552498;2.731336629;3.031640656;2.812371049;2.743253455;2.833821336;3.162725747;3.231843341;3.494013523;3.494013523;3.274743916;2.204612898;1.832807912;1.689805995;1.148782072;1.901925506;2.071144442;2.054460885;2.526367213;2.407198949;2.645535478;2.669369131;3.138892094;2.736103359;2.74087009;2.481083273;2.354764912;2.195079437;2.311864337;2.202229533;2.266580396;2.655068939;2.759937012;2.473933177;2.750403551;2.686052688;2.874338546;2.392898757;1.792290702;1.61592167;1.244116684;1.062980922;1.73270657;1.542037346;1.966276369;2.349998181;2.938689409;2.547817501;2.41673241;2.485850003;2.345231451;2.452482889;2.440566063;2.922005852;2.595484807;2.7813873;2.90293893;3.107908345;3.122208537;3.305727665;2.357148277;1.613538305;2.059227615;1.623071766;1.177382456;1.985343291;1.856641565;2.941072775;2.507300291;2.535900674;3.02449056;2.61931846;2.957756332;3.107908345;2.533517309;2.695586149;2.593101442;1.61115494;2.645535478;2.237980013;3.031640656;3.422512564;2.657452305;2.912472391;2.247513474;1.990110022;2.002026848;1.325151104;1.144015342;2.123578478;1.689805995;3.129358633;3.42489593;2.42149914;1.685039264;1.544420712;1.253650145;3.432046026;0.931895831;1.77322378;2.516833752;2.61931846;2.607401633;3.26759382;3.560747752;3.200859592;2.969673158;2.728953263;2.807604318;2.044927424;2.149795497;1.758923588;1.418102351;1.306084182;1.739856666;1.8542582;1.973426465;2.914855756;2.309480971;2.686052688;2.690819419;2.504916926;2.397665487;2.288030684;2.304714241;2.407198949;2.371448469;2.628851921;2.857654989;3.439196121;3.458263044;2.948222871;2.833821336;1.770840415;1.794674068;1.806590894;1.468153022;1.949592812;2.242746743;1.954359542;2.171245784;2.431032601;3.014957099;2.414349044;2.864805085;2.793304126;1.916225698;2.166479054;2.187929341;2.302330876;1.971043099;2.752786916;2.671752496;3.110291711;3.360545067;2.375454734
J432;0.1;0.738849993;0.568406291;0.596552958;0.441746292;0.405781107;0.333850738;0.496475921;0.577006661;0.693502586;0.825635548;0.899129622;0.885056288;1.018752954;0.896002214;0.994515547;0.922585177;0.899911473;0.929621844;1.037517398;1.060191102;1.146194805;1.146194805;1.074264435;0.723212956;0.601244069;0.554332958;0.376852589;0.623917772;0.679429253;0.67395629;0.828762956;0.789670363;0.867855548;0.875674066;1.02969888;0.897565918;0.899129622;0.81390777;0.772469623;0.720085549;0.758396289;0.722431105;0.743541104;0.870982955;0.905384436;0.811562215;0.902257029;0.881147029;0.942913325;0.784979252;0.587952587;0.530095551;0.408126663;0.348705923;0.568406291;0.505858144;0.645027772;0.770905919;0.964023325;0.835799622;0.792797771;0.815471474;0.769342215;0.804525548;0.800616289;0.958550362;0.851436659;0.912421103;0.952295547;1.019534806;1.024225917;1.084428509;0.773251475;0.529313699;0.675519994;0.532441106;0.386234811;0.651282587;0.609062587;0.964805177;0.822508141;0.831890363;0.992169991;0.859255177;0.970278139;1.019534806;0.831108511;0.884274437;0.850654807;0.528531847;0.867855548;0.734158882;0.994515547;1.122739249;0.871764807;0.955422954;0.73728629;0.65284629;0.65675555;0.434709626;0.375288886;0.696629994;0.554332958;1.026571472;1.123521101;0.794361474;0.552769254;0.506639995;0.41125407;1.125866657;0.305704071;0.581697773;0.825635548;0.859255177;0.855345918;1.071918879;1.168086656;1.050027028;0.974187399;0.895220362;0.921021473;0.670828883;0.705230364;0.577006661;0.465201848;0.428454811;0.570751847;0.608280735;0.647373328;0.956204806;0.757614438;0.881147029;0.882710733;0.821726289;0.786542956;0.750577771;0.756050734;0.789670363;0.777942586;0.862382585;0.937440362;1.128212212;1.134467027;0.967150732;0.929621844;0.580915921;0.588734439;0.592643698;0.481620736;0.639554809;0.735722586;0.641118513;0.712267031;0.797488882;0.989042584;0.792015919;0.939785917;0.916330362;0.628608883;0.710703327;0.717739994;0.755268882;0.646591476;0.903038881;0.876455918;1.020316658;1.102411101;0.779256822
J433;0.1;0.661009148;0.508522381;0.533703682;0.395206528;0.363030421;0.298678208;0.444170168;0.516216668;0.620439274;0.738651492;0.804402667;0.791812016;0.911423195;0.801604744;0.889739297;0.825387084;0.805102147;0.831682409;0.928210729;0.948495666;1.02543853;1.02543853;0.961086316;0.647019536;0.537900566;0.495931731;0.337149639;0.558185503;0.607848624;0.60295226;0.741449414;0.706475385;0.776423443;0.783418249;0.921215923;0.803003705;0.804402667;0.728159283;0.691086813;0.644221614;0.678496162;0.646320056;0.665206031;0.779221366;0.809998511;0.726060842;0.807200589;0.788314613;0.843573579;0.702278502;0.526009396;0.474247833;0.365128863;0.311968339;0.508522381;0.452563935;0.577071478;0.689687852;0.862459555;0.74774474;0.709273308;0.729558245;0.68828889;0.719765516;0.716268114;0.857563191;0.761734351;0.816293836;0.851967346;0.912122676;0.916319559;0.970179564;0.691786293;0.473548352;0.604351221;0.476346275;0.345543406;0.582667323;0.544895372;0.863159035;0.73585357;0.744247337;0.887640856;0.768729157;0.868055399;0.912122676;0.743547856;0.791112536;0.761034871;0.472848872;0.776423443;0.656812264;0.889739297;1.004454112;0.779920846;0.854765268;0.659610187;0.584066284;0.587563687;0.388911202;0.335750678;0.623237196;0.495931731;0.918418001;1.005153593;0.710672269;0.49453277;0.453263416;0.367926785;1.007252035;0.273496907;0.520413551;0.738651492;0.768729157;0.765231754;0.958987875;1.045023986;0.939402418;0.871552802;0.800905264;0.823988123;0.600154337;0.630931483;0.516216668;0.416190945;0.383315358;0.510620823;0.544195891;0.57916992;0.855464749;0.677796682;0.788314613;0.789713574;0.735154089;0.703677463;0.671501356;0.676397721;0.706475385;0.695983177;0.771527079;0.838677215;1.009350476;1.014946321;0.865257477;0.831682409;0.519714071;0.526708876;0.530206279;0.430880037;0.572175114;0.658211225;0.573574075;0.637226808;0.713470191;0.884842933;0.708573827;0.840775657;0.819791239;0.562382386;0.635827847;0.642123172;0.67569824;0.578470439;0.80790007;0.78411773;0.912822156;0.986267617;0.697158953
J434;0.1;2.074905163;1.596249792;1.675293798;1.240551764;1.139551089;0.93754974;1.394248443;1.620402127;1.947556486;2.318624182;2.525016865;2.485494862;2.860953891;2.516234197;2.792888219;2.59088687;2.527212532;2.610647871;2.913649895;2.977324233;3.218847586;3.218847586;3.016846237;2.030991826;1.688467799;1.556727789;1.058311416;1.752142137;1.908034483;1.892664815;2.327406849;2.217623507;2.437190191;2.45914686;2.891693227;2.520625531;2.525016865;2.285689179;2.169318837;2.022209159;2.129796834;2.028796159;2.088079164;2.445972858;2.542582199;2.279102179;2.533799532;2.474516527;2.647974208;2.204449506;1.651141463;1.488662117;1.14613809;0.97926741;1.596249792;1.420596445;1.811425142;2.164927503;2.707257212;2.347167851;2.226406175;2.290080513;2.160536169;2.259341177;2.248362843;2.691887544;2.391081188;2.562343201;2.67432221;2.863149558;2.876323559;3.045389905;2.171514504;1.48646645;1.897056149;1.495249117;1.084659418;1.828990477;1.710424467;2.709452879;2.309841514;2.336189517;2.786301219;2.413037856;2.724822547;2.863149558;2.33399385;2.483299195;2.388885521;1.484270783;2.437190191;2.061731162;2.792888219;3.152977581;2.448168525;2.683104877;2.070513829;1.83338181;1.844360145;1.220790762;1.053920083;1.956339153;1.556727789;2.882910559;3.155173247;2.230797508;1.552336455;1.422792112;1.154920757;3.161760248;0.858505734;1.633576128;2.318624182;2.413037856;2.402059522;3.010259236;3.280326257;2.948780565;2.735800881;2.51403853;2.586495536;1.883882148;1.980491489;1.620402127;1.306421769;1.203225428;1.602836792;1.708228801;1.818012143;2.685300544;2.127601167;2.474516527;2.478907861;2.307645848;2.20884084;2.107840165;2.123209833;2.217623507;2.184688505;2.421820523;2.63260454;3.168347248;3.185912583;2.71603988;2.610647871;1.631380461;1.65333713;1.664315464;1.352530773;1.796055474;2.066122495;1.800446808;2.00025249;2.239580176;2.777518551;2.224210508;2.63919154;2.573321535;1.765316138;1.995861157;2.015622158;2.121014166;1.815816476;2.535995199;2.461342526;2.865345225;3.095890243;2.188379262
J435;0.1;14.12619936;10.86745707;11.405598;8.445822895;7.758198376;6.382949338;9.492208032;11.03188902;13.25919453;15.78546722;17.19061297;16.92154251;19.47771191;17.13081954;19.01431278;17.63906374;17.20556133;17.77359898;19.83647253;20.26997495;21.91429445;21.91429445;20.53904541;13.82723217;11.49528815;10.59838661;7.205109089;11.92879057;12.99012406;12.88548555;15.84526065;15.0978427;16.59267861;16.7421622;19.68698894;17.16071625;17.19061297;15.56124183;14.7689788;13.76743874;14.49990833;13.81228381;14.21588951;16.65247204;17.31019984;15.51639675;17.25040641;16.84680071;18.02772108;15.00815254;11.24116605;10.13498747;7.803043453;6.666968161;10.86745707;9.671588341;12.33239626;14.73908208;18.43132678;15.97979588;15.15763613;15.59113855;14.70918536;15.38186152;15.30711972;18.32668826;16.27876307;17.44473508;18.20710139;19.49266027;19.58235043;20.73337408;14.78392716;10.12003911;12.91538227;10.17983255;7.384489398;12.45198314;11.64477174;18.44627514;15.72567378;15.90505409;18.96946771;16.42824666;18.55091365;19.49266027;15.89010573;16.90659415;16.26381471;10.10509076;16.59267861;14.0365092;19.01431278;21.46584368;16.6674204;18.26689483;14.09630264;12.48187985;12.55662165;8.311287663;7.175212371;13.31898796;10.59838661;19.62719551;21.48079204;15.18753285;10.56848989;9.686536701;7.86283689;21.52563711;5.84480841;11.12157917;15.78546722;16.42824666;16.35350486;20.49420033;22.3328485;20.07564628;18.62565545;17.11587118;17.60916703;12.82569211;13.48341991;11.03188902;8.894273668;8.19170079;10.91230215;11.62982338;12.37724134;18.28184319;14.48495997;16.84680071;16.87669743;15.71072542;15.03804926;14.35042474;14.45506326;15.0978427;14.87361731;16.48804009;17.92308257;21.57048219;21.69006906;18.49112021;17.77359898;11.10663082;11.25611441;11.3308562;9.208189209;12.22775775;14.06640592;12.25765447;13.61795515;15.24732629;18.90967427;15.14268777;17.96792765;17.51947687;12.01848072;13.58805843;13.72259366;14.4401149;12.36229298;17.26535477;16.75711056;19.50760863;21.07718634;14.89874442
J438;0.1;3.220824496;2.47781948;2.600517556;1.925678138;1.768897263;1.455335513;2.16425773;2.515310559;3.023144262;3.599143564;3.919521874;3.858172836;4.440988697;3.905888754;4.33533202;4.02177027;3.922930153;4.052444789;4.522787414;4.621627531;4.996538319;4.996538319;4.682976569;3.152658898;2.620967235;2.416470442;1.642790907;2.719807352;2.961795224;2.937937265;3.612776683;3.442362689;3.783190678;3.817273477;4.488704615;3.912705314;3.919521874;3.548019366;3.367380531;3.139025779;3.306031493;3.149250618;3.241274175;3.796823798;3.946788113;3.537794526;3.933154993;3.841131436;4.110385547;3.42191301;2.563026477;2.310813765;1.779122103;1.520092831;2.47781948;2.205157089;2.811830909;3.360563972;4.202409104;3.643451202;3.455995809;3.554835925;3.353747412;3.507120007;3.490078607;4.178551145;3.7116168;3.977462632;4.151284906;4.444396977;4.464846656;4.727284208;3.370788811;2.307405486;2.944753825;2.321038605;1.683690266;2.839097148;2.655050034;4.205817384;3.585510444;3.626409803;4.325107181;3.745699599;4.229675344;4.444396977;3.623001523;3.854764556;3.70820852;2.303997206;3.783190678;3.200374817;4.33533202;4.894289922;3.800232077;4.164918026;3.214007936;2.845913708;2.862955108;1.895003619;1.635974347;3.036777382;2.416470442;4.475071496;4.897698202;3.462812368;2.409653882;2.208565369;1.792755222;4.907923042;1.332637437;2.535760238;3.599143564;3.745699599;3.7286582;4.672751729;5.091970156;4.577319892;4.246716743;3.902480474;4.014953711;2.924304146;3.074268461;2.515310559;2.027926535;1.86773738;2.48804432;2.651641754;2.822055749;4.168326306;3.302623213;3.841131436;3.847947996;3.582102164;3.428729569;3.271948694;3.295806654;3.442362689;3.391238491;3.759332719;4.086527588;4.918147881;4.945414121;4.216042224;4.052444789;2.532351958;2.566434757;2.583476157;2.099500412;2.78797295;3.207191377;2.79478951;3.10494298;3.476445488;4.311474061;3.452587529;4.096752428;3.994504031;2.740257032;3.09812642;3.128800939;3.292398374;2.818647469;3.936563273;3.820681757;4.447805257;4.805674645;3.396967562
J332;0.1;2.825239871;2.173491414;2.2811196;1.689164579;1.551639675;1.276589868;1.898441606;2.206377804;2.651838905;3.157093443;3.438122594;3.384308502;3.895542383;3.426163907;3.802862557;3.527812749;3.441112266;3.554719795;3.967294507;4.05399499;4.38285889;4.38285889;4.107809082;2.765446435;2.29905763;2.119677321;1.441021818;2.385758113;2.598024813;2.57709711;3.16905213;3.019568539;3.318535721;3.34843244;3.937397788;3.432143251;3.438122594;3.112248366;2.953795759;2.753487747;2.899981667;2.762456763;2.843177902;3.330494409;3.462039969;3.10327935;3.450081282;3.369360142;3.605544216;3.001630508;2.24823321;2.026997495;1.560608691;1.333393632;2.173491414;1.934317668;2.466479252;2.947816416;3.686265356;3.195959177;3.031527227;3.118227709;2.941837072;3.076372304;3.061423945;3.665337653;3.255752613;3.488947015;3.641420278;3.898532055;3.916470086;4.146674816;2.956785431;2.024007823;2.583076453;2.03596651;1.47689788;2.490396627;2.328954349;3.689255027;3.145134756;3.181010818;3.793893541;3.285649331;3.71018273;3.898532055;3.178021146;3.38131883;3.252762941;2.021018151;3.318535721;2.80730184;3.802862557;4.293168735;3.333484081;3.653378965;2.819260527;2.496375971;2.51132433;1.662257533;1.435042474;2.663797593;2.119677321;3.925439101;4.296158407;3.03750657;2.113697978;1.93730734;1.572567378;4.305127422;1.168961682;2.224315835;3.157093443;3.285649331;3.270700972;4.098840067;4.466569701;4.015129256;3.725131089;3.423174235;3.521833405;2.565138423;2.696683983;2.206377804;1.778854734;1.638340158;2.182460429;2.325964677;2.475448268;3.656368637;2.896991995;3.369360142;3.375339486;3.142145084;3.007609852;2.870084948;2.891012651;3.019568539;2.974723462;3.297608019;3.584616514;4.314096438;4.338013813;3.698224043;3.554719795;2.221326163;2.251222881;2.26617124;1.841637842;2.44555155;2.813281184;2.451530893;2.723591029;3.049465258;3.781934854;3.028537555;3.593585529;3.503895374;2.403696144;2.717611685;2.744518732;2.888022979;2.472458596;3.453070953;3.351422112;3.901521727;4.215437268;2.979748884
J336;0.1;6.351047352;4.885938016;5.127882677;3.797187041;3.48803553;2.869732507;4.267634993;4.959865551;5.961247621;7.097043391;7.728787783;7.607815453;8.757052593;7.701905043;8.548711357;7.930408334;7.735508468;7.990894499;8.918349033;9.113248899;9.852524252;9.852524252;9.23422123;6.216633652;5.168206787;4.764965685;3.239370184;5.363106653;5.84027529;5.793230495;7.123926131;6.787891879;7.459960382;7.527167232;8.851142183;7.715346413;7.728787783;6.996233115;6.640036809;6.189750912;6.519064478;6.209912967;6.391371462;7.486843122;7.782553263;6.97607106;7.755670523;7.574212028;8.105146145;6.747567769;5.053955142;4.55662445;3.508197585;2.997425523;4.885938016;4.348283214;5.544565149;6.626595438;8.286604641;7.184412296;6.814774619;7.009674485;6.613154068;6.915584895;6.88198147;8.239559845;7.318825996;7.843039429;8.185794365;8.763773278;8.804097388;9.321590135;6.646757494;4.549903765;5.806671865;4.576786505;3.320018404;5.598330629;5.235413638;8.293325326;7.07016065;7.150808871;8.528549302;7.386032847;8.340370121;8.763773278;7.144088186;7.601094768;7.312105311;4.54318308;7.459960382;6.310723242;8.548711357;9.650903701;7.493563807;8.212677105;6.337605982;5.611771999;5.645375424;3.736700876;3.225928814;5.988130361;4.764965685;8.824259443;9.657624387;6.828215989;4.751524315;4.355003899;3.535080325;9.677786442;2.627787846;5.000189661;7.097043391;7.386032847;7.352429422;9.214059175;10.04070343;9.025879994;8.373973546;7.695184358;7.916966964;5.766347755;6.062057896;4.959865551;3.998807592;3.682935396;4.906100071;5.228692952;5.564727204;8.21939779;6.512343793;7.574212028;7.587653398;7.063439965;6.761009139;6.451857628;6.498902423;6.787891879;6.687081604;7.412915587;8.05810135;9.697948497;9.751713977;8.313487381;7.990894499;4.993468976;5.060675827;5.094279252;4.139941978;5.497520354;6.324164612;5.510961724;6.122544061;6.855098729;8.501666562;6.808053934;8.078263405;7.876642854;5.403430763;6.109102691;6.169588857;6.492181738;5.558006519;7.762391208;7.533887917;8.770493963;9.476165891;6.698378589
J337;0.1;1.995788238;1.535384179;1.611414207;1.193249052;1.096099572;0.901800611;1.341085218;1.558615576;1.873295415;2.230214158;2.428737009;2.390721995;2.751864628;2.420289228;2.686394326;2.492095366;2.430848954;2.511102873;2.802551314;2.863797725;3.0961117;3.0961117;2.901812739;1.953549333;1.624085878;1.497369165;1.017957598;1.68533229;1.835280401;1.820496784;2.238661939;2.133064677;2.3442592;2.365378652;2.781431861;2.424513118;2.428737009;2.198534979;2.086601882;1.945101552;2.048586868;1.951437388;2.008459909;2.352706981;2.445632571;2.192199144;2.43718479;2.380162269;2.547005941;2.120393006;1.588182809;1.431898863;1.102435407;0.94192757;1.535384179;1.366428561;1.742354811;2.082377992;2.604028463;2.257669446;2.141512458;2.20275887;2.078154101;2.173191637;2.16263191;2.589244846;2.29990835;2.464640078;2.572349284;2.753976573;2.766648245;2.929268027;2.088713828;1.429786917;1.824720674;1.438234698;1.043300941;1.759250372;1.64520533;2.606140408;2.221766377;2.247109719;2.680058491;2.321027802;2.620924024;2.753976573;2.244997774;2.38861005;2.297796405;1.427674972;2.3442592;1.983116566;2.686394326;3.032753343;2.354818926;2.580797065;1.991564347;1.763474263;1.774033989;1.174241545;1.013733708;1.881743196;1.497369165;2.772984081;3.034865288;2.145736349;1.493145274;1.368540506;1.110883188;3.041201124;0.825770583;1.571287247;2.230214158;2.321027802;2.310468076;2.895476904;3.155246166;2.836342437;2.63148375;2.418177283;2.487871475;1.812049003;1.904974593;1.558615576;1.256607409;1.157345983;1.541720014;1.643093385;1.748690646;2.58290901;2.046474923;2.380162269;2.384386159;2.219654432;2.124616896;2.027467416;2.042251033;2.133064677;2.101385499;2.329475583;2.532222325;3.04753696;3.064432522;2.612476243;2.511102873;1.569175302;1.590294754;1.600854481;1.300958259;1.727571194;1.987340457;1.731795085;1.9239821;2.15418413;2.67161071;2.139400513;2.538558161;2.475199804;1.698003961;1.91975821;1.938765717;2.040139087;1.746578701;2.439296735;2.367490597;2.756088519;2.977842767;2.104935526
J444;0.1;1.686977014;1.297811946;1.362077737;1.008615887;0.926498487;0.762263688;1.133577147;1.317448716;1.583437684;1.88512987;2.052934991;2.020802095;2.326064603;2.045794347;2.270724616;2.106489817;2.054720152;2.122556264;2.368908463;2.420678128;2.617045823;2.617045823;2.452811024;1.651273797;1.372788703;1.265679051;0.860447535;1.424558368;1.551304789;1.538808663;1.892270513;1.80301247;1.981528556;1.999380165;2.351056855;2.049364669;2.052934991;1.858352457;1.763738931;1.644133154;1.731606036;1.649488636;1.697687979;1.9886692;2.067216278;1.852996974;2.060075634;2.011876291;2.152903999;1.792301505;1.342440968;1.210339064;0.93185397;0.796181744;1.297811946;1.154999077;1.472757711;1.76016861;2.201103342;1.908336961;1.810153114;1.861922779;1.756598288;1.836930527;1.828004722;2.188607216;1.944040178;2.083282725;2.174325929;2.327849764;2.338560729;2.476018115;1.765524092;1.208553903;1.542378984;1.215694547;0.881869466;1.487038998;1.390640311;2.202888503;1.877989226;1.899411157;2.265369133;1.961891787;2.215384629;2.327849764;1.897625996;2.019016934;1.942255017;1.206768742;1.981528556;1.676266049;2.270724616;2.563490997;1.990454361;2.181466573;1.683406692;1.490609319;1.499535124;0.992549439;0.856877214;1.590578328;1.265679051;2.343916211;2.565276158;1.813723435;1.262108729;1.156784238;0.938994613;2.570631641;0.697997897;1.328159681;1.88512987;1.961891787;1.952965983;2.447455541;2.667030327;2.397471037;2.224310434;2.044009187;2.102919495;1.531668019;1.610215097;1.317448716;1.062170713;0.978268152;1.303167429;1.38885515;1.478113193;2.183251734;1.729820875;2.011876291;2.015446613;1.876204066;1.795871827;1.713754427;1.726250553;1.80301247;1.776235057;1.96903243;2.140407873;2.575987123;2.59026841;2.208243986;2.122556264;1.32637452;1.344226129;1.353151933;1.099659091;1.460261585;1.679836371;1.463831907;1.626281545;1.820864079;2.25822849;1.808367953;2.145763356;2.09220853;1.435269333;1.622711223;1.638777671;1.724465392;1.476328033;2.061860795;2.001165326;2.329634924;2.517076815;1.779235784
J341;0.1;0.914948956;0.703881366;0.738736564;0.547032973;0.502495776;0.41342138;0.61480697;0.714531565;0.858793358;1.02241915;1.113429946;1.096002347;1.261564539;1.109557146;1.23155034;1.142475944;1.114398146;1.151189744;1.284801338;1.312879136;1.419381131;1.419381131;1.330306735;0.895584956;0.744545764;0.686453767;0.466672377;0.772623562;0.841365759;0.834588359;1.02629195;0.977881952;1.074701948;1.084383947;1.275119338;1.111493546;1.113429946;1.007896151;0.956581553;0.891712157;0.939153954;0.894616757;0.920758155;1.078574748;1.121175545;1.004991551;1.117302746;1.091161347;1.167649143;0.972072753;0.728086365;0.656439568;0.505400375;0.431817179;0.703881366;0.62642537;0.798764961;0.954645154;1.193790542;1.03500575;0.981754752;1.009832551;0.952708754;0.996277752;0.991436752;1.187013142;1.054369749;1.129889345;1.179267543;1.262532739;1.268341938;1.342893335;0.957549753;0.655471368;0.836524759;0.659344168;0.478290777;0.806510561;0.754227763;1.194758742;1.01854635;1.03016475;1.22864574;1.064051748;1.201536142;1.262532739;1.02919655;1.095034147;1.053401549;0.654503168;1.074701948;0.909139756;1.23155034;1.390335132;1.079542948;1.183140342;0.913012556;0.808446961;0.81328796;0.538319174;0.464735977;0.862666158;0.686453767;1.271246538;1.391303332;0.983691152;0.684517367;0.627393569;0.509273175;1.394207932;0.378566182;0.720340765;1.02241915;1.064051748;1.059210749;1.327402135;1.44649073;1.300292537;1.206377141;1.108588946;1.140539545;0.83071556;0.873316358;0.714531565;0.576078972;0.530573574;0.706785966;0.753259563;0.801669561;1.184108542;0.938185754;1.091161347;1.093097747;1.017578151;0.974009153;0.929471955;0.936249354;0.977881952;0.963358953;1.067924548;1.160871744;1.397112532;1.404858132;1.197663342;1.151189744;0.719372565;0.729054565;0.733895564;0.596411171;0.791987561;0.911076156;0.793923961;0.882030157;0.987563952;1.22477294;0.980786552;1.163776343;1.134730345;0.778432762;0.880093757;0.888807557;0.935281155;0.800701361;1.118270946;1.085352147;1.263500939;1.365161934;0.964986427
J154;0.1;1.172717002;0.90218546;0.946860394;0.70114826;0.644063623;0.529894349;0.788016186;0.915836135;1.10074072;1.310464713;1.427115928;1.404778461;1.616984395;1.422152046;1.578514313;1.464345039;1.428356898;1.475513772;1.646767684;1.682755824;1.819262565;1.819262565;1.705093291;1.147897594;0.954306216;0.879847994;0.598147719;0.990294357;1.078403253;1.069716461;1.315428594;1.253380076;1.377477113;1.389886817;1.63435798;1.424633987;1.427115928;1.291850157;1.226078728;1.142933713;1.203741261;1.146656624;1.180162824;1.382440994;1.437043691;1.288127246;1.432079809;1.398573609;1.496610269;1.245934254;0.93320972;0.841377912;0.647786534;0.553472786;0.90218546;0.802907831;1.023800557;1.223596787;1.530116469;1.326597328;1.258343957;1.294332098;1.221114846;1.276958513;1.270753661;1.521429676;1.351416735;1.448212424;1.511501913;1.618225365;1.625671187;1.721225906;1.227319698;0.840136942;1.072198401;0.845100823;0.613039364;1.03372832;0.96671592;1.531357439;1.305500831;1.320392476;1.574791402;1.363826439;1.540044232;1.618225365;1.319151505;1.403537491;1.350175765;0.838895971;1.377477113;1.165271179;1.578514313;1.782033454;1.383681965;1.516465795;1.170235061;1.036210261;1.042415112;0.689979527;0.595665779;1.105704601;0.879847994;1.629394098;1.783274425;1.260825898;0.877366053;0.804148801;0.652750416;1.786997336;0.485219415;0.923281957;1.310464713;1.363826439;1.357621587;1.70137038;1.854009736;1.66662321;1.546249084;1.420911076;1.461863098;1.064752579;1.119355276;0.915836135;0.738377371;0.680051764;0.905908372;0.965474949;1.027523468;1.517706765;1.20250029;1.398573609;1.40105555;1.304259861;1.248416194;1.191331557;1.20001835;1.253380076;1.23476552;1.36879032;1.487923476;1.790720247;1.80064801;1.53508035;1.475513772;0.922040986;0.93445069;0.940655542;0.764437749;1.015113764;1.16775312;1.017595705;1.130524009;1.265789779;1.569827521;1.257102987;1.491646387;1.454417276;0.997740179;1.128042068;1.139210802;1.198777379;1.026282498;1.43332078;1.391127787;1.619466335;1.749768225;1.236851502
J155;0.1;0.33943713;0.261133115;0.274064053;0.202943893;0.186421027;0.153375296;0.228087384;0.265084235;0.318603952;0.379307523;0.41307164;0.40660617;0.468028127;0.411634869;0.456893153;0.423847422;0.413430832;0.427080156;0.476648753;0.487065342;0.526576542;0.526576542;0.493530811;0.332253275;0.276219209;0.254667646;0.173130896;0.286635799;0.312138482;0.309624133;0.380744294;0.362784657;0.39870393;0.402295858;0.473056826;0.412353254;0.41307164;0.373919632;0.354882417;0.330816504;0.348416948;0.331894083;0.341592286;0.400140701;0.415945181;0.372842054;0.414508411;0.404810207;0.433186432;0.360629501;0.270112933;0.243532671;0.187498605;0.160199958;0.261133115;0.232397696;0.296334002;0.354164032;0.442884636;0.383977028;0.364221428;0.374638017;0.353445646;0.369609319;0.367813356;0.440370287;0.391160883;0.419177916;0.437496745;0.46838732;0.470542476;0.498200317;0.35524161;0.243173478;0.310342519;0.244610249;0.177441209;0.299207544;0.279811137;0.443243829;0.377870752;0.382181065;0.455815574;0.39475281;0.445758178;0.46838732;0.381821872;0.406246978;0.39080169;0.242814286;0.39870393;0.337281974;0.456893153;0.51580076;0.400499894;0.438933516;0.338718744;0.29992593;0.301721893;0.199711158;0.17241251;0.320040723;0.254667646;0.471620055;0.516159953;0.364939814;0.25394926;0.232756889;0.188935376;0.517237531;0.140444357;0.267239391;0.379307523;0.39475281;0.392956847;0.492453233;0.536633939;0.482395837;0.447554142;0.411275676;0.423129036;0.308187362;0.323991843;0.265084235;0.213719674;0.196837616;0.262210693;0.279451944;0.297411581;0.439292709;0.348057755;0.404810207;0.405528592;0.377511559;0.361347886;0.344825021;0.34733937;0.362784657;0.357396766;0.396189581;0.430672083;0.51831511;0.521188651;0.444321407;0.427080156;0.266880198;0.270472126;0.272268089;0.221262722;0.293819653;0.338000359;0.294538039;0.327224577;0.366376585;0.454378804;0.363862236;0.431749662;0.42097388;0.288790955;0.326506192;0.329738926;0.346980177;0.297052388;0.414867603;0.40265505;0.468746513;0.506461749;0.358000543
J156;0.1;0.603585573;0.464345727;0.487339463;0.360873914;0.331493029;0.272731259;0.405583957;0.47137159;0.566540109;0.674482926;0.734522126;0.723025258;0.832245505;0.731967267;0.812445343;0.753683573;0.735160841;0.759432007;0.847574662;0.866097394;0.936356032;0.936356032;0.877594262;0.590811275;0.491171752;0.452848859;0.307860578;0.509694484;0.555043241;0.550572237;0.677037786;0.645102041;0.70897353;0.715360679;0.841187513;0.733244696;0.734522126;0.664902203;0.631050314;0.588256416;0.619553445;0.59017256;0.607417863;0.71152839;0.739631845;0.662986058;0.737076986;0.719831684;0.77029016;0.641269752;0.480313599;0.433048697;0.333409174;0.284866842;0.464345727;0.413248535;0.526939786;0.629772884;0.787535462;0.68278622;0.647656901;0.666179633;0.628495454;0.657237624;0.65404405;0.783064458;0.695560518;0.745380279;0.777954739;0.832884219;0.836716509;0.885897556;0.631689028;0.432409982;0.551849667;0.434964842;0.315525157;0.532049505;0.497558901;0.788174177;0.671928067;0.679592645;0.810529198;0.701947667;0.792645181;0.832884219;0.67895393;0.722386543;0.694921803;0.431771267;0.70897353;0.599753284;0.812445343;0.917194585;0.712167105;0.780509598;0.602308143;0.533326935;0.536520509;0.35512548;0.306583148;0.569094969;0.452848859;0.838632654;0.9178333;0.648934331;0.451571429;0.41388725;0.335964033;0.919749445;0.249737523;0.47520388;0.674482926;0.701947667;0.698754092;0.875678117;0.954240049;0.8577941;0.795838756;0.731328552;0.752406143;0.548017378;0.576120833;0.47137159;0.380035361;0.350015761;0.466261871;0.496920186;0.528855931;0.781148313;0.618914731;0.719831684;0.721109113;0.671289352;0.642547182;0.613166297;0.617637301;0.645102041;0.635521318;0.704502526;0.765819156;0.921665589;0.926775309;0.790090322;0.759432007;0.474565165;0.480952314;0.484145888;0.393448374;0.522468782;0.601030714;0.523746212;0.581869267;0.65148919;0.807974339;0.647018186;0.7677353;0.748573854;0.513526773;0.580591837;0.586340271;0.616998586;0.528217216;0.737715701;0.715999394;0.833522934;0.900587998;0.636594951
J159;0.1;0.971096451;0.747076317;0.784070468;0.58060264;0.533332336;0.43879173;0.65253571;0.758380085;0.911494764;1.085161748;1.181757586;1.16326051;1.338982725;1.177647124;1.307126651;1.212586044;1.182785201;1.221834582;1.363645492;1.393446336;1.506484018;1.506484018;1.411943411;0.950544145;0.790236159;0.728579242;0.495310571;0.820037003;0.892997689;0.885804381;1.089272209;1.037891445;1.140652974;1.150929127;1.353369339;1.179702355;1.181757586;1.069747519;1.015283908;0.946433684;0.996786833;0.94951653;0.977262142;1.144763435;1.189978508;1.066664673;1.185868047;1.158122434;1.239304042;1.031725753;0.772766699;0.696723168;0.536415182;0.45831642;0.747076317;0.664867094;0.847782616;1.013228678;1.267049655;1.098520747;1.042001906;1.071802749;1.011173447;1.057416135;1.052278059;1.259856348;1.119073053;1.199227045;1.251635425;1.34001034;1.346176032;1.42530241;1.016311524;0.695695553;0.887859612;0.699806014;0.507641954;0.856003538;0.800512312;1.26807727;1.081051287;1.09338267;1.304043805;1.129349206;1.275270577;1.34001034;1.092355055;1.162232895;1.118045437;0.694667937;1.140652974;0.964930759;1.307126651;1.475655559;1.14579105;1.255745887;0.96904122;0.858058769;0.863196845;0.571354102;0.49325534;0.915605225;0.728579242;1.349258878;1.476683174;1.044057136;0.726524011;0.665894709;0.540525643;1.47976602;0.401797579;0.764545777;1.085161748;1.129349206;1.124211129;1.408860565;1.535257246;1.380087337;1.280408654;1.176619509;1.210530814;0.88169392;0.926908993;0.758380085;0.611431099;0.56313318;0.750159163;0.799484697;0.850865462;1.256773502;0.995759218;1.158122434;1.160177664;1.080023672;1.033780983;0.98651068;0.993703987;1.037891445;1.022477215;1.133459667;1.232110735;1.482848866;1.491069788;1.271160116;1.221834582;0.763518162;0.773794315;0.778932391;0.63301102;0.840589309;0.96698599;0.842644539;0.936157531;1.048167598;1.299933344;1.040974291;1.235193581;1.204365122;0.826202695;0.9341023;0.943350838;0.992676372;0.849837846;1.186895662;1.151956742;1.341037956;1.448937561;1.024204562
J365;0.1;2.809926918;2.161710973;2.268755808;1.680009215;1.543229704;1.269670681;1.88815195;2.194419117;2.637465795;3.139981826;3.419487784;3.365965366;3.874428332;3.407593913;3.782250835;3.508691813;3.422461251;3.535453021;3.945791555;4.032022117;4.359103557;4.359103557;4.085544534;2.750457565;2.286596614;2.108188555;1.433211401;2.372827175;2.583943377;2.563129104;3.151875696;3.003202314;3.300549078;3.330283754;3.916056879;3.413540848;3.419487784;3.095379811;2.937786026;2.738563694;2.884263609;2.747484097;2.827767724;3.312442949;3.443275525;3.086459408;3.431381654;3.351098028;3.586001971;2.985361508;2.236047664;2.016011058;1.552150107;1.326166566;2.161710973;1.923833562;2.453110801;2.931839091;3.666285597;3.178636905;3.015096185;3.101326746;2.925892156;3.059698199;3.044830861;3.645471324;3.238106258;3.470036733;3.621683583;3.8774018;3.895242606;4.124199614;2.940759494;2.013037591;2.569076039;2.024931461;1.468893013;2.476898542;2.31633129;3.669259065;3.128087955;3.163769567;3.773330432;3.267840934;3.690073339;3.8774018;3.160796099;3.362991898;3.23513279;2.010064123;3.300549078;2.792086112;3.782250835;4.269899528;3.315416416;3.633577453;2.803979982;2.482845478;2.497712816;1.653248007;1.427264466;2.649359665;2.108188555;3.904163009;4.272872996;3.02104312;2.10224162;1.926807029;1.564043978;4.281793399;1.162625846;2.212259923;3.139981826;3.267840934;3.252973596;4.076624132;4.442360651;3.993367038;3.704940677;3.404620445;3.502744877;2.551235233;2.682067809;2.194419117;1.769213245;1.629460266;2.170631376;2.313357822;2.462031204;3.636550921;2.881290141;3.351098028;3.357044963;3.125114487;2.991308444;2.854528932;2.875343206;3.003202314;2.9586003;3.279734805;3.565187698;4.290713801;4.314501543;3.678179468;3.535453021;2.209286455;2.239021131;2.253888469;1.831656065;2.432296528;2.798033047;2.438243463;2.708829018;3.032936991;3.761436562;3.012122717;3.574108101;3.484904072;2.390667981;2.702882083;2.729643292;2.872369738;2.459057737;3.434355122;3.333257222;3.880375267;4.192589369;2.963598484
J366;0.1;1.057869852;0.813832151;0.854131955;0.632483033;0.58098884;0.478000452;0.710843763;0.82614598;0.99294239;1.182127581;1.287354847;1.267204945;1.458629013;1.282877091;1.423926404;1.320938017;1.288474286;1.331012968;1.485495549;1.51795928;1.64109757;1.64109757;1.538109182;1.035481072;0.860848589;0.793682249;0.539569597;0.89331232;0.972792489;0.964956416;1.186605337;1.130633387;1.242577287;1.253771677;1.474301159;1.285115969;1.287354847;1.165335996;1.106005729;1.031003316;1.085855827;1.034361633;1.064586486;1.247055043;1.296310359;1.161977679;1.291832603;1.26160775;1.350043431;1.123916753;0.841818126;0.75897964;0.584347157;0.499269793;0.813832151;0.724277031;0.923537173;1.103766851;1.380268284;1.196680288;1.135111143;1.167574874;1.101527973;1.151902728;1.146305533;1.372432211;1.219069068;1.30638531;1.363476699;1.459748452;1.466465086;1.552661889;1.107125168;0.757860201;0.967195294;0.762337957;0.553002865;0.932492685;0.872042979;1.381387723;1.177649825;1.191083093;1.420568087;1.230263458;1.389223795;1.459748452;1.189963654;1.266085506;1.217949629;0.756740762;1.242577287;1.051153218;1.423926404;1.6075144;1.248174482;1.367954455;1.055630974;0.934731563;0.940328758;0.622408082;0.537330719;0.997420146;0.793682249;1.469823403;1.608633839;1.137350021;0.791443371;0.72539647;0.588824913;1.611992156;0.437700648;0.832862614;1.182127581;1.230263458;1.224666263;1.534750865;1.672441862;1.503406573;1.39482099;1.281757652;1.318699139;0.96047866;1.009733975;0.82614598;0.666066203;0.61345257;0.817190468;0.87092354;0.92689549;1.369073894;1.084736388;1.26160775;1.263846628;1.176530386;1.126155631;1.074661437;1.08249751;1.130633387;1.113841802;1.234741214;1.342207358;1.615350473;1.624305985;1.38474604;1.331012968;0.831743175;0.842937565;0.84853476;0.689574422;0.9157011;1.053392096;0.917939978;1.019808926;1.141827777;1.416090331;1.133991704;1.345565675;1.311982505;0.900028954;1.017570048;1.027644999;1.081378071;0.925776051;1.292952042;1.254891116;1.460867891;1.578408986;1.115723498
J367;0.1;1.708670365;1.314500905;1.379593109;1.021585985;0.938412613;0.772065868;1.14815416;1.33439019;1.603799591;1.909371328;2.079334306;2.046788204;2.355976175;2.072101839;2.299924554;2.13357781;2.081142423;2.149850861;2.399370978;2.451806364;2.650699211;2.650699211;2.484352467;1.672508029;1.39044181;1.281954803;0.871512292;1.442877197;1.571253489;1.558596671;1.916603795;1.826197956;2.007009635;2.025090803;2.38128981;2.075718073;2.079334306;1.882249576;1.786419387;1.665275562;1.753873284;1.670699912;1.719519065;2.014242102;2.09379924;1.876825226;2.086566773;2.03774762;2.180588846;1.815349255;1.359703825;1.225903182;0.943836963;0.806420087;1.314500905;1.169851562;1.49169635;1.782803153;2.229408;1.932876846;1.833430423;1.88586581;1.779186919;1.860552175;1.851511591;2.216751182;1.969039182;2.110072292;2.202286248;2.357784292;2.368632992;2.507857985;1.788227503;1.224095065;1.562212905;1.231327533;0.893209693;1.506161284;1.408522978;2.231216116;1.902138861;1.923836262;2.294500204;1.98712035;2.243872934;2.357784292;1.922028146;2.044980087;1.967231065;1.222286949;2.007009635;1.697821664;2.299924554;2.596455708;2.016050219;2.209518715;1.705054131;1.509777518;1.518818102;1.005312934;0.867896058;1.611032058;1.281954803;2.374057343;2.598263824;1.837046657;1.278338569;1.171659679;0.95106943;2.603688175;0.706973664;1.34523889;1.909371328;1.98712035;1.978079766;2.478928116;2.701326481;2.428300846;2.252913518;2.070293722;2.129961576;1.551364204;1.630921343;1.33439019;1.075829489;0.990848;1.319925255;1.406714861;1.4971207;2.211326832;1.752065168;2.03774762;2.041363854;1.900330744;1.818965489;1.735792116;1.748448934;1.826197956;1.799076204;1.994352817;2.167932029;2.609112525;2.623577459;2.236640467;2.149850861;1.343430773;1.361511941;1.370552525;1.113799941;1.479039533;1.701437897;1.482655766;1.647194394;1.844279124;2.287267737;1.831622306;2.173356379;2.119112875;1.453725898;1.64357816;1.659851211;1.746640817;1.495312584;2.08837489;2.026898919;2.359592408;2.549444671;1.802115517
J369;0.1;0.906016399;0.697009442;0.731524352;0.541692345;0.497589959;0.409385188;0.608804671;0.707555664;0.850409044;1.012437373;1.10255964;1.085302184;1.249248009;1.09872465;1.219526836;1.131322065;1.103518387;1.139950793;1.272257949;1.300061627;1.405523854;1.405523854;1.317319082;0.886841449;0.737276837;0.679751986;0.462116301;0.765080515;0.833151589;0.826440356;1.016272363;0.968334988;1.064209739;1.073797214;1.262670474;1.100642145;1.10255964;0.998056161;0.947242543;0.883006459;0.929985087;0.885882702;0.911768885;1.068044729;1.11022962;0.995179918;1.10639463;1.080508447;1.1562495;0.962582503;0.72097813;0.650030814;0.500466202;0.427601391;0.697009442;0.620309641;0.790966698;0.945325047;1.182135683;1.024901091;0.972169978;0.999973656;0.943407552;0.986551191;0.981757453;1.175424451;1.044076041;1.118858347;1.16775447;1.250206757;1.255959242;1.3297828;0.94820129;0.649072066;0.828357851;0.652907056;0.473621271;0.798636678;0.746864312;1.183094431;1.008602383;1.020107353;1.216650594;1.053663516;1.189805663;1.250206757;1.019148606;1.084343437;1.043117294;0.648113319;1.064209739;0.900263914;1.219526836;1.376761428;1.069003477;1.17158946;0.904098904;0.800554173;0.805347911;0.533063617;0.460198806;0.854244034;0.679751986;1.258835484;1.377720176;0.974087473;0.677834491;0.621268388;0.504301192;1.380596418;0.374870277;0.713308149;1.012437373;1.053663516;1.048869779;1.31444284;1.432368784;1.28759791;1.194599401;1.097765902;1.12940457;0.822605366;0.864790256;0.707555664;0.57045477;0.525393637;0.699885684;0.745905565;0.79384294;1.172548208;0.92902634;1.080508447;1.082425942;1.007643636;0.964499998;0.920397612;0.927108845;0.968334988;0.953953775;1.057498506;1.149538268;1.383472661;1.391142641;1.185970673;1.139950793;0.712349402;0.721936877;0.726730615;0.590588468;0.784255465;0.902181409;0.78617296;0.873418984;0.977922463;1.212815604;0.97121123;1.15241451;1.123652085;0.770833;0.871501489;0.880130217;0.926150097;0.792884193;1.107353377;1.074755962;1.251165504;1.351833993;0.95556536
J160;0.1;1.210999385;0.931636564;0.977769874;0.724036669;0.665088551;0.547192315;0.813740327;0.945732853;1.136673496;1.353243757;1.473702955;1.4506363;1.669769522;1.468577032;1.630043616;1.51214738;1.474984436;1.523680707;1.700525062;1.737688006;1.878650897;1.878650897;1.760754661;1.185369768;0.985458759;0.908569909;0.61767376;1.022621703;1.113606842;1.104636476;1.35836968;1.294295639;1.422443722;1.43525853;1.687710254;1.471139993;1.473702955;1.334021544;1.26610306;1.180243845;1.243036405;1.184088287;1.21868827;1.427569645;1.483954801;1.330177102;1.478828878;1.444228896;1.545465881;1.286606754;0.963673584;0.868844003;0.668932993;0.57154045;0.931636564;0.829118097;1.057221685;1.263540099;1.580065864;1.369903008;1.299421562;1.336584506;1.260977137;1.318643774;1.31223637;1.571095498;1.395532624;1.495488129;1.560843651;1.671051003;1.678739888;1.777413912;1.267384541;0.867562522;1.107199437;0.872688445;0.63305153;1.067473532;0.998273567;1.581347345;1.348117833;1.363495603;1.626199174;1.408347433;1.59031771;1.671051003;1.362214123;1.449354819;1.394251143;0.866281041;1.422443722;1.2033105;1.630043616;1.840206472;1.428851126;1.565969575;1.208436423;1.070036493;1.076443897;0.712503342;0.615110799;1.14179942;0.908569909;1.68258433;1.841487953;1.301984524;0.906006947;0.830399578;0.674058917;1.845332396;0.501059005;0.953421738;1.353243757;1.408347433;1.401940028;1.756910218;1.91453236;1.721028755;1.596725115;1.467295551;1.509584418;1.099510552;1.155895709;0.945732853;0.762481094;0.702251495;0.935481006;0.996992086;1.061066127;1.567251055;1.241754925;1.444228896;1.446791857;1.346836353;1.289169715;1.230221597;1.239191963;1.294295639;1.275073426;1.413473356;1.536495516;1.849176838;1.859428685;1.585191787;1.523680707;0.952140257;0.964955065;0.971362469;0.789392191;1.048251319;1.205873461;1.050814281;1.167429036;1.307110447;1.62107325;1.298140081;1.540339958;1.501895533;1.030310588;1.164866075;1.176399402;1.237910482;1.059784647;1.480110359;1.436540011;1.672332484;1.806887971;1.277227503
J95;0.1;0.287117873;0.220883274;0.231821098;0.171663067;0.157686959;0.129734743;0.192931058;0.224225387;0.269495824;0.32084283;0.349402703;0.343933791;0.395888454;0.348187389;0.386469772;0.358517556;0.349706531;0.361252012;0.403180336;0.411991361;0.445412489;0.445412489;0.417460273;0.281041304;0.233644068;0.215414362;0.146445307;0.242455093;0.264026912;0.261900113;0.322058143;0.306866721;0.337249565;0.34028785;0.400142052;0.348795046;0.349402703;0.316285403;0.300182496;0.279825991;0.294713584;0.280737476;0.288940844;0.338464879;0.35183333;0.315373918;0.350618016;0.342414649;0.366417095;0.305043751;0.228478985;0.20599568;0.158598444;0.135507483;0.220883274;0.196576999;0.250658461;0.299574839;0.374620463;0.324792599;0.308082035;0.31689306;0.298967182;0.312639462;0.31112032;0.372493664;0.330869168;0.354567786;0.370063036;0.396192282;0.398015253;0.421410042;0.300486324;0.205691852;0.26250777;0.206907166;0.150091248;0.253089088;0.236682353;0.374924291;0.319627516;0.323273457;0.385558287;0.333907452;0.37705109;0.396192282;0.322969629;0.343629962;0.33056534;0.205388023;0.337249565;0.285294902;0.386469772;0.436297636;0.338768707;0.37127835;0.286510216;0.253696745;0.255215887;0.168928611;0.14583765;0.270711137;0.215414362;0.398926738;0.436601464;0.308689692;0.214806705;0.196880827;0.159813758;0.437512949;0.118796919;0.226048357;0.32084283;0.333907452;0.33238831;0.416548787;0.453919685;0.408041591;0.378570233;0.34788356;0.357909899;0.260684799;0.27405325;0.224225387;0.18077792;0.166497984;0.221794759;0.236378524;0.251569946;0.371582179;0.294409756;0.342414649;0.343022305;0.319323687;0.305651408;0.2916753;0.293802099;0.306866721;0.302309295;0.335122766;0.364290296;0.438424435;0.440855062;0.375835777;0.361252012;0.225744529;0.228782813;0.230301955;0.187158317;0.248531662;0.285902559;0.249139318;0.276787706;0.309905006;0.384342973;0.307778207;0.365201781;0.356086928;0.244278063;0.276180049;0.278914505;0.29349827;0.251266117;0.350921845;0.340591678;0.39649611;0.428398096;0.302820009
J96;0.1;2.256108443;1.73565168;1.821598668;1.348890233;1.239069081;1.019426778;1.516009377;1.76191326;2.117638295;2.521111657;2.745528793;2.702555298;3.110803493;2.735979127;3.036793586;2.817151283;2.747916209;2.83863803;3.168101485;3.237336559;3.499952356;3.499952356;3.280310053;2.208360116;1.835923167;1.692678186;1.150734677;1.90515824;2.074664801;2.057952886;2.530661322;2.411290505;2.650032139;2.673906302;3.144227322;2.74075396;2.745528793;2.485300411;2.358767345;2.19881045;2.315793851;2.205972699;2.270432941;2.659581804;2.764628123;2.478138162;2.755078458;2.690618217;2.879224108;2.396966007;1.795337089;1.618668279;1.24623133;1.064787688;1.73565168;1.544658373;1.969618482;2.353992513;2.943684349;2.552148069;2.42084017;2.490075244;2.34921768;2.456651415;2.444714334;2.926972435;2.599896396;2.78611487;2.907873104;3.113190909;3.127515407;3.311346466;2.361154762;1.616280863;2.062727719;1.625830528;1.179383673;1.988717812;1.85979733;2.946071765;2.511561991;2.540210987;3.029631337;2.623770559;2.96278368;3.113190909;2.537823571;2.700167882;2.597508979;1.613893447;2.650032139;2.241783945;3.036793586;3.428329866;2.661969221;2.917422769;2.25133361;1.993492645;2.005429727;1.327403486;1.145959844;2.12718796;1.692678186;3.134677656;3.430717283;2.425615003;1.687903353;1.547045789;1.255780996;3.437879532;0.933479789;1.776237758;2.521111657;2.623770559;2.611833477;3.273147804;3.566800014;3.206300146;2.974720761;2.733591711;2.81237645;2.048403221;2.15344954;1.76191326;1.420512723;1.308304155;1.742813929;1.857409914;1.976780731;2.919810186;2.313406435;2.690618217;2.695393049;2.509174575;2.401740839;2.291919688;2.308631602;2.411290505;2.37547926;2.633320225;2.862512193;3.445041781;3.464141111;2.953234014;2.83863803;1.773850342;1.797724505;1.809661587;1.470648466;1.952906567;2.246558777;1.9576814;2.174936287;2.435164668;3.020081672;2.418452754;2.869674442;2.798051952;1.919482738;2.170161454;2.191648201;2.306244186;1.974393314;2.757465874;2.676293719;3.115578326;3.366257041;2.379492334
J97;0.1;1.458558795;1.122087031;1.177651175;0.87204838;0.801049751;0.659052493;0.980089772;1.139064964;1.369038784;1.629881574;1.77496573;1.747183657;2.011113344;1.768791936;1.963266442;1.821269183;1.776509178;1.83516022;2.048156107;2.092916112;2.262695443;2.262695443;2.120698185;1.427689826;1.186911866;1.094304959;0.743942158;1.231671871;1.341256712;1.330452573;1.636055368;1.558882945;1.713227791;1.728662276;2.032721623;1.771878833;1.77496573;1.606729847;1.524927079;1.421516032;1.497145007;1.426146378;1.467819486;1.719401585;1.787313317;1.602099502;1.781139523;1.739466415;1.861398843;1.549622254;1.160673242;1.046458056;0.805680096;0.688378013;1.122087031;0.998611154;1.27334498;1.521840182;1.903071952;1.649946404;1.565056739;1.609816744;1.518753285;1.588208466;1.580491224;1.892267813;1.680815374;1.801204353;1.879920225;2.012656793;2.021917483;2.140763015;1.526470527;1.044914608;1.33353947;1.051088402;0.762463539;1.285692568;1.202346351;1.9046154;1.62370778;1.642229162;1.958636096;1.696249858;1.91541954;2.012656793;1.640685714;1.745640209;1.679271925;1.043371159;1.713227791;1.449298104;1.963266442;2.216391989;1.720945033;1.886094019;1.455471898;1.288779465;1.296496707;0.858157344;0.740855261;1.375212578;1.094304959;2.026547829;2.217935438;1.568143636;1.091218062;1.000154602;0.81185389;2.222565783;0.603488348;1.148325655;1.629881574;1.696249858;1.688532616;2.116067839;2.305912;2.072851282;1.923136782;1.767248487;1.818182286;1.324278779;1.392190511;1.139064964;0.918351834;0.845809756;1.126717376;1.200802902;1.277975325;1.887637467;1.495601558;1.739466415;1.742553312;1.622164332;1.552709151;1.481710522;1.492514661;1.558882945;1.535731218;1.702423652;1.850594704;2.227196129;2.239543716;1.909245746;1.83516022;1.146782206;1.162216691;1.169933933;0.950764252;1.262540841;1.452385001;1.265627738;1.406081548;1.57431743;1.952462303;1.563513291;1.85522505;1.808921596;1.240932562;1.402994651;1.416885687;1.490971213;1.276431877;1.782682972;1.730205724;2.014200241;2.176262329;1.538325643
J370;0.1;0.780960615;0.600802505;0.630553385;0.466923542;0.428908528;0.3528785;0.524772477;0.609893052;0.733028641;0.872692496;0.950375351;0.935499911;1.076816594;0.947069698;1.05119778;0.975167752;0.951201765;0.982605472;1.096650514;1.120616501;1.21152197;1.21152197;1.135491941;0.764432348;0.635511865;0.585927064;0.398331234;0.659477852;0.7181532;0.712368307;0.87599815;0.834677482;0.917318817;0.925582951;1.088386381;0.948722525;0.950375351;0.860296296;0.816496389;0.761126694;0.801620948;0.763605934;0.785919095;0.920624471;0.956986658;0.857817056;0.953681005;0.931367844;0.996654499;0.829719002;0.621462838;0.560308251;0.431387768;0.368580354;0.600802505;0.534689437;0.681791013;0.814843562;1.018967659;0.88343587;0.837983136;0.861949123;0.813190735;0.850379336;0.846247269;1.013182766;0.899964137;0.964424378;1.006571459;1.077643007;1.082601487;1.146235315;0.817322802;0.559481837;0.714021133;0.562787491;0.408248194;0.68840232;0.643775999;1.019794073;0.869386843;0.879303803;1.04871854;0.90822827;1.025578966;1.077643007;0.87847739;0.934673498;0.899137724;0.558655424;0.917318817;0.776002135;1.05119778;1.186729569;0.921450884;1.009877112;0.779307788;0.690055146;0.694187213;0.459485822;0.396678407;0.736334294;0.585927064;1.085080727;1.187555982;0.839635963;0.584274238;0.53551585;0.434693422;1.190035222;0.323127619;0.614851532;0.872692496;0.90822827;0.904096204;1.133012701;1.234661543;1.109873128;1.029711033;0.946243285;0.973514925;0.709062653;0.745424841;0.609893052;0.491715943;0.452874515;0.603281745;0.642949585;0.684270253;1.010703526;0.800794535;0.931367844;0.933020671;0.86856043;0.831371829;0.793356815;0.799141708;0.834677482;0.822281282;0.911533924;0.990869605;1.192514463;1.199125769;1.022273313;0.982605472;0.614025118;0.622289252;0.626421318;0.509070623;0.676006119;0.777654961;0.677658946;0.752862561;0.842941616;1.045412886;0.837156722;0.993348845;0.968556445;0.664436333;0.751209734;0.758647454;0.798315295;0.68344384;0.954507418;0.926409364;1.07846942;1.165242822;0.823670423
J1219;0.1;6.103487942;4.695487549;4.928001375;3.64917533;3.35207433;2.757872329;4.101285548;4.76653344;5.728882333;6.820405573;7.427525008;7.311268095;8.41570877;7.401690139;8.215488531;7.62128653;7.433983726;7.679414987;8.570717988;8.758020793;9.468479706;9.468479706;8.874277706;5.974313594;4.96675368;4.579230636;3.113101786;5.154056484;5.612625419;5.567414398;6.846240443;6.523304573;7.169176313;7.233763487;8.506130814;7.414607574;7.427525008;6.723524812;6.38121279;5.948478724;6.264955877;5.967854876;6.142240246;7.195011182;7.479194748;6.70414866;7.453359878;7.278974508;7.789213183;6.484552268;4.856955484;4.379010396;3.371450482;2.88058796;4.695487549;4.178790157;5.328441854;6.368295355;7.963598553;6.904368899;6.549139442;6.736442247;6.35537792;6.646020203;6.613726616;7.918387531;7.033543247;7.537323204;7.866717792;8.422167488;8.460919792;8.958241032;6.387671507;4.372551679;5.580331832;4.398386548;3.190606395;5.380111593;5.031340854;7.97005727;6.794570703;6.872075312;8.196112379;7.098130421;8.015268292;8.422167488;6.865616595;7.304809378;7.02708453;4.366092962;7.169176313;6.064735637;8.215488531;9.274718184;7.2014699;7.892552661;6.090570507;5.393029028;5.425322615;3.591046874;3.100184351;5.754717202;4.579230636;8.480295944;9.281176902;6.562056877;4.566313201;4.185248874;3.397285352;9.300553054;2.525358503;4.805285745;6.820405573;7.098130421;7.065836834;8.854901554;9.649323794;8.674057466;8.047561879;7.395231421;7.608369096;5.541579528;5.825763094;4.76653344;3.842936852;3.539377134;4.714863701;5.024882136;5.347818006;7.899011379;6.258497159;7.278974508;7.291891943;6.788111986;6.497469703;6.200368703;6.245579725;6.523304573;6.426423812;7.123965291;7.744002161;9.319929206;9.371598945;7.989433422;7.679414987;4.798827027;4.863414201;4.895707788;3.978569918;5.283230832;6.077653072;5.296148267;5.88389155;6.587891747;8.170277509;6.542680725;7.763378313;7.569616791;5.192808789;5.870974115;5.929102572;6.239121007;5.341359289;7.459818595;7.240222204;8.428626205;9.106791532;6.437280448
J171;0.1;2.938810941;2.26086302;2.372817723;1.757066859;1.614013628;1.327907166;1.974756558;2.295071401;2.758439476;3.284004607;3.576330775;3.520353423;4.05213826;3.563891363;3.955732822;3.66962636;3.579440627;3.697615036;4.126774729;4.216960461;4.559044274;4.559044274;4.272937812;2.876613884;2.39147684;2.204885669;1.498949072;2.481662572;2.702462124;2.680693154;3.296444018;3.140951376;3.451936661;3.483035189;4.0956762;3.570111069;3.576330775;3.237356814;3.072534613;2.864174472;3.016557262;2.873504031;2.957470058;3.464376072;3.601209597;3.228027256;3.588770186;3.504804159;3.750482534;3.122292259;2.338609341;2.108480231;1.623343186;1.38699437;2.26086302;2.012074792;2.565628599;3.066314908;3.834448561;3.324432694;3.153390787;3.24357652;3.060095202;3.20003858;3.184489316;3.812679591;3.386629751;3.629198273;3.787800768;4.055248113;4.07390723;4.313365899;3.075644466;2.105370378;2.68691286;2.117809789;1.536267307;2.590507422;2.422575368;3.837558414;3.271565195;3.30888343;3.946403263;3.417728279;3.859327384;4.055248113;3.305773577;3.51724357;3.383519898;2.102260525;3.451936661;2.920151824;3.955732822;4.465748689;3.467485925;3.80024018;2.932591235;2.596727128;2.612276392;1.729078183;1.492729367;2.770878887;2.204885669;4.083236789;4.468858542;3.159610493;2.198665963;2.015184645;1.635782598;4.4781881;1.215952463;2.313730518;3.284004607;3.417728279;3.402179015;4.263608254;4.646120154;4.176532374;3.874876648;3.56078151;3.663406654;2.668253743;2.805087268;2.295071401;1.850362444;1.70419936;2.270192579;2.419465515;2.574958158;3.803350032;3.013447409;3.504804159;3.511023865;3.268455343;3.128511964;2.985458734;3.007227703;3.140951376;3.094303583;3.430167691;3.728713564;4.487517659;4.512396482;3.846887972;3.697615036;2.310620666;2.341719194;2.357268458;1.915669354;2.543859629;2.926371529;2.550079335;2.833075944;3.172049904;3.933963852;3.150280934;3.738043123;3.644747537;2.500321689;2.826856238;2.854844914;3.004117851;2.571848305;3.591880039;3.486145042;4.058357966;4.384892515;3.099531021
J172;0.1;2.391372863;1.839712245;1.930812163;1.429762611;1.31335716;1.080546257;1.606901342;1.867548331;2.244600772;2.672264278;2.910136288;2.864586329;3.297310942;2.900014075;3.21886379;2.986052887;2.912666841;3.008827867;3.358044221;3.431430267;3.709791129;3.709791129;3.476980226;2.340761797;1.945995483;1.794162285;1.219726688;2.019381529;2.199050812;2.181336939;2.682386492;2.555858827;2.808914156;2.834219689;3.332738688;2.905075181;2.910136288;2.634305979;2.500186654;2.330639584;2.454636695;2.338231244;2.406556183;2.819036369;2.930380714;2.626714319;2.920258501;2.851933562;3.051847273;2.540675507;1.902976077;1.715715133;1.320948819;1.128626769;1.839712245;1.637267981;2.087706468;2.495125548;3.120172211;2.705161471;2.56598104;2.639367086;2.490064441;2.60393934;2.591286573;3.102458338;2.755772537;2.953155694;3.082213912;3.299841495;3.315024815;3.509877419;2.502717208;1.71318458;2.186398046;1.723306793;1.250093327;2.107950894;1.971301016;3.122702765;2.662142065;2.692508705;3.21127213;2.78107807;3.140416638;3.299841495;2.689978152;2.862055775;2.753241984;1.710654027;2.808914156;2.376189543;3.21886379;3.63387453;2.821566923;3.092336125;2.386311756;2.113012;2.125664767;1.406987631;1.214665581;2.254722985;1.794162285;3.322616475;3.636405083;2.571042147;1.789101179;1.639798534;1.331071033;3.643996743;0.989446338;1.882731651;2.672264278;2.78107807;2.768425304;3.469388566;3.780646621;3.398533074;3.153069404;2.897483522;2.98099178;2.171214726;2.282559071;1.867548331;1.50567921;1.386743205;1.847303905;1.968770463;2.095298127;3.094866679;2.452106142;2.851933562;2.856994669;2.659611512;2.545736614;2.429331162;2.447045035;2.555858827;2.517900528;2.791200283;3.034133399;3.651588403;3.67183283;3.130294425;3.008827867;1.880201097;1.90550663;1.918159397;1.558820829;2.069992594;2.38125065;2.075053701;2.305334051;2.58116436;3.201149917;2.563450487;3.041725059;2.965808461;2.034564848;2.300272944;2.323047924;2.444514482;2.092767574;2.922789055;2.836750243;3.302372049;3.568080145;2.522154204
J173;0.1;2.567471825;1.975187319;2.07299577;1.535049292;1.410071828;1.160116899;1.72523239;2.005073235;2.409891544;2.869047881;3.124436612;3.075532387;3.540122527;3.113569007;3.455898583;3.205943654;3.127153514;3.230395767;3.605328161;3.684118301;3.982977455;3.982977455;3.733022526;2.513133797;2.089297178;1.926283094;1.309546476;2.168087319;2.360987318;2.341969009;2.879915486;2.744070416;3.015760556;3.04292957;3.578159147;3.11900281;3.124436612;2.82829436;2.684298585;2.502266191;2.63539436;2.510416896;2.583773233;3.026628162;3.146171824;2.820143655;3.135304218;3.06194788;3.276583091;2.727769008;2.043109854;1.842059151;1.418222532;1.211738025;1.975187319;1.757835207;2.241443657;2.678864782;3.349939429;2.904367599;2.754938022;2.833728162;2.67343098;2.795691543;2.782107036;3.330921119;2.958705627;3.170623936;3.309185908;3.542839428;3.559140837;3.768342245;2.687015487;1.839342249;2.347402811;1.850209855;1.342149293;2.263178868;2.116466192;3.35265633;2.858180275;2.890783092;3.447747879;2.985874641;3.37167464;3.542839428;2.88806619;3.072815486;2.955988725;1.836625348;3.015760556;2.551170417;3.455898583;3.901470413;3.029345063;3.320053513;2.562038022;2.268612671;2.282197178;1.51059718;1.304112673;2.420759149;1.926283094;3.567291541;3.904187315;2.760371825;1.920849291;1.760552109;1.429090137;3.912338019;1.062308448;2.021374643;2.869047881;2.985874641;2.972290134;3.724871822;4.059050695;3.648798583;3.385259147;3.110852105;3.200509852;2.331101403;2.450645065;2.005073235;1.616556334;1.488861968;1.983338024;2.113749291;2.249594361;3.322770415;2.632677459;3.06194788;3.067381683;2.855463374;2.73320281;2.608225346;2.627243656;2.744070416;2.703316895;2.996742246;3.257564781;3.920488723;3.942223934;3.360807034;3.230395767;2.018657742;2.045826756;2.059411263;1.673611264;2.222425347;2.556604219;2.22785915;2.475097177;2.77123943;3.436880274;2.75222112;3.265715485;3.184208443;2.184388727;2.469663374;2.494115487;2.624526754;2.24687746;3.138021119;3.045646472;3.54555633;3.830830977;2.70788381
J175;0.1;4.753395899;3.65684531;3.837927059;2.841977442;2.610595208;2.147830739;3.194080842;3.712175845;4.461653082;5.31173129;5.784555855;5.694014981;6.554153287;5.764435661;6.398221781;5.935457313;5.789585904;5.98072775;6.674874452;6.820745861;7.374051204;7.374051204;6.911286735;4.652794927;3.86810735;3.566304436;2.424483411;4.013978759;4.371112207;4.335901867;5.331851484;5.080349056;5.583353913;5.633654398;6.624573967;5.774495758;5.784555855;5.236280561;4.969687987;4.632674733;4.879147113;4.647764879;4.78357619;5.603474107;5.824796244;5.221190416;5.80467605;5.668864738;6.066238575;5.050168764;3.782596525;3.41037293;2.625685354;2.243401662;3.65684531;3.254441425;4.14979007;4.95962789;6.202049887;5.377121921;5.10046925;5.246340658;4.949567793;5.175919978;5.150769736;6.166839547;5.477722893;5.870066681;6.126599158;6.559183335;6.589363627;6.976677367;4.974718036;3.405342882;4.345961964;3.425463076;2.484843994;4.190030459;3.918407836;6.207079935;5.291611096;5.351971678;6.383131635;5.528023378;6.242290275;6.559183335;5.34694163;5.688984933;5.472692844;3.400312833;5.583353913;4.723215607;6.398221781;7.223149746;5.608504155;6.146719352;4.743335801;4.200090556;4.225240799;2.796707005;2.414423314;4.481773276;3.566304436;6.604453772;7.228179795;5.110529347;3.556244339;3.259471473;2.645805548;7.243269941;1.966748991;3.742356136;5.31173129;5.528023378;5.502873136;6.896196589;7.514892563;6.755355229;6.267440518;5.759405613;5.925397215;4.315781673;4.53710381;3.712175845;2.992878899;2.756466616;3.671935456;3.913377787;4.164880216;6.151749401;4.874117064;5.668864738;5.678924835;5.286581047;5.060228861;4.828846627;4.864056967;5.080349056;5.004898327;5.548143573;6.031028235;7.258360086;7.298600475;6.222170081;5.98072775;3.737326087;3.787626573;3.812776816;3.098509919;4.11457973;4.733275704;4.124639827;4.582374247;5.130649541;6.363011441;5.095439201;6.046118381;5.895216924;4.04415905;4.57231415;4.617584587;4.859026919;4.159850167;5.809706098;5.638684447;6.564213384;7.092368484;5.013353475
J177;0.1;1.760989621;1.354750746;1.421836065;1.052866811;0.967146681;0.795706422;1.183310486;1.375249038;1.652907719;1.967836021;2.143003243;2.109460584;2.428115848;2.135549319;2.370347935;2.198907676;2.144866724;2.215679005;2.472839394;2.526880346;2.731863265;2.731863265;2.560423005;1.72372;1.433016951;1.321208086;0.898197881;1.487057903;1.619365059;1.606320692;1.975289946;1.882115892;2.068464;2.087098811;2.454204584;2.139276281;2.143003243;1.939883805;1.841119308;1.716266076;1.807576649;1.721856519;1.772170508;2.075917924;2.157911092;1.934293362;2.150457167;2.100143178;2.247358184;1.870935005;1.401337773;1.263440173;0.972737124;0.831112562;1.354750746;1.205672259;1.537371892;1.837392346;2.297672173;1.992061276;1.889569816;1.943610767;1.833665384;1.917522032;1.908204627;2.284627805;2.029330897;2.174682421;2.269719957;2.42997933;2.441160216;2.584648259;1.842982789;1.261576692;1.610047654;1.269030616;0.920559654;1.55227974;1.451651762;2.299535654;1.960382097;1.98274387;2.364757492;2.047965708;2.312580021;2.42997933;1.980880389;2.107597103;2.027467416;1.259713211;2.068464;1.749808735;2.370347935;2.675958832;2.077781405;2.277173881;1.757262659;1.556006703;1.565324108;1.036095481;0.894470919;1.660361643;1.321208086;2.446750659;2.677822313;1.893296778;1.317481124;1.20753574;0.980191049;2.683412757;0.728621103;1.386429924;1.967836021;2.047965708;2.038648303;2.554832562;2.784040735;2.502655092;2.321897427;2.133685838;2.195180713;1.598866767;1.680859935;1.375249038;1.108771243;1.021187632;1.360341189;1.449788281;1.542962335;2.279037362;1.805713167;2.100143178;2.10387014;1.958518616;1.874661967;1.788941838;1.801986205;1.882115892;1.854163676;2.055419632;2.234313816;2.6890032;2.703911048;2.305126097;2.215679005;1.384566443;1.403201254;1.412518659;1.147904346;1.524327524;1.753535697;1.528054486;1.697631265;1.900750703;2.357303567;1.887706335;2.239904259;2.183999827;1.498238789;1.693904303;1.710675632;1.800122724;1.541098854;2.152320648;2.088962292;2.431842811;2.627508324;1.857296052
J179;0.1;1.468767431;1.129940658;1.185893703;0.878151956;0.806656398;0.663665283;0.986949543;1.147037422;1.378620858;1.641289319;1.787388937;1.759412414;2.025189378;1.781171932;1.977007589;1.834016474;1.788943188;1.848004736;2.062491408;2.107564694;2.278532332;2.278532332;2.135541217;1.437682406;1.195219211;1.101964136;0.749149102;1.240292497;1.350644336;1.339764577;1.647506324;1.569793762;1.725218887;1.740761399;2.046948895;1.784280434;1.787388937;1.617975551;1.535600234;1.431465401;1.507623712;1.436128154;1.478092938;1.731435892;1.799822947;1.613312797;1.793605942;1.751641158;1.874427007;1.560468254;1.16879694;1.053782347;0.811319152;0.693196057;1.129940658;1.005600558;1.282257281;1.532491732;1.916391791;1.661494586;1.576010767;1.621084053;1.529383229;1.599324536;1.591553279;1.905512032;1.692579611;1.813811208;1.893078022;2.026743629;2.036069137;2.155746483;1.537154486;1.052228096;1.342873079;1.058445101;0.767800117;1.294691291;1.210761723;1.917946042;1.635072314;1.653723329;1.972344835;1.708122123;1.928825801;2.026743629;1.652169078;1.757858163;1.691025359;1.050673845;1.725218887;1.459441923;1.977007589;2.231904794;1.732990143;1.899295027;1.465658928;1.297799793;1.305571049;0.864163695;0.7460406;1.384837863;1.101964136;2.04073189;2.233459045;1.579119269;1.098855633;1.00715481;0.817536157;2.238121799;0.607712239;1.15636293;1.641289319;1.708122123;1.700350867;2.130878463;2.322051367;2.087359428;1.936597057;1.779617681;1.830907972;1.333547572;1.401934627;1.147037422;0.924779493;0.851729685;1.134603412;1.209207472;1.286920035;1.900849278;1.506069461;1.751641158;1.754749661;1.633518063;1.563576757;1.492081199;1.502960958;1.569793762;1.546479993;1.714339128;1.863547248;2.242784553;2.255218563;1.922608796;1.848004736;1.154808678;1.170351191;1.178122447;0.95741877;1.271377522;1.462550426;1.274486025;1.415922888;1.585336274;1.96612783;1.574456516;1.868210002;1.821582464;1.249618005;1.412814386;1.426802647;1.501406707;1.285365783;1.795160193;1.742315651;2.02829788;2.191494262;1.549092577
J180;0.1;1.74184843;1.340025194;1.406381325;1.041422606;0.956634217;0.787057439;1.170448416;1.360300679;1.634941331;1.9464465;2.11970973;2.086531664;2.401723285;2.112336826;2.344583283;2.175006505;2.121552955;2.191595538;2.445960705;2.499414255;2.702169099;2.702169099;2.53259232;1.704983913;1.41744068;1.306847129;0.888434861;1.47089423;1.601763265;1.588860684;1.953819403;1.86165811;2.045980696;2.064412954;2.427528447;2.116023278;2.11970973;1.918798112;1.821107142;1.69761101;1.787929076;1.703140687;1.752907785;2.053353599;2.134455536;1.913268434;2.127082633;2.077315535;2.222930377;1.850598755;1.386105841;1.249707128;0.962163895;0.82207873;1.340025194;1.192567126;1.520661328;1.81742069;2.272697475;1.970408436;1.869031014;1.922484563;1.813734238;1.896679402;1.887463272;2.259794894;2.007272953;2.151044569;2.245049087;2.403566511;2.414625866;2.556554256;1.822950367;1.247863902;1.592547136;1.255236805;0.910553571;1.535407135;1.435872939;2.274540701;1.939073596;1.961192306;2.339053606;2.025705211;2.287443282;2.403566511;1.95934908;2.084688438;2.005429727;1.246020676;2.045980696;1.730789075;2.344583283;2.646872323;2.055196825;2.252421991;1.738161978;1.539093586;1.548309716;1.024833574;0.884748409;1.642314234;1.306847129;2.420155543;2.648715549;1.872717465;1.303160677;1.194410352;0.969536798;2.654245227;0.720701308;1.371360034;1.9464465;2.025705211;2.016489082;2.527062643;2.753779423;2.475452319;2.296659411;2.1104936;2.171320053;1.581487781;1.662589718;1.360300679;1.096719382;1.010087767;1.345554872;1.434029713;1.526191005;2.254265217;1.78608585;2.077315535;2.081001987;1.93723037;1.854285207;1.769496818;1.782399399;1.86165811;1.834009723;2.033078115;2.210027796;2.659774904;2.674520711;2.280070379;2.191595538;1.369516808;1.387949066;1.397165196;1.135427125;1.507758747;1.734475527;1.511445198;1.679178751;1.880090369;2.331680703;1.867187788;2.215557474;2.160260698;1.481953585;1.675492299;1.692081332;1.780556173;1.524347779;2.128925859;2.06625618;2.405409737;2.598948451;1.837108052
J181;0.1;2.421998769;1.863273127;1.955539747;1.448073338;1.330177102;1.094384629;1.627480654;1.891465706;2.273346993;2.706487514;2.94740591;2.9012726;3.339539044;2.937154063;3.260087232;3.02429476;2.949968871;3.047361414;3.401050124;3.475376012;3.757301794;3.757301794;3.521509322;2.370739536;1.970917517;1.817139817;1.23534752;2.045243405;2.227213683;2.209272951;2.71673936;2.588591277;2.844887443;2.87051706;3.375420507;2.942279986;2.94740591;2.668043089;2.532206121;2.360487689;2.486072811;2.368176574;2.437376539;2.85513929;2.967909603;2.660354204;2.957657756;2.888457792;3.090931763;2.573213507;1.927347169;1.737688006;1.337865987;1.143080901;1.863273127;1.658236194;2.11444337;2.527080197;3.160131728;2.739806015;2.598843124;2.673169012;2.521954274;2.637287549;2.62447274;3.142190996;2.791065248;2.990976258;3.121687303;3.342102005;3.357479775;3.554827823;2.534769082;1.735125044;2.214398875;1.745376891;1.26610306;2.134947063;1.996547134;3.162694689;2.696235667;2.726991207;3.252398347;2.816694865;3.180635421;3.342102005;2.724428245;2.898709638;2.788502287;1.732562083;2.844887443;2.406620999;3.260087232;3.680412945;2.857702252;3.131939149;2.416872846;2.140072987;2.152887795;1.425006683;1.230221597;2.28359884;1.817139817;3.36516866;3.682975906;2.603969047;1.812013894;1.660799156;1.348117833;3.690664791;1.002118009;1.906843475;2.706487514;2.816694865;2.803880057;3.513820437;3.829064721;3.44205751;3.193450229;2.934591101;3.019168836;2.199021105;2.311791418;1.891465706;1.524962188;1.40450299;1.870962012;1.993984172;2.122132255;3.134502111;2.483509849;2.888457792;2.893583715;2.693672705;2.578339431;2.460443194;2.478383926;2.588591277;2.550146852;2.826946712;3.072991031;3.698353676;3.71885737;3.170383574;3.047361414;1.904280514;1.92991013;1.942724939;1.578784383;2.096502638;2.411746923;2.101628562;2.334858073;2.614220894;3.242146501;2.596280162;3.080679916;3.003791066;2.060621175;2.329732149;2.352798804;2.475820964;2.119569293;2.960220718;2.873080022;3.344664967;3.613775941;2.554455005
J1025;0.1;9.834744212;7.565988405;7.940645327;5.880032254;5.401303964;4.443847385;6.608531825;7.680466909;9.231130282;10.98993639;11.96820724;11.78087878;13.56049916;11.9265787;13.23787792;12.28042134;11.97861438;12.37408557;13.81027044;14.11207741;15.25686245;15.25686245;14.29940587;9.626601478;8.003088147;7.378659943;5.016239905;8.304895113;9.043801821;8.970951863;11.03156494;10.5112081;11.55192177;11.65599314;13.70619908;11.94739297;11.96820724;10.83382934;10.28225109;9.584972931;10.09492263;9.616194341;9.897187033;11.59355032;12.05146434;10.80260793;12.00983579;11.7288431;12.5510069;10.44876528;7.826166823;7.056038705;5.432525374;4.641582983;7.565988405;6.733417466;8.585887804;10.26143682;12.83199959;11.12522917;10.55283665;10.85464361;10.24062254;10.7089437;10.65690801;12.75914963;11.3333719;12.14512857;12.67589254;13.5709063;13.63334912;14.43469865;10.29265823;7.045631568;8.991766137;7.087260115;5.141125546;8.669144898;8.107159515;12.84240673;10.94830784;11.07319348;13.20665651;11.43744327;12.91525669;13.5709063;11.06278635;11.77047164;11.32296476;7.035224431;11.55192177;9.772301392;13.23787792;14.94464835;11.60395746;12.71752109;9.813929939;8.689959172;8.741994855;5.786368023;4.995425632;9.272758829;7.378659943;13.66457053;14.95505548;10.57365092;7.35784567;6.743824603;5.474153921;14.98627689;4.069190462;7.742909729;10.98993639;11.43744327;11.38540759;14.26818446;15.54826228;13.97678463;12.96729237;11.91617156;12.25960707;8.929323316;9.387237333;7.680466909;6.192246356;5.703110929;7.597209815;8.096752378;8.617109215;12.72792822;10.08451549;11.7288431;11.74965737;10.93790071;10.46957955;9.990851263;10.06370122;10.5112081;10.35510105;11.47907182;12.47815694;15.01749831;15.1007554;12.87362814;12.37408557;7.732502592;7.83657396;7.888609643;6.410796227;8.513037847;9.793115665;8.533852121;9.480901563;10.61527947;13.16502797;10.54242951;12.50937835;12.19716425;8.367337933;9.46008729;9.55375152;10.05329408;8.606702078;12.02024293;11.66640028;13.58131344;14.67406279;10.37259469
J186;0.1;1.04128082;0.801070006;0.840737847;0.622564723;0.571878037;0.470504667;0.699696635;0.813190735;0.977371521;1.163589995;1.267167135;1.247333215;1.435755458;1.262759597;1.40159704;1.300223669;1.26826902;1.310140629;1.462200685;1.494155335;1.615362626;1.615362626;1.513989255;1.01924313;0.847349154;0.781236086;0.531108312;0.879303803;0.9575376;0.949824409;1.167997533;1.11290331;1.223091756;1.234110601;1.451181841;1.264963366;1.267167135;1.147061728;1.088661852;1.014835593;1.068827931;1.018141246;1.047892126;1.227499294;1.275982211;1.143756075;1.271574673;1.241823792;1.328872665;1.106292003;0.828617118;0.747077667;0.575183691;0.491440472;0.801070006;0.712919249;0.909054684;1.086458083;1.358623546;1.177914493;1.117310848;1.149265497;1.084254314;1.133839115;1.128329692;1.350910354;1.199952183;1.285899171;1.342095279;1.436857343;1.443468649;1.528313753;1.089763736;0.745975783;0.952028178;0.750383321;0.544330926;0.91786976;0.858367998;1.35972543;1.159182457;1.172405071;1.398291386;1.210971027;1.367438621;1.436857343;1.171303187;1.24623133;1.198850298;0.744873899;1.223091756;1.034669513;1.40159704;1.582306092;1.228601179;1.346502817;1.039077051;0.920073528;0.925582951;0.612647763;0.528904543;0.981779059;0.781236086;1.446774303;1.583407977;1.119514617;0.779032317;0.714021133;0.579591229;1.58671363;0.430836826;0.819802042;1.163589995;1.210971027;1.205461605;1.510683602;1.646215391;1.479830837;1.372948044;1.261657713;1.2980199;0.945416871;0.993899788;0.813190735;0.655621257;0.603832687;0.80437566;0.857266114;0.912360337;1.347604701;1.067726047;1.241823792;1.244027561;1.158080573;1.108495772;1.057809087;1.065522278;1.11290331;1.096375043;1.215378565;1.321159474;1.590019283;1.598834359;1.363031084;1.310140629;0.818700158;0.829719002;0.835228425;0.678760831;0.901341493;1.036873282;0.903545262;1.003816748;1.123922155;1.393883849;1.116208963;1.324465127;1.291408593;0.88591511;1.001612979;1.011529939;1.064420393;0.911258453;1.272676557;1.235212486;1.437959227;1.553657096;1.098227231
J187;0.1;1.852867341;1.425433393;1.496018816;1.107798992;1.017606508;0.837221539;1.245048425;1.447001161;1.739146382;2.070505727;2.254812108;2.219519397;2.554800154;2.246969283;2.494018262;2.313633293;2.256772814;2.331279649;2.601857102;2.658717581;2.874395261;2.874395261;2.694010292;1.813653217;1.507783053;1.390140682;0.945060379;1.564643532;1.703853671;1.690128728;2.078348552;1.980313243;2.176383861;2.195990923;2.58225004;2.250890696;2.254812108;2.041095134;1.937177707;1.805810393;1.901884995;1.811692511;1.864631578;2.184226685;2.270497757;2.035213016;2.262654933;2.209715866;2.364611654;1.968549006;1.474451048;1.329358791;1.023488626;0.874474957;1.425433393;1.268576899;1.617582599;1.933256294;2.417550721;2.095994907;1.988156067;2.045016547;1.929334882;2.01756666;2.007763129;2.403825778;2.135209031;2.288144113;2.388140128;2.55676086;2.568525097;2.719499473;1.939138413;1.327398084;1.69405014;1.335240909;0.968588853;1.633268249;1.527390115;2.419511427;2.062662902;2.086191376;2.488136143;2.154816093;2.43323637;2.55676086;2.08423067;2.217558691;2.133248325;1.325437378;2.176383861;1.841103104;2.494018262;2.815574076;2.186187392;2.395982953;1.848945929;1.637189661;1.646993192;1.090152637;0.941138967;1.746989207;1.390140682;2.574407215;2.817534782;1.99207748;1.38621927;1.270537605;1.031331451;2.8234169;0.766636117;1.458765399;2.070505727;2.154816093;2.145012562;2.688128174;2.929295034;2.633228401;2.443039901;2.245008577;2.309711881;1.682285903;1.768556975;1.447001161;1.166620178;1.074466987;1.431315512;1.525429409;1.623464718;2.397943659;1.899924289;2.209715866;2.213637278;2.060702196;1.972470418;1.882277934;1.896002877;1.980313243;1.95090265;2.162658917;2.350886711;2.829299019;2.844984668;2.425393546;2.331279649;1.456804692;1.476411754;1.486215285;1.207795007;1.603857656;1.845024516;1.607779068;1.786203331;1.999920304;2.480293319;1.986195361;2.356768829;2.297947644;1.576407769;1.782281918;1.799928274;1.894042171;1.621504012;2.264615639;2.197951629;2.558721566;2.764595715;1.954198455
J408;0.1;1.896254042;1.45881131;1.53104956;1.133739189;1.041434759;0.8568259;1.274202451;1.480884109;1.779870196;2.118988643;2.307610739;2.271491614;2.614623298;2.299584266;2.552418139;2.36780928;2.309617357;2.385868842;2.662782131;2.720974053;2.941702037;2.941702037;2.757093178;1.856121681;1.543089268;1.422692186;0.967189892;1.601281191;1.743751071;1.729704745;2.127015116;2.026684214;2.227346017;2.247412198;2.64271595;2.303597503;2.307610739;2.088889373;1.982538617;1.848095209;1.946419493;1.854115063;1.90829375;2.235372489;2.323663683;2.082869519;2.315637211;2.261458524;2.419981348;2.014644506;1.508976761;1.360487027;1.047454614;0.894951643;1.45881131;1.298281868;1.655459878;1.978525381;2.474160035;2.145074678;2.034710686;2.092902609;1.974512145;2.064809957;2.054776866;2.460113709;2.185207039;2.341723245;2.444060765;2.616629916;2.628669624;2.783179213;1.984545235;1.358480409;1.733717981;1.366506881;0.991269309;1.671512822;1.563155448;2.476166653;2.110962171;2.135041588;2.546398285;2.205273219;2.49021298;2.616629916;2.13303497;2.269484996;2.18320042;1.356473791;2.227346017;1.884214333;2.552418139;2.881503496;2.237379107;2.452087237;1.892240806;1.675526058;1.685559148;1.115679627;0.963176656;1.787896668;1.422692186;2.634689478;2.883510114;2.038723922;1.41867895;1.300288486;1.055481086;2.889529968;0.784587651;1.492923817;2.118988643;2.205273219;2.195240129;2.751073324;2.997887342;2.694888019;2.50024607;2.297577648;2.363796044;1.721678273;1.809969466;1.480884109;1.19393773;1.099626682;1.464831164;1.56114883;1.661479732;2.454093855;1.944412875;2.261458524;2.26547176;2.108955553;2.018657742;1.926353312;1.940399638;2.026684214;1.996584943;2.213299691;2.405935022;2.895549822;2.911602767;2.482186507;2.385868842;1.490917199;1.510983379;1.521016469;1.236076709;1.641413551;1.88822757;1.645426788;1.828029029;2.046750394;2.538371812;2.032704068;2.411954876;2.351756335;1.613320899;1.824015792;1.842075355;1.93839302;1.659473114;2.317643829;2.249418816;2.618636534;2.829331427;1.999957923
J192;0.1;4.09493891;3.150286336;3.306284009;2.448296808;2.248966449;1.85030573;2.751625617;3.197952291;3.843609326;4.575931734;4.983258991;4.905260154;5.6462491;4.965925916;5.511917771;5.113257051;4.987592259;5.152256469;5.750247548;5.87591234;6.352571896;6.352571896;5.953911177;4.008273536;3.332283621;3.072287499;2.088635507;3.457948413;3.765610489;3.735277609;4.593264809;4.376601374;4.809928243;4.85326093;5.706914861;4.974592453;4.983258991;4.510932704;4.281269463;3.990940461;4.203270627;4.003940267;4.120938522;4.827261318;5.01792514;4.497932898;5.000592065;4.883593811;5.225922037;4.350601762;3.258618053;2.93795617;2.261966255;1.932637835;3.150286336;2.803624841;3.574946667;4.272602926;5.342920292;4.632264227;4.393934449;4.519599241;4.263936389;4.458933479;4.437267136;5.312587411;4.718929601;5.056924558;5.277921261;5.650582369;5.676581981;6.01024367;4.285602732;2.933622901;3.743944146;2.950955976;2.140634732;3.609612817;3.375616308;5.34725356;4.558598659;4.610597884;5.498917964;4.762262288;5.377586441;5.650582369;4.606264615;4.900926886;4.714596332;2.929289633;4.809928243;4.068939298;5.511917771;6.222573835;4.831594587;5.295254336;4.086272372;3.618279354;3.639945698;2.40929739;2.07996897;3.860942401;3.072287499;5.689581787;6.226907104;4.402600987;3.063620962;2.80795811;2.27929933;6.23990691;1.694308057;3.223951904;4.575931734;4.762262288;4.740595944;5.940911371;6.473903419;5.819579847;5.399252785;4.961592647;5.104590514;3.717944534;3.908608356;3.197952291;2.578294869;2.374631241;3.163286142;3.371283039;3.587946473;5.299587605;4.198937358;4.883593811;4.892260348;4.554265391;4.3592683;4.15993794;4.190270821;4.376601374;4.311602344;4.779595362;5.195589156;6.252906716;6.287572866;5.360253366;5.152256469;3.219618635;3.262951322;3.284617665;2.669293512;3.544613786;4.077605835;3.553280324;3.947607774;4.419934061;5.48158489;4.38960118;5.208588962;5.078590902;3.483948025;3.938941237;3.977940655;4.185937552;3.583613205;5.004925334;4.857594199;5.654915637;6.109908849;4.318886255
J194;0.1;2.652969147;2.04096145;2.142026941;1.586166739;1.4570275;1.198749022;1.782682972;2.071842572;2.490141411;2.964587745;3.228480973;3.177948227;3.658009311;3.217251474;3.570980693;3.312702216;3.231288347;3.337968588;3.725386305;3.806800173;4.115611397;4.115611397;3.857332919;2.596821652;2.15887119;1.990428704;1.353154634;2.240285058;2.439608665;2.419957042;2.975817244;2.835448506;3.116185982;3.14425973;3.697312557;3.222866223;3.228480973;2.922477124;2.773686262;2.585592153;2.723153516;2.594014277;2.669813396;3.127415481;3.250939971;2.914055;3.239710472;3.163911353;3.385693959;2.818604258;2.111145819;1.903400087;1.465449624;1.252089142;2.04096145;1.816371469;2.316084176;2.768071512;3.461493078;3.001083617;2.846678006;2.928091874;2.762456763;2.888788627;2.874751753;3.441841454;3.057231112;3.276206344;3.419382456;3.660816686;3.677660934;3.893828791;2.776493637;1.900592712;2.425571792;1.911822211;1.386843131;2.338543174;2.186944937;3.464300452;2.953358246;2.987046743;3.562558569;3.08530486;3.483952076;3.660816686;2.984239369;3.175140852;3.054423738;1.897785337;3.116185982;2.636124899;3.570980693;4.031390154;3.130222856;3.430611955;2.647354398;2.344157924;2.358194797;1.560900366;1.347539884;2.50137091;1.990428704;3.686083058;4.034197529;2.852292755;1.984813955;1.819178844;1.476679123;4.042619653;1.097683531;2.088686821;2.964587745;3.08530486;3.071267986;3.848910794;4.19421789;3.770304301;3.49798895;3.214444099;3.307087466;2.408727543;2.532252033;2.071842572;1.670387982;1.538441368;2.049383574;2.184137562;2.3245063;3.43341933;2.720346141;3.163911353;3.169526103;2.950550872;2.824219007;2.695079769;2.714731392;2.835448506;2.793337885;3.096534359;3.366042336;4.051041777;4.073500775;3.472722577;3.337968588;2.085879446;2.113953193;2.127990067;1.729342851;2.296432553;2.641739648;2.302047302;2.557518405;2.863522254;3.55132907;2.843870631;3.37446446;3.290243217;2.257129306;2.551903656;2.577170029;2.711924017;2.321698926;3.242517847;3.147067105;3.66362406;3.95839841;2.798056879
J196;0.1;20.6201676;15.86334587;16.64887607;12.32846;11.32472697;9.317260917;13.85587982;16.10336899;19.35459118;23.04221904;25.09332566;24.70056056;28.43182898;25.00604452;27.7554002;25.74793415;25.11514594;25.9443167;28.95551578;29.58830399;31.98853514;31.98853514;29.98106909;20.18376194;16.77979776;15.47058077;10.51737649;17.41258598;18.96182608;18.8090841;23.12950017;22.03848601;24.22051433;24.43871716;28.73731295;25.04968509;25.09332566;22.71491479;21.55843978;20.09648081;21.16567468;20.16194166;20.7510893;24.30779546;25.26788792;22.64945394;25.18060679;24.59145914;26.31526151;21.90756431;16.40885295;14.794152;11.39018782;9.731846298;15.86334587;14.11772322;18.00173362;21.51479921;26.90440916;23.32588272;22.12576714;22.75855536;21.47115865;22.45307139;22.34396998;26.75166718;23.76228838;25.46427047;26.57710491;28.45364927;28.58457096;30.26473277;21.58026006;14.77233171;18.85272467;14.85961284;10.77921989;18.17629589;16.9980006;26.92622944;22.9549379;23.2167813;27.68993935;23.98049121;27.07897143;28.45364927;23.19496102;24.67874028;23.7404681;14.75051143;24.22051433;20.48924591;27.7554002;31.33392665;24.32961574;26.66438604;20.57652704;18.21993645;18.32903787;12.13207745;10.47373593;19.44187231;15.47058077;28.65003181;31.35574693;22.16940771;15.42694021;14.1395435;11.47746895;31.42120778;8.531730723;16.23429069;23.04221904;23.98049121;23.8713898;29.91560824;32.59950307;29.30464031;27.18807284;24.98422424;25.70429358;18.72180297;19.68189543;16.10336899;12.98306849;11.95751518;15.92880672;16.97618031;18.06719447;26.68620633;21.1438544;24.59145914;24.63509971;22.93311762;21.95120488;20.94747185;21.10021383;22.03848601;21.71118176;24.06777235;26.16251953;31.48666863;31.66123089;26.99169029;25.9443167;16.2124704;16.43067323;16.53977465;13.44129444;17.84899164;20.53288647;17.89263221;19.87827798;22.25668884;27.60265822;22.10394686;26.22798038;25.57337189;17.54350768;19.83463741;20.03101996;21.07839355;18.04537419;25.20242707;24.46053744;28.47546955;30.76659928;18.35223838
J308;0.1;2.535569839;1.950644733;2.04723787;1.515975618;1.392551054;1.145701927;1.703795606;1.980159303;2.379947563;2.833398677;3.08561409;3.037317522;3.496134921;3.074881519;3.412957498;3.16610837;3.088297233;3.190256655;3.560530345;3.638341483;3.933487179;3.933487179;3.686638052;2.481906985;2.063336726;1.902348165;1.293274775;2.141147864;2.331650995;2.312868996;2.844131248;2.709974114;2.978288382;3.005119809;3.533698919;3.080247804;3.08561409;2.793151537;2.650944975;2.471174415;2.602648406;2.479223843;2.551668695;2.989020953;3.107079231;2.785102109;3.096346661;3.023901808;3.23587008;2.693875258;2.017723301;1.819170742;1.400600483;1.196681638;1.950644733;1.735993318;2.213592717;2.645578689;3.308314933;2.868279532;2.720706684;2.798517822;2.640212404;2.760953825;2.747538111;3.289532934;2.921942386;3.131227516;3.268067793;3.498818064;3.51491692;3.721518907;2.653628117;1.816487599;2.318235281;1.82722017;1.325472487;2.235057858;2.090168153;3.310998076;2.822666107;2.854863819;3.40490807;2.948773813;3.329780074;3.498818064;2.852180676;3.034634379;2.919259243;1.813804456;2.978288382;2.519470983;3.412957498;3.852992898;2.991704096;3.278800363;2.530203554;2.240424144;2.253839857;1.491827334;1.28790849;2.390680134;1.902348165;3.522966348;3.855676041;2.72607297;1.89698188;1.738676461;1.411333053;3.863725469;1.049108791;1.996258159;2.833398677;2.948773813;2.935358099;3.678588624;4.008615174;3.603460628;3.343195788;3.072198376;3.160742085;2.302136425;2.420194704;1.980159303;1.596469899;1.470362192;1.958694161;2.08748501;2.221642145;3.281483506;2.599965264;3.023901808;3.029268093;2.819982964;2.699241543;2.575816979;2.594598978;2.709974114;2.669726973;2.959506384;3.217088082;3.871774897;3.893240039;3.319047504;3.190256655;1.993575016;2.020406443;2.033822157;1.652815895;2.194810718;2.524837268;2.200177003;2.444342988;2.736805541;3.394175499;2.718023542;3.22513751;3.144643229;2.15724672;2.438976702;2.463124987;2.591915835;2.218959002;3.099029803;3.007802952;3.501501206;3.783231188;2.674237142
J200;0.1;1.589994977;1.223202485;1.283773722;0.950631918;0.873235337;0.718442175;1.068409323;1.241710363;1.492407984;1.776756292;1.934914522;1.904628904;2.192342281;1.928184385;2.140183715;1.985390553;1.936597057;2.000533363;2.232723105;2.281516602;2.466595382;2.466595382;2.311802221;1.55634429;1.293868928;1.192916866;0.810981565;1.342662425;1.462122365;1.450344625;1.783486429;1.699359711;1.867613148;1.884438491;2.215897762;1.931549454;1.934914522;1.751518276;1.662343955;1.549614152;1.632058336;1.554661755;1.600090183;1.874343285;1.948374797;1.746470673;1.94164466;1.896216232;2.029136447;1.689264505;1.265265844;1.140758301;0.87828294;0.750410328;1.223202485;1.088599736;1.388090853;1.658978886;2.074564875;1.798629239;1.706089848;1.754883345;1.655613817;1.731327864;1.722915192;2.062787134;1.832279926;1.963517607;2.049326859;2.194024815;2.204120021;2.333675167;1.664026489;1.139075767;1.453709693;1.145805904;0.831171977;1.401551128;1.310694272;2.076247409;1.770026154;1.790216567;2.135136112;1.84910527;2.08802515;2.194024815;1.788534032;1.902946369;1.830597392;1.137393232;1.867613148;1.579899771;2.140183715;2.416119351;1.87602582;2.056056997;1.586629908;1.404916197;1.413328869;0.935489108;0.807616496;1.499138121;1.192916866;2.209167624;2.417801886;1.709454917;1.189551798;1.09028227;0.885013077;2.422849489;0.657870938;1.251805569;1.776756292;1.84910527;1.840692598;2.306754618;2.513706345;2.259643655;2.096437822;1.926501851;1.982025485;1.443614487;1.517645999;1.241710363;1.001107949;0.922028833;1.228250088;1.309011738;1.393138456;2.057739531;1.630375802;1.896216232;1.899581301;1.76834362;1.692629573;1.615232993;1.627010733;1.699359711;1.674121695;1.855835407;2.017358706;2.427897092;2.441357367;2.081295012;2.000533363;1.250123035;1.266948379;1.27536105;1.03644117;1.376313112;1.58326484;1.379678181;1.532788809;1.716185055;2.128405975;1.704407314;2.022406309;1.971930278;1.352757631;1.52942374;1.544566549;1.625328199;1.391455922;1.943327194;1.886121026;2.195707349;2.372373458;1.676949914
J199;0.1;1.429208968;1.099507852;1.153953908;0.8545006;0.78493064;0.645790719;0.960367931;1.116144147;1.341490323;1.597084307;1.739249009;1.712025981;1.970644747;1.733199447;1.923760643;1.784620722;1.740761399;1.798232236;2.006942117;2.05080144;2.217164389;2.217164389;2.078024468;1.398961159;1.16302825;1.072284824;0.728972193;1.206887573;1.314267295;1.303680561;1.603133869;1.527514347;1.678753391;1.693877296;1.991818213;1.736224228;1.739249009;1.574398451;1.494241757;1.392911598;1.467018729;1.397448769;1.438283311;1.684802953;1.751348132;1.569861279;1.745298571;1.704464029;1.823942874;1.518440004;1.137317613;1.02540072;0.789467811;0.674526137;1.099507852;0.978516616;1.247722115;1.491216976;1.864777416;1.616745383;1.533563909;1.577423232;1.488192195;1.556249765;1.548687813;1.854190683;1.646993192;1.764959646;1.842091559;1.972157137;1.98123148;2.097685544;1.495754148;1.02388833;1.306705342;1.029937891;0.747120879;1.259821239;1.178152155;1.866289806;1.591034746;1.609183431;1.919223472;1.662117096;1.876876539;1.972157137;1.60767104;1.71051359;1.645480801;1.022375939;1.678753391;1.420134626;1.923760643;2.171792675;1.686315343;1.848141121;1.426184187;1.262846019;1.270407972;0.840889086;0.725947412;1.347539884;1.072284824;1.985768651;2.173305066;1.53658869;1.069260043;0.980029007;0.795517373;2.177842237;0.591344663;1.125218489;1.597084307;1.662117096;1.654555144;2.073487297;2.259511321;2.031140364;1.884438491;1.731687057;1.781595941;1.297631;1.364176179;1.116144147;0.899872313;0.828789962;1.104045023;1.176639764;1.252259286;1.849653511;1.465506339;1.704464029;1.70748881;1.589522355;1.521464785;1.451894825;1.462481558;1.527514347;1.50482849;1.668166658;1.813356141;2.182379409;2.194478532;1.870826977;1.798232236;1.123706099;1.138830003;1.146391955;0.931632513;1.237135382;1.423159406;1.240160163;1.377787693;1.542638251;1.91317391;1.532051518;1.817893312;1.772521599;1.215961916;1.374762912;1.388374426;1.460969167;1.250746896;1.746810961;1.695389686;1.973669527;2.132470524;1.507370709
J201;0.1;0.978752927;0.752966538;0.790252364;0.585180322;0.537537322;0.442251323;0.657680538;0.764359429;0.918681319;1.093717557;1.191074991;1.172432078;1.349539751;1.186932121;1.317432512;1.222146512;1.192110708;1.231467969;1.374396968;1.404432772;1.518361684;1.518361684;1.423075685;0.95803858;0.796466668;0.734323625;0.499215779;0.826502472;0.900038406;0.892788384;1.097860426;1.046074557;1.149646296;1.160003469;1.364039794;1.189003556;1.191074991;1.078181796;1.023288775;0.95389571;1.004645862;0.957002862;0.984967232;1.153789165;1.19936073;1.075074644;1.19521786;1.167253491;1.249075164;1.039860253;0.778859472;0.702216386;0.540644474;0.461929953;0.752966538;0.670109147;0.854466841;1.02121734;1.277039534;1.107181883;1.050217427;1.080253231;1.019145905;1.065753188;1.060574601;1.269789512;1.127896231;1.208682186;1.261503773;1.350575468;1.356789772;1.436540011;1.024324492;0.701180669;0.894859819;0.705323538;0.511644387;0.86275258;0.806823842;1.278075251;1.089574687;1.102003296;1.31432536;1.138253404;1.285325273;1.350575468;1.100967579;1.171396361;1.126860513;0.700144951;1.149646296;0.972538623;1.317432512;1.487290163;1.154824882;1.265646643;0.976681493;0.864824015;0.870002602;0.575858865;0.497144344;0.922824189;0.734323625;1.359896924;1.48832588;1.052288862;0.73225219;0.671144864;0.544787344;1.491433032;0.404965497;0.770573733;1.093717557;1.138253404;1.133074817;1.419968533;1.547361771;1.390968446;1.29050386;1.185896404;1.220075078;0.888645515;0.93421708;0.764359429;0.616251843;0.567573126;0.75607369;0.805788124;0.857573993;1.26668236;1.003610145;1.167253491;1.169324926;1.08853897;1.041931688;0.994288688;1.00153871;1.046074557;1.030538796;1.142396274;1.241825143;1.494540184;1.502825923;1.281182403;1.231467969;0.769538016;0.77989519;0.785073777;0.638001908;0.84721682;0.974610058;0.849288254;0.943538536;1.056431731;1.31018249;1.049181709;1.244932295;1.213860773;0.832716776;0.941467102;0.950788558;1.000502992;0.856538276;1.196253578;1.161039187;1.351611185;1.460361511;1.032279762
J202;0.1;3.504114131;2.695757644;2.829247706;2.095052364;1.924481729;1.583340459;2.354616374;2.736546274;3.289046809;3.915708489;4.264265874;4.197520843;4.831598638;4.249433644;4.716648862;4.375507592;4.267973931;4.408880108;4.920592012;5.028125674;5.436011974;5.436011974;5.094870705;3.429952985;2.851496049;2.629012612;1.78728361;2.959029711;3.222301778;3.196345377;3.930540718;3.745137854;4.115943582;4.153024155;4.88351144;4.256849759;4.264265874;3.86008763;3.663560594;3.415120756;3.596815563;3.426244928;3.526362475;4.130775811;4.293930332;3.848963458;4.279098103;4.178980556;4.471917081;3.72288951;2.788459076;2.514062837;1.935605901;1.653793547;2.695757644;2.399113061;3.059147257;3.656144479;4.572034628;3.963913234;3.759970083;3.867503744;3.648728365;3.815590943;3.797050656;4.546078227;4.038074379;4.327302847;4.516413769;4.835306695;4.857555039;5.143075449;3.667268651;2.510354779;3.203761491;2.525187009;1.831780297;3.088811715;2.888576622;4.575742685;3.90087626;3.945372947;4.70552469;4.075154952;4.601699086;4.835306695;3.94166489;4.193812785;4.034366322;2.506646722;4.115943582;3.481865787;4.716648862;5.324770256;4.134483869;4.531245998;3.496698016;3.09622783;3.114768116;2.061679848;1.779867495;3.303879038;2.629012612;4.86867921;5.328478313;3.767386198;2.621596498;2.402821118;1.95043813;5.339602485;1.449850397;2.758794617;3.915708489;4.075154952;4.056614666;5.083746533;5.539837578;4.979920929;4.620239373;4.245725587;4.368091477;3.181513147;3.344667668;2.736546274;2.206294082;2.03201539;2.706881815;2.884868565;3.070271429;4.534954055;3.593107506;4.178980556;4.186396671;3.897168203;3.730305625;3.55973499;3.585691391;3.745137854;3.689516995;4.089987181;4.44596068;5.350726657;5.380391115;4.586866857;4.408880108;2.75508656;2.792167133;2.810707419;2.284163285;3.033190856;3.489281902;3.040606971;3.378040183;3.782218427;4.690692461;3.756262026;4.457084852;4.345843134;2.981278054;3.370624069;3.403996584;3.581983334;3.066563372;4.28280616;4.156732212;4.839014752;5.228360767;3.695749971
J203;0.1;2.854589698;2.196070593;2.304816867;1.706712359;1.567758787;1.289851641;1.918163448;2.229298621;2.679387367;3.18989071;3.473839315;3.419466178;3.93601098;3.461756396;3.842368355;3.56446121;3.476860045;3.591647779;4.008508497;4.096109662;4.428389944;4.428389944;4.150482799;2.794175101;2.322941246;2.141697456;1.455991782;2.410542412;2.62501423;2.603869121;3.20197363;3.050937138;3.353010121;3.38321742;3.978301198;3.467797855;3.473839315;3.144579763;2.984481081;2.782092182;2.930107944;2.791154371;2.872714077;3.365093041;3.498005154;3.135517573;3.485922234;3.404362529;3.643000186;3.032812759;2.271588839;2.048054831;1.576820976;1.347245508;2.196070593;1.954412206;2.492102117;2.978439621;3.724559892;3.229160198;3.063020057;3.150621222;2.972398162;3.108331005;3.093227355;3.703414783;3.289574795;3.525191722;3.679248944;3.93903171;3.957156089;4.189752287;2.987501811;2.045034101;2.609910581;2.05711702;1.492240541;2.516267956;2.353148545;3.727580622;3.177807791;3.214056549;3.833306166;3.319782093;3.74872573;3.93903171;3.211035819;3.416445448;3.286554065;2.042013371;3.353010121;2.836465319;3.842368355;4.337768049;3.368113771;3.691331863;2.848548238;2.522309416;2.537413065;1.679525791;1.449950323;2.691470287;2.141697456;3.966218279;4.340788779;3.069061517;2.135655996;1.957432936;1.588903895;4.349850968;1.181105367;2.247423;3.18989071;3.319782093;3.304678444;4.14142061;4.51297038;4.056840174;3.76382938;3.458735666;3.558419751;2.591786202;2.724698315;2.229298621;1.797334254;1.655359952;2.205132783;2.350127815;2.501164307;3.694352593;2.927087214;3.404362529;3.410403988;3.174787061;3.038854218;2.899900646;2.921045754;3.050937138;3.00562619;3.331865013;3.621855077;4.358913158;4.383078997;3.736642811;3.591647779;2.244402271;2.274609569;2.289713218;1.860769581;2.470957008;2.842506779;2.476998468;2.751884883;3.081144436;3.821223247;3.059999327;3.630917267;3.540295372;2.428666791;2.745843424;2.773029992;2.918025025;2.498143577;3.488942964;3.38623815;3.94205244;4.259229073;3.010703818
J204;0.1;2.475594106;1.904504672;1.998813019;1.480117111;1.359612001;1.118601781;1.663494452;1.933321111;2.32365288;2.766378175;3.012627748;2.965473574;3.413438222;3.002149042;3.332228256;3.091218037;3.015247424;3.114795123;3.476310453;3.552281066;3.840445459;3.840445459;3.599435239;2.42320058;2.014531076;1.857350498;1.262683978;2.090501689;2.276498707;2.258160972;2.77685688;2.645873065;2.907840695;2.934037458;3.45011369;3.007388395;3.012627748;2.727083031;2.588240187;2.412721874;2.541086013;2.420580903;2.491312163;2.918319401;3.033585158;2.719224002;3.023106453;2.952375193;3.15932962;2.630155007;1.969996579;1.776140533;1.36747103;1.168375631;1.904504672;1.694930568;2.161232949;2.583000834;3.230060881;2.800433967;2.65635177;2.732322383;2.577761481;2.695646915;2.682548533;3.211723146;2.852827493;3.057162245;3.190765736;3.416057898;3.431775956;3.633491031;2.590859863;1.773520857;2.263400325;1.783999562;1.294120093;2.18219036;2.040727839;3.232680557;2.75589947;2.787335586;3.324369227;2.879024256;3.251018291;3.416057898;2.784715909;2.962853898;2.850207817;1.77090118;2.907840695;2.459876048;3.332228256;3.76185517;2.920939077;3.201244441;2.470354753;2.187429712;2.200528094;1.456540024;1.257444625;2.334131585;1.857350498;3.439634985;3.764474846;2.661591123;1.852111146;1.697550244;1.377949735;3.772333875;1.024293434;1.949039169;2.766378175;2.879024256;2.865925875;3.59157621;3.913796395;3.518225274;3.264116673;2.999529366;3.085978684;2.247682267;2.362948025;1.933321111;1.5587074;1.435582614;1.912363701;2.038108163;2.169091978;3.203864118;2.538466337;2.952375193;2.957614545;2.753279794;2.63539436;2.51488925;2.533226984;2.645873065;2.606577921;2.889502961;3.140991886;3.780192904;3.801150314;3.240539586;3.114795123;1.946419493;1.972616256;1.985714637;1.613720602;2.142895215;2.4651154;2.148134568;2.386525111;2.672069828;3.313890522;2.653732094;3.148850915;3.070260626;2.106219747;2.381285759;2.404862845;2.530607308;2.166472302;3.025726129;2.936657135;3.418677574;3.693743586;2.610981407
J205;0.1;1.485356463;1.142702803;1.199287811;0.888070266;0.815767201;0.671161069;0.998096671;1.159992667;1.394191728;1.659826905;1.807576649;1.779284144;2.048062933;1.801289425;1.999336954;1.854730822;1.809148454;1.868877074;2.085786272;2.131368639;2.304267275;2.304267275;2.159661144;1.453920348;1.208718646;1.114410299;0.757610387;1.254301013;1.365899224;1.354896583;1.666114128;1.587523839;1.744704417;1.760422475;2.070068214;1.804433037;1.807576649;1.636249818;1.552944112;1.447633125;1.524651608;1.452348542;1.494787298;1.75099164;1.820151095;1.631534401;1.813863872;1.771425116;1.895597772;1.578093004;1.181997948;1.06568432;0.820482618;0.701025378;1.142702803;1.016958341;1.29673977;1.5498005;1.938036528;1.68026038;1.593811062;1.63939343;1.546656889;1.617388149;1.60952912;1.927033888;1.711696496;1.834297347;1.914459442;2.049634739;2.059065574;2.180094619;1.554515918;1.064112514;1.358040195;1.070399737;0.776472056;1.309314216;1.224436704;1.939608334;1.653539682;1.672401351;1.994621536;1.727414554;1.950610975;2.049634739;1.670829546;1.777712339;1.71012469;1.062540708;1.744704417;1.475925629;1.999336954;2.257113102;1.752563446;1.920746665;1.482212852;1.312457827;1.320316856;0.873924014;0.754466775;1.400478951;1.114410299;2.063780991;2.258684908;1.596954674;1.111266687;1.018530146;0.826769841;2.263400325;0.61457606;1.169423501;1.659826905;1.727414554;1.719555525;2.154945726;2.348277837;2.110935164;1.958470004;1.79971762;1.85158721;1.34860936;1.417768815;1.159992667;0.93522444;0.861349568;1.14741822;1.222864898;1.301455187;1.922318471;1.523079802;1.771425116;1.774568727;1.651967876;1.581236616;1.50893355;1.519936191;1.587523839;1.563946752;1.733701777;1.884595132;2.268115742;2.280690189;1.944323751;1.868877074;1.167851696;1.183569753;1.191428782;0.968232361;1.285737129;1.47906924;1.288880741;1.431915067;1.603241897;1.988334313;1.592239256;1.889310549;1.842156376;1.263731848;1.428771455;1.442917707;1.518364385;1.299883381;1.815435677;1.761994281;2.051206545;2.216246152;1.566588844
J206;0.1;3.598544009;2.768403698;2.905491089;2.151510439;1.976343218;1.626008775;2.418069255;2.810291512;3.377680991;4.021230131;4.37918054;4.310636845;4.961801951;4.363948608;4.843754476;4.493420033;4.382988523;4.52769188;5.053193545;5.163625054;5.582503193;5.582503193;5.23216875;3.522384348;2.928338987;2.699860003;1.835447844;3.038770497;3.309137295;3.282481414;4.036462063;3.846062909;4.226861217;4.264941048;5.015113714;4.371564574;4.37918054;3.964110385;3.762287282;3.507152415;3.693743586;3.518576364;3.621391908;4.242093149;4.409644405;3.952686435;4.394412473;4.291596929;4.592427593;3.823215011;2.863603275;2.581812527;1.987767167;1.698360453;2.768403698;2.463765052;3.14158604;3.754671315;4.695243136;4.070733911;3.861294842;3.971726351;3.747055349;3.918414588;3.899374672;4.668587254;4.146893572;4.443916253;4.63812339;4.965609934;4.988457833;5.28167253;3.766095265;2.578004544;3.29009738;2.593236476;1.881143641;3.172049904;2.966418818;4.699051119;4.005998199;4.051693995;4.832330527;4.184973403;4.725707;4.965609934;4.047886012;4.306828862;4.143085589;2.574196561;4.226861217;3.575696111;4.843754476;5.468263701;4.245901132;4.653355322;3.590928043;3.179665871;3.198705786;2.117238592;1.827831878;3.392912923;2.699860003;4.999881782;5.472071684;3.868910808;2.692244036;2.467573035;2.002999099;5.483495633;1.488921384;2.83313941;4.021230131;4.184973403;4.165933488;5.220744801;5.689126719;5.114121274;4.744746916;4.360140625;4.485804066;3.267249481;3.434800737;2.810291512;2.265749932;2.086774727;2.779827647;2.962610835;3.153009989;4.657163305;3.689935603;4.291596929;4.299212896;4.002190215;3.830830977;3.655663755;3.682319637;3.846062909;3.788943163;4.200205336;4.565771711;5.494919582;5.525383447;4.710475068;4.52769188;2.829331427;2.867411258;2.886451173;2.345717576;3.114930158;3.583312077;3.122546124;3.469072584;3.88414274;4.817098594;3.857486858;4.57719566;4.462956168;3.061618395;3.461456618;3.495728466;3.678511654;3.149202006;4.398220456;4.268749031;4.969417917;5.369256141;3.795344107
J208;0.1;1.268422959;0.975813218;1.024134093;0.758369283;0.696625943;0.573139263;0.852326539;0.99057793;1.190572661;1.417412323;1.543583495;1.519423058;1.748947213;1.538214509;1.707337571;1.583850891;1.544925742;1.59593111;1.781161129;1.820086278;1.967733395;1.967733395;1.844246715;1.241578029;1.032187572;0.951652781;0.646962822;1.071112721;1.166412224;1.157016498;1.422781309;1.355668983;1.489893635;1.5033161;1.767738664;1.540899002;1.543583495;1.397278625;1.32613956;1.236209043;1.301979122;1.240235782;1.276476438;1.495262621;1.554321468;1.393251885;1.548952481;1.512711825;1.6187493;1.347615504;1.009369381;0.910043139;0.700652682;0.598641947;0.975813218;0.868433497;1.107353377;1.323455066;1.654989956;1.434861527;1.361037969;1.399963118;1.320770573;1.381171667;1.374460434;1.645594231;1.461706458;1.566401686;1.634856259;1.750289459;1.758342938;1.86169592;1.327481806;0.908700892;1.159700991;0.914069879;0.66306978;1.118091349;1.045610037;1.656332203;1.412043337;1.428150295;1.703310831;1.475128923;1.665727928;1.750289459;1.426808048;1.518080812;1.460364211;0.907358646;1.489893635;1.26036948;1.707337571;1.927465999;1.496604867;1.640225245;1.265738466;1.120775842;1.127487075;0.746289064;0.644278329;1.195941647;0.951652781;1.762369678;1.928808246;1.363722462;0.948968288;0.869775743;0.706021668;1.932834986;0.524818388;0.998631409;1.417412323;1.475128923;1.46841769;1.840219976;2.005316297;1.802637073;1.672439161;1.536872263;1.581166398;1.151647512;1.210706359;0.99057793;0.798636678;0.735551092;0.979839958;1.044267791;1.111380117;1.641567491;1.300636876;1.512711825;1.515396319;1.41070109;1.350299997;1.288556657;1.297952383;1.355668983;1.335535285;1.480497909;1.609353575;1.936861725;1.947599697;1.660358942;1.59593111;0.997289163;1.010711628;1.01742286;0.826823855;1.097957651;1.263053973;1.100642145;1.222786578;1.369091448;1.697941845;1.359695722;1.613380314;1.573112919;1.0791662;1.220102085;1.232182303;1.296610136;1.11003787;1.550294728;1.504658346;1.751631706;1.89256759;1.337791504
J101;0.1;1.541503959;1.185897754;1.244621715;0.921639933;0.846603761;0.696531418;1.035825411;1.203841187;1.446893134;1.722569503;1.875904288;1.846542308;2.12548112;1.869379404;2.074913265;1.924840922;1.877535509;1.939521912;2.164630426;2.211935839;2.391370162;2.391370162;2.241297819;1.508879536;1.254409041;1.156535774;0.78624858;1.301714454;1.417531153;1.406112606;1.729094387;1.647533331;1.810655443;1.826967655;2.148318215;1.872641846;1.875904288;1.698101186;1.611646467;1.502354652;1.582284487;1.507248315;1.551291285;1.817180328;1.888954057;1.693207523;1.882429173;1.838386202;1.967252671;1.637746005;1.226678282;1.105967919;0.851497425;0.72752462;1.185897754;1.055400065;1.345757424;1.608384024;2.011295641;1.743775377;1.654058216;1.701363628;1.605121582;1.678526533;1.670370427;1.999877093;1.7763998;1.903635047;1.986827324;2.127112341;2.136899667;2.262503694;1.613277688;1.104336698;1.409375048;1.110861583;0.805823233;1.358807193;1.270721253;2.012926862;1.716044618;1.735619272;2.070019601;1.792712011;2.02434541;2.127112341;1.733988051;1.844911087;1.774768579;1.102705477;1.810655443;1.531716632;2.074913265;2.342433529;1.818811549;1.993352209;1.538241516;1.362069635;1.370225741;0.906958943;0.782986138;1.453418018;1.156535774;2.141793331;2.34406475;1.657320658;1.153273332;1.057031286;0.858022309;2.348958413;0.637807458;1.213628513;1.722569503;1.792712011;1.784555905;2.236404156;2.437044353;2.190729964;2.032501516;1.867748183;1.92157848;1.399587721;1.47136145;1.203841187;0.970576566;0.893909174;1.190791418;1.269090031;1.350651087;1.99498343;1.580653265;1.838386202;1.841648645;1.714413397;1.641008447;1.565972275;1.577390823;1.647533331;1.623065015;1.799236896;1.955834123;2.353852076;2.366901845;2.017820526;1.939521912;1.211997292;1.228309503;1.236465609;1.00483221;1.334338876;1.534979074;1.337601319;1.48604244;1.663845543;2.063494717;1.652426995;1.960727786;1.911791153;1.311501781;1.482779998;1.497460988;1.575759602;1.349019866;1.884060394;1.828598876;2.128743562;2.300021779;1.625806979
J102;0.1;3.361193234;2.585806858;2.713852315;2.009602304;1.845988665;1.518761387;2.258579581;2.624931859;3.154897776;3.756000058;4.090340973;4.026318244;4.634534163;4.0761137;4.524272798;4.19704552;4.093897791;4.229056884;4.719897801;4.82304553;5.214295536;5.214295536;4.887068258;3.290056869;2.735193224;2.52178413;1.71438639;2.838340953;3.090875048;3.06597732;3.770227331;3.592386419;3.948068243;3.983636426;4.684329618;4.083227336;4.090340973;3.702647785;3.514136418;3.275829596;3.45011369;3.286500051;3.382534143;3.962295516;4.118795519;3.69197733;4.104568246;4.008534153;4.289522794;3.57104551;2.674727314;2.411522765;1.85665912;1.586340934;2.585806858;2.301261399;2.934375046;3.507022782;4.385556886;3.802238695;3.606613692;3.709761421;3.499909145;3.659965966;3.642181875;4.360659159;3.87337506;4.150806883;4.332204613;4.638090981;4.659431891;4.933306895;3.517693237;2.407965947;3.073090957;2.422193219;1.757068209;2.962829592;2.770761407;4.389113705;3.741772785;3.784454604;4.513602343;3.908943243;4.414011432;4.638090981;3.780897786;4.022761426;3.869818242;2.404409128;3.948068243;3.339852325;4.524272798;5.107590988;3.965852334;4.346431886;3.354079598;2.969943228;2.987727319;1.97759094;1.707272754;3.169125049;2.52178413;4.670102345;5.111147807;3.613727329;2.514670494;2.304818218;1.870886393;5.121818261;1.390715931;2.646272768;3.756000058;3.908943243;3.891159151;4.876397803;5.313886446;4.776806892;4.431795523;4.072556881;4.189931883;3.051750047;3.20825005;2.624931859;2.116306851;1.949136394;2.596477313;2.767204588;2.9450455;4.349988704;3.446556872;4.008534153;4.01564779;3.738215967;3.578159147;3.414545508;3.439443235;3.592386419;3.539034146;3.923170516;4.264625066;5.132488716;5.160943262;4.399784159;4.229056884;2.64271595;2.678284133;2.696068224;2.191000034;2.909477318;3.346965961;2.916590954;3.240261414;3.627954602;4.49937507;3.603056874;4.275295521;4.168590974;2.859681863;3.233147778;3.265159142;3.435886417;2.941488682;4.108125064;3.987193244;4.641647799;5.015113714;3.5450129
J109;0.1;0.432590929;0.332797466;0.34927712;0.258639021;0.237581685;0.195467012;0.290682793;0.337832916;0.406040374;0.483403197;0.526433405;0.518193578;0.596471937;0.524602333;0.582281123;0.540166451;0.526891174;0.544286364;0.607458373;0.62073365;0.67108815;0.67108815;0.628973477;0.423435565;0.352023729;0.324557639;0.220644262;0.365299007;0.397800547;0.39459617;0.485234269;0.46234586;0.508122678;0.51270036;0.602880691;0.525517869;0.526433405;0.476536674;0.45227496;0.421604492;0.444035133;0.422977797;0.435337538;0.509953751;0.530095551;0.475163369;0.528264478;0.515904737;0.552068423;0.459599251;0.34424167;0.310366825;0.238954989;0.204164608;0.332797466;0.296176012;0.377658747;0.451359424;0.564428164;0.489354183;0.464176933;0.47745221;0.450443888;0.471043456;0.468754615;0.561223787;0.498509546;0.534215464;0.557561642;0.596929705;0.599676314;0.634924464;0.452732729;0.309909057;0.395511706;0.31174013;0.22613748;0.381320893;0.356601411;0.564885932;0.481572124;0.487065342;0.580907819;0.503087228;0.56809031;0.596929705;0.486607574;0.51773581;0.498051778;0.309451289;0.508122678;0.42984432;0.582281123;0.657355104;0.510411519;0.559392714;0.431675392;0.382236429;0.38452527;0.254519107;0.219728726;0.407871447;0.324557639;0.601049618;0.657812873;0.465092469;0.323642102;0.29663378;0.240786062;0.659186177;0.178987358;0.340579525;0.483403197;0.503087228;0.500798387;0.627600173;0.683905659;0.614782664;0.570379151;0.524144564;0.539250914;0.392765097;0.412906897;0.337832916;0.272372066;0.250856962;0.33417077;0.356143643;0.379032052;0.559850482;0.443577365;0.515904737;0.516820274;0.481114356;0.460514788;0.439457451;0.442661829;0.46234586;0.455479338;0.504918301;0.548864046;0.660559482;0.664221627;0.566259237;0.544286364;0.340121757;0.344699438;0.346988279;0.281985198;0.37445437;0.430759856;0.375369906;0.417026811;0.466923542;0.579076746;0.463719165;0.550237351;0.536504305;0.368045616;0.416111274;0.420231188;0.442204061;0.378574284;0.528722246;0.513158128;0.597387473;0.645453132;0.456248813
J2;0.1;1.236520973;0.951270632;0.998376193;0.739295608;0.679105169;0.558724292;0.830889755;0.965663998;1.160628681;1.381763119;1.504760973;1.481208192;1.704959607;1.499527022;1.664396485;1.544015607;1.506069461;1.555791997;1.736363314;1.77430946;1.918243118;1.918243118;1.797862241;1.210351217;1.00622712;0.927717852;0.630691121;1.044173266;1.1370759;1.127916486;1.386997071;1.321572681;1.452421461;1.465506339;1.723278436;1.502143997;1.504760973;1.362135802;1.292785949;1.205117266;1.269233168;1.20904273;1.2443719;1.457655412;1.515228875;1.358210339;1.509994924;1.474665753;1.57803629;1.313721754;0.983982827;0.88715473;0.683030633;0.58358556;0.951270632;0.846591608;1.079502437;1.290168973;1.61336546;1.398773461;1.326806632;1.364752778;1.287551998;1.346433949;1.33989151;1.604206046;1.424943217;1.527005266;1.593738143;1.706268094;1.714119021;1.814872582;1.294094437;0.885846242;1.130533461;0.891080193;0.646392974;1.089970339;1.019311998;1.614673948;1.376529168;1.392231022;1.660471021;1.438028095;1.623833363;1.706268094;1.390922534;1.479899705;1.423634729;0.884537754;1.452421461;1.228670047;1.664396485;1.878988484;1.4589639;1.598972095;1.233903998;1.092587315;1.099129754;0.727519218;0.628074145;1.165862632;0.927717852;1.718044485;1.880296972;1.329423607;0.925100876;0.847900096;0.688264584;1.884222436;0.511618731;0.973514925;1.381763119;1.438028095;1.431485656;1.793936777;1.954880777;1.757299119;1.630375802;1.498218534;1.541398631;1.122682535;1.180255998;0.965663998;0.778550242;0.717051316;0.955196096;1.01800351;1.0834279;1.600280582;1.267924681;1.474665753;1.477282729;1.37522068;1.316338729;1.25614829;1.265307705;1.321572681;1.301945363;1.443262046;1.568876875;1.888147899;1.898615801;1.618599412;1.555791997;0.972206437;0.985291315;0.991833754;0.806028486;1.070343022;1.231287022;1.072959998;1.192032388;1.334657559;1.65523707;1.325498144;1.572802339;1.533547705;1.052024193;1.189415412;1.201191803;1.263999217;1.082119413;1.511303412;1.466814827;1.707576582;1.844967802;1.304144837
J3;0.1;0.371339116;0.285675701;0.299821953;0.222017567;0.2039418;0.167790267;0.249524168;0.289998167;0.348547932;0.414956726;0.451894162;0.444821036;0.512015733;0.450322356;0.499834238;0.463682705;0.452287114;0.467219268;0.521446568;0.53284216;0.576066819;0.576066819;0.539915286;0.363480087;0.302179661;0.278602575;0.189402597;0.313575253;0.341474806;0.338724146;0.416528532;0.39688096;0.436176104;0.440105619;0.517517053;0.451108259;0.451894162;0.409062455;0.388236028;0.361908281;0.381162902;0.363087135;0.373696825;0.43774791;0.455037774;0.4078836;0.453465968;0.442856279;0.473899443;0.394523251;0.295499487;0.26642108;0.205120654;0.175256345;0.285675701;0.254239585;0.324184942;0.387450125;0.484509132;0.420065095;0.398452766;0.409848357;0.386664222;0.404347037;0.40238228;0.481758472;0.427924124;0.458574337;0.47861486;0.512408685;0.514766393;0.545023655;0.388628979;0.266028128;0.339510049;0.267599934;0.194118014;0.327328554;0.306109176;0.484902084;0.41338492;0.418100338;0.498655384;0.431853638;0.487652744;0.512408685;0.417707386;0.444428085;0.427531173;0.265635177;0.436176104;0.368981407;0.499834238;0.564278275;0.438140862;0.480186666;0.370553213;0.328114457;0.330079214;0.218481004;0.188616694;0.350119738;0.278602575;0.515945248;0.564671227;0.399238668;0.277816672;0.254632537;0.20669246;0.565850081;0.153644015;0.292355875;0.414956726;0.431853638;0.429888881;0.538736432;0.587069459;0.527733791;0.489617501;0.449929405;0.462896803;0.33715234;0.354442204;0.289998167;0.23380611;0.215337392;0.286854555;0.305716224;0.325363797;0.480579618;0.380769951;0.442856279;0.443642182;0.412991969;0.395309154;0.377233388;0.379984048;0.39688096;0.390986688;0.433425444;0.471148783;0.567028936;0.570172547;0.486080938;0.467219268;0.291962924;0.295892438;0.297857196;0.24205809;0.321434282;0.36976731;0.322220185;0.357978767;0.400810474;0.497083578;0.398059814;0.472327637;0.460539094;0.315932962;0.357192864;0.360729427;0.379591096;0.324970845;0.453858919;0.44049857;0.512801636;0.554061538;0.391647211
J4;0.1;0.659733068;0.507540678;0.532673366;0.394443581;0.36232959;0.298101609;0.443312697;0.515220111;0.619241515;0.737225524;0.802849766;0.790283422;0.909663691;0.800057245;0.888021654;0.823793673;0.803547896;0.830076845;0.926418817;0.946664593;1.023458919;1.023458919;0.959230937;0.645770464;0.536862148;0.494974334;0.336498771;0.557107924;0.606675171;0.601788259;0.740018045;0.705111533;0.774924556;0.781905859;0.919437514;0.801453505;0.802849766;0.726753571;0.689752668;0.642977943;0.677186324;0.645072333;0.66392185;0.777717077;0.808434808;0.72465918;0.805642287;0.78679277;0.841945059;0.700922752;0.524993934;0.473332297;0.364423981;0.311366083;0.507540678;0.451690259;0.575957441;0.688356408;0.860794575;0.746301217;0.707904054;0.728149831;0.686960147;0.718376008;0.714885357;0.855907663;0.760263822;0.81471798;0.850322621;0.910361821;0.914550603;0.96830663;0.690450799;0.472634166;0.60318452;0.475426687;0.344876334;0.581542482;0.54384345;0.861492705;0.734433003;0.742810566;0.885927263;0.767245124;0.866379617;0.910361821;0.742112436;0.789585291;0.759565691;0.471936036;0.774924556;0.655544287;0.888021654;1.002515012;0.778415208;0.853115142;0.658336808;0.582938743;0.586429394;0.388160408;0.335102511;0.622034036;0.494974334;0.916644993;1.003213142;0.709300315;0.493578073;0.45238839;0.367216502;1.005307533;0.27296892;0.519408892;0.737225524;0.767245124;0.763754473;0.957136547;1.043006565;0.9375889;0.869870268;0.799359115;0.822397412;0.598995738;0.629713468;0.515220111;0.415387487;0.382575367;0.509635069;0.54314532;0.578051831;0.853813273;0.676488194;0.78679277;0.788189031;0.733734873;0.702319012;0.670205022;0.675091933;0.705111533;0.69463958;0.770037645;0.837058147;1.007401923;1.012986965;0.863587096;0.830076845;0.518710762;0.525692064;0.529182715;0.430048222;0.571070529;0.656940547;0.572466789;0.63599664;0.712092836;0.883134742;0.707205924;0.839152538;0.818208631;0.561296706;0.63460038;0.640883552;0.674393803;0.577353701;0.806340417;0.782603989;0.911059952;0.984363626;0.695813086
J5;0.1;0.276909238;0.213029646;0.22357857;0.165559491;0.152080311;0.125121952;0.186071287;0.216252928;0.25991375;0.309435085;0.336979495;0.331705034;0.38181242;0.335807393;0.372728625;0.345770265;0.337272521;0.348407496;0.388845035;0.397342779;0.4295756;0.4295756;0.402617241;0.271048725;0.225336723;0.207755185;0.141238362;0.233834467;0.254639288;0.252588109;0.310607187;0.295955905;0.32525847;0.328188726;0.385914779;0.336393444;0.336979495;0.3050397;0.28950934;0.269876622;0.284234879;0.270755699;0.278667391;0.326430572;0.339323701;0.304160623;0.338151598;0.330239906;0.353388932;0.294197751;0.220355287;0.19867139;0.152959388;0.130689439;0.213029646;0.189587594;0.24174616;0.288923289;0.361300624;0.313244418;0.297128007;0.305625751;0.288337238;0.301523392;0.300058264;0.359249445;0.319104931;0.341960931;0.35690524;0.382105445;0.383863599;0.406426574;0.289802366;0.198378364;0.25317416;0.199550466;0.14475467;0.244090365;0.22826698;0.36159365;0.308262982;0.31177929;0.371849548;0.322035187;0.363644829;0.382105445;0.311486264;0.331412008;0.318811905;0.198085338;0.32525847;0.275151084;0.372728625;0.420784831;0.326723598;0.358077342;0.276323186;0.244676416;0.246141545;0.16292226;0.140652311;0.261085853;0.207755185;0.384742676;0.421077857;0.297714059;0.207169133;0.18988062;0.154131491;0.421956933;0.114573028;0.218011082;0.309435085;0.322035187;0.320570059;0.401738164;0.437780318;0.393533446;0.365109958;0.335514367;0.345184214;0.251416006;0.264309135;0.216252928;0.174350261;0.160578055;0.213908723;0.227973954;0.242625237;0.358370368;0.283941853;0.330239906;0.330825957;0.307969956;0.294783802;0.281304622;0.283355802;0.295955905;0.29156052;0.32320729;0.351337752;0.42283601;0.425180216;0.362472727;0.348407496;0.217718057;0.220648313;0.222113441;0.180503799;0.23969498;0.275737135;0.240281032;0.266946366;0.298886161;0.370677445;0.296834982;0.352216829;0.34342606;0.235592621;0.266360314;0.268997545;0.283062776;0.242332211;0.338444624;0.328481752;0.382398471;0.413166164;0.292053075
J7;0.1;6.996743547;5.382679956;5.649222567;4.183238205;3.84265598;3.161491529;4.701515505;5.464123532;6.567313784;7.818583265;8.514555639;8.381284333;9.647361737;8.484939793;9.417838933;8.736674482;8.5219596;8.803310135;9.825056811;10.03977169;10.85420745;10.85420745;10.173043;6.848664318;5.693646336;5.24940865;3.568709407;5.908361217;6.434042479;6.382214749;7.848199111;7.478001039;8.218397182;8.292436796;9.751017197;8.499747716;8.514555639;7.707523844;7.315113888;6.819048473;7.181842582;6.841260357;7.041167315;8.248013028;8.57378733;7.685311959;8.544171485;8.344264526;8.929177479;7.433577271;5.567778992;5.019885846;3.864867864;3.302166796;5.382679956;4.790363042;6.108268176;7.300305965;9.129084437;7.914834764;7.507616885;7.722331767;7.285498042;7.618676307;7.581656499;9.077256707;8.062913992;8.640422983;9.018025016;9.654765699;9.699189467;10.2692945;7.32251785;5.012481885;6.397022671;5.042097731;3.657556944;6.167499867;5.76768595;9.136488399;7.788967419;7.877814956;9.395627049;8.136953606;9.188316129;9.654765699;7.870410995;8.373880372;8.055510031;5.005077923;8.218397182;6.952319778;9.417838933;10.63208861;8.255416989;9.047640862;6.981935624;6.18230779;6.219327597;4.116602552;3.553901484;6.59692963;5.24940865;9.721401351;10.63949257;7.522424808;5.234600728;4.797767004;3.89448371;10.66170445;2.894948917;5.5085473;7.818583265;8.136953606;8.099933799;10.15083111;11.06151837;9.943520194;9.225335936;8.477535832;8.721866559;6.352598903;6.678373206;5.464123532;4.405357048;4.057370861;5.40489184;5.760281989;6.13048006;9.055044823;7.174438621;8.344264526;8.359072449;7.781563458;7.448385194;7.107802968;7.159630698;7.478001039;7.366941618;8.166569452;8.877349749;10.68391634;10.74314803;9.158700283;8.803310135;5.501143339;5.575182953;5.61220276;4.560840238;6.056440446;6.967127701;6.071248369;6.745008858;7.552040654;9.366011203;7.500212924;8.899561633;8.67744279;5.952784986;6.730200936;6.796836588;7.152226737;6.123076099;8.551575446;8.299840758;9.66216966;10.43958561;7.379387141
J8;0.1;1.928156028;1.483353896;1.556807459;1.152812863;1.058955533;0.871240872;1.295639235;1.505798041;1.809814176;2.154637847;2.346433261;2.30970648;2.658610904;2.338271754;2.595359224;2.407644564;2.348473638;2.426007954;2.707579946;2.766750871;2.991192314;2.991192314;2.803477653;1.887348493;1.56904972;1.446627115;0.983461593;1.628220646;1.773087395;1.758804757;2.162799354;2.060780516;2.264818191;2.285221959;2.687176178;2.342352508;2.346433261;2.124032195;2.015892228;1.879186986;1.979165446;1.885308116;1.940398288;2.272979698;2.362756275;2.117911065;2.354594768;2.299504596;2.460694359;2.048538256;1.534363315;1.383375436;1.065076663;0.91000803;1.483353896;1.320123756;1.683310818;2.011811474;2.515784531;2.181162744;2.068942023;2.128112949;2.007730721;2.099547674;2.089345791;2.501501894;2.221970279;2.381119666;2.48517888;2.66065128;2.672893541;2.830002551;2.017932605;1.381335059;1.762885511;1.389496566;1.007946114;1.699633832;1.589453487;2.517824908;2.14647634;2.170960861;2.589238094;2.242374047;2.532107545;2.66065128;2.168920484;2.307666103;2.219929903;1.379294682;2.264818191;1.915913767;2.595359224;2.929981011;2.275020075;2.493340387;1.924075274;1.703714585;1.713916469;1.134449472;0.979380839;1.817975683;1.446627115;2.679014671;2.932021388;2.073022777;1.442546361;1.322164133;1.07323817;2.938142518;0.797787309;1.518040301;2.154637847;2.242374047;2.232172163;2.797356523;3.048322863;2.740225974;2.542309429;2.336231377;2.40356381;1.75064325;1.840419827;1.505798041;1.214024166;1.118126458;1.489475027;1.587413111;1.689431948;2.495380764;1.97712507;2.299504596;2.303585349;2.144435963;2.052619009;1.958761679;1.973044316;2.060780516;2.030174865;2.250535554;2.446411722;2.944263648;2.960586662;2.523946038;2.426007954;1.515999924;1.536403692;1.546605576;1.256872077;1.66902818;1.919994521;1.673108934;1.858783218;2.081184284;2.581076587;2.066901647;2.452532852;2.39132155;1.640462906;1.854702465;1.873065855;1.971003939;1.687391571;2.356635145;2.287262335;2.662691657;2.876931216;2.033604591
J9;0.1;1.758437463;1.352787339;1.419775433;1.051340917;0.965745019;0.794553224;1.181595544;1.373255923;1.6505122;1.964984085;2.139897441;2.106403394;2.42459684;2.13245432;2.366912648;2.195720853;2.141758222;2.212467876;2.469255569;2.5232182;2.727904043;2.727904043;2.556712247;1.721221855;1.430940115;1.319293292;0.896896145;1.484902746;1.617018153;1.603992691;1.972427207;1.879388188;2.065466226;2.08407403;2.450647765;2.136175881;2.139897441;1.937072379;1.838451019;1.713778733;1.804956972;1.719361075;1.769602145;2.072909347;2.154783684;1.931490038;2.147340563;2.097099492;2.244101143;1.868223505;1.399306849;1.2616091;0.97132736;0.829908051;1.352787339;1.203924908;1.535143817;1.834729458;2.294342213;1.98917423;1.886831309;1.94079394;1.831007898;1.914743015;1.905439113;2.28131675;2.026389838;2.171530708;2.266430507;2.42645762;2.437622303;2.580902392;1.8403118;1.25974832;1.607714252;1.267191441;0.91922551;1.55003006;1.449547919;2.296202994;1.957540964;1.979870328;2.361330307;2.044997642;2.309228456;2.42645762;1.978009548;2.104542614;2.024529057;1.257887539;2.065466226;1.74727278;2.366912648;2.672080631;2.074770128;2.273873629;1.754715902;1.55375162;1.563055522;1.034593893;0.893174584;1.657955322;1.319293292;2.443204644;2.673941411;1.89055287;1.315571731;1.205785689;0.978770482;2.679523753;0.72756513;1.384420605;1.964984085;2.044997642;2.03569374;2.551129906;2.780005893;2.499028055;2.318532358;2.130593539;2.191999292;1.596549569;1.678423906;1.373255923;1.107164328;1.01970765;1.35836968;1.447687139;1.540726158;2.275734409;1.803096192;2.097099492;2.100821053;1.955680183;1.871945066;1.786349168;1.799374631;1.879388188;1.851476482;2.052440763;2.23107568;2.685106094;2.699992337;2.301785335;2.212467876;1.382559825;1.401167629;1.410471531;1.146240716;1.522118354;1.750994341;1.525839915;1.69517093;1.897995991;2.353887185;1.884970529;2.236658021;2.18083461;1.496067429;1.691449369;1.708196392;1.797513851;1.538865377;2.149201343;2.08593481;2.428318401;2.623700341;1.854604319
J11;0.1;0.774580218;0.595893987;0.625401805;0.463108807;0.425404373;0.349995506;0.52048512;0.604910265;0.727039844;0.865562656;0.942610847;0.927856938;1.068019072;0.9393322;1.042609563;0.967200695;0.943430508;0.974577649;1.087690951;1.111461138;1.201623914;1.201623914;1.126215046;0.758186985;0.630319775;0.581140079;0.395076894;0.654089962;0.712285936;0.706548304;0.868841302;0.827858222;0.909824383;0.918020999;1.079494335;0.940971524;0.942610847;0.853267732;0.809825667;0.754908339;0.795071758;0.757367324;0.779498187;0.913103029;0.94916814;0.850808747;0.945889493;0.92375863;0.988511897;0.822940252;0.616385528;0.555730569;0.427863358;0.365569076;0.595893987;0.530321059;0.676220825;0.808186343;1.01064276;0.876218257;0.831136868;0.854907055;0.80654702;0.843431792;0.839333484;1.004905129;0.892611489;0.956545094;0.998347836;1.068838734;1.073756704;1.136870647;0.810645328;0.554910907;0.708187627;0.558189554;0.404912833;0.682778118;0.638516391;1.011462422;0.862284009;0.872119949;1.040150578;0.900808105;1.017200053;1.068838734;0.871300287;0.927037276;0.891791827;0.554091246;0.909824383;0.769662248;1.042609563;1.177034066;0.913922691;1.001626482;0.772940894;0.684417441;0.688515749;0.455731853;0.393437571;0.730318491;0.581140079;1.076215689;1.177853728;0.832776192;0.579500755;0.531140721;0.431142005;1.180312712;0.320487688;0.609828235;0.865562656;0.900808105;0.896709797;1.123756062;1.224574439;1.100805537;1.021298361;0.938512539;0.965561372;0.703269658;0.739334769;0.604910265;0.487698656;0.44917456;0.598352972;0.637696729;0.67867981;1.002446144;0.794252096;0.92375863;0.925397953;0.861464348;0.824579576;0.786875142;0.792612773;0.827858222;0.815563298;0.904086751;0.982774265;1.182771697;1.18932899;1.013921406;0.974577649;0.609008573;0.617205189;0.621303497;0.504911549;0.670483194;0.771301571;0.672122517;0.746711723;0.836054838;1.036871931;0.830317207;0.98523325;0.960643402;0.659007931;0.7450724;0.752449354;0.791793111;0.677860148;0.946709155;0.91884066;1.069658396;1.155722864;0.81694109
J12;0.1;1.347539884;1.036678832;1.088013684;0.805671994;0.74007746;0.608888392;0.905489764;1.052364481;1.264833733;1.505822347;1.639863351;1.614195925;1.858036475;1.634159479;1.813831463;1.682642395;1.641289319;1.695476108;1.892259711;1.933612786;2.090469281;2.090469281;1.959280213;1.319020522;1.096569493;1.011011405;0.687316639;1.137922569;1.239166306;1.229184529;1.511526219;1.440227813;1.582824626;1.597084307;1.878000029;1.637011415;1.639863351;1.484432825;1.408856514;1.313316649;1.383189088;1.317594554;1.356095693;1.588528498;1.651271096;1.480154921;1.645567224;1.607066084;1.719717567;1.431672004;1.072328035;0.966806393;0.744355365;0.635981787;1.036678832;0.922601381;1.176423708;1.406004578;1.758218706;1.524359933;1.445931685;1.487284761;1.403152641;1.467321207;1.460191367;1.748236929;1.552879295;1.664104809;1.736829184;1.859462443;1.868018252;1.977817798;1.410282482;0.965380425;1.232036466;0.971084298;0.704428257;1.187831454;1.110829174;1.759644674;1.500118474;1.517230092;1.809553559;1.567138977;1.769626451;1.859462443;1.515804124;1.612769957;1.551453327;0.963954457;1.582824626;1.338984075;1.813831463;2.047690237;1.589954467;1.742533057;1.344687948;1.19068339;1.19781323;0.792838281;0.684464703;1.270537605;1.011011405;1.872296157;2.049116205;1.448783622;1.008159469;0.924027349;0.750059237;2.053394109;0.557553539;1.06092029;1.505822347;1.567138977;1.560009136;1.955002308;2.130396388;1.915075201;1.776756292;1.632733511;1.679790459;1.223480657;1.286223255;1.052364481;0.848451038;0.781430536;1.040956736;1.109403206;1.180701613;1.743959025;1.381763119;1.607066084;1.60991802;1.498692506;1.43452394;1.368929406;1.378911183;1.440227813;1.418838291;1.572842849;1.70973579;2.057672014;2.069079759;1.763922579;1.695476108;1.059494322;1.073754003;1.080883844;0.878396369;1.166441932;1.341836012;1.169293868;1.299056968;1.454487494;1.803849686;1.444505717;1.714013694;1.67123465;1.146478378;1.296205032;1.309038745;1.377485215;1.179275645;1.646993192;1.598510275;1.860888412;2.010615065;1.42123524
J13;0.1;1.407515618;1.082818893;1.136438536;0.841530502;0.773016514;0.635988538;0.945790918;1.099202673;1.321128416;1.572842849;1.712849694;1.686039872;1.940733175;1.706891956;1.894560705;1.757532729;1.714339128;1.77093764;1.976479603;2.019673204;2.183511001;2.183511001;2.046483025;1.377726927;1.145375143;1.056009072;0.717907437;1.188568744;1.294318595;1.283892553;1.578800587;1.504328861;1.653272313;1.668166658;1.961585258;1.709870825;1.712849694;1.550501331;1.471561302;1.371769189;1.444751481;1.376237493;1.416452225;1.659230051;1.72476517;1.546033028;1.718807432;1.6785927;1.796258026;1.495392254;1.120054756;1.009836602;0.777484817;0.664287794;1.082818893;0.963664132;1.228783476;1.468582433;1.836472758;1.592205498;1.510286599;1.5534802;1.465603564;1.532628117;1.525180945;1.826046717;1.621994188;1.73817008;1.814131241;1.942222609;1.951159216;2.065845674;1.473050736;1.008347167;1.286871422;1.014304905;0.735780651;1.240698952;1.160269488;1.837962193;1.566885111;1.584758325;1.890092401;1.636888533;1.848388235;1.942222609;1.583268891;1.684550438;1.620504754;1.006857733;1.653272313;1.398579011;1.894560705;2.138827965;1.660719486;1.820088979;1.404536749;1.243677821;1.251124994;0.828125591;0.714928568;1.327086154;1.056009072;1.95562752;2.1403174;1.513265468;1.053030203;0.965153566;0.783442555;2.144785703;0.582368896;1.10813928;1.572842849;1.636888533;1.629441361;2.042014722;2.225215167;2.000310555;1.855835407;1.705402521;1.75455386;1.277934815;1.343469934;1.099202673;0.886213537;0.816210115;1.087287197;1.158780054;1.233251779;1.821578413;1.443262046;1.6785927;1.681571569;1.565395676;1.498371123;1.429857136;1.440283177;1.504328861;1.481987344;1.642846271;1.785831985;2.149254007;2.161169483;1.842430496;1.77093764;1.106649845;1.121544191;1.128991363;0.917491662;1.218357434;1.40155788;1.221336303;1.356874844;1.519223206;1.884134663;1.508797165;1.790300288;1.745617253;1.197505351;1.353895975;1.367300886;1.438793743;1.231762345;1.720296866;1.669656093;1.943712044;2.100102668;1.484490975
J24;0.1;2.860970095;2.20097911;2.309968447;1.710527094;1.571262941;1.292734636;1.922450805;2.234281408;2.685376163;3.197020551;3.48160382;3.427109151;3.944808502;3.469493893;3.850956573;3.572428267;3.484631301;3.599675601;4.01746806;4.105265026;4.438288;4.438288;4.159759694;2.800420464;2.328133337;2.146484442;1.459246123;2.415930303;2.630881495;2.609689124;3.209130477;3.057756398;3.360504556;3.390779372;3.987193244;3.475548856;3.48160382;3.151608327;2.991151803;2.788310537;2.936657135;2.797392982;2.879134985;3.372614483;3.505823672;3.142525882;3.493713746;3.411971743;3.651142788;3.039591509;2.27666615;2.052632513;1.580345386;1.350256786;2.20097911;1.958780584;2.497672305;2.98509684;3.732884791;3.236377811;3.069866324;3.15766329;2.979041877;3.115278548;3.10014114;3.71169242;3.296927443;3.533071006;3.687472567;3.947835983;3.966000873;4.199116955;2.994179285;2.049605031;2.615744087;2.061714958;1.495575902;2.521892158;2.358408153;3.735912272;3.184910625;3.221240403;3.841874128;3.327202259;3.757104644;3.947835983;3.218212922;3.42408167;3.293899961;2.04657755;3.360504556;2.842805206;3.850956573;4.347463552;3.375641964;3.699582493;2.854915132;2.527947121;2.543084529;1.68327976;1.453191159;2.69748609;2.146484442;3.975083317;4.350491034;3.075921288;2.140429479;1.961808065;1.592455312;4.359573478;1.183745299;2.252446297;3.197020551;3.327202259;3.312064851;4.150677249;4.523057484;4.065907765;3.772242051;3.466466412;3.566373304;2.597579198;2.730788387;2.234281408;1.801351541;1.659059907;2.210061555;2.355380671;2.50675475;3.702609975;2.933629653;3.411971743;3.418026706;3.181883143;3.045646472;2.906382319;2.92757469;3.057756398;3.012344174;3.339312185;3.629950417;4.368655923;4.392875776;3.744994717;3.599675601;2.249418816;2.279693631;2.294831039;1.864928655;2.476479934;2.848860169;2.482534897;2.758035721;3.088031214;3.829764202;3.066838843;3.639032862;3.548208414;2.434095192;2.751980758;2.779228092;2.924547208;2.503727269;3.496741227;3.393806854;3.950863465;4.268749031;3.017433152
J39;0.1;2.400305419;1.846584169;1.938024375;1.43510324;1.318262976;1.084582449;1.612903641;1.874524232;2.252985086;2.682246055;2.921006594;2.875286491;3.309627472;2.910846571;3.230887294;2.997206766;2.9235466;3.020066818;3.370587609;3.444247776;3.723648406;3.723648406;3.489967879;2.349505304;1.95326441;1.800864066;1.224282764;2.026924576;2.207264983;2.189484943;2.692406078;2.565405792;2.819406365;2.844806422;3.345187552;2.915926583;2.921006594;2.644145969;2.509525665;2.339345281;2.463805562;2.346965298;2.415545453;2.829566388;2.94132664;2.636525952;2.931166617;2.862586462;3.063246916;2.550165757;1.910084312;1.722123888;1.325882993;1.132842557;1.846584169;1.64338371;2.095504731;2.504445654;3.13182707;2.71526613;2.575565815;2.649225981;2.499365642;2.613665901;2.600965872;3.11404703;2.766066245;2.964186692;3.093726984;3.312167477;3.327407512;3.522987953;2.512065671;1.719583882;2.194564954;1.729743905;1.254762833;2.115824777;1.978664467;3.134367076;2.672086032;2.702566101;3.223267277;2.791466302;3.152147116;3.312167477;2.700026096;2.872746485;2.763526239;1.717043876;2.819406365;2.385065384;3.230887294;3.647448234;2.832106394;3.103887007;2.395225407;2.120904788;2.133604817;1.412243188;1.219202752;2.263145109;1.800864066;3.335027529;3.64998824;2.580645826;1.795784054;1.645923716;1.336043016;3.657608257;0.993142242;1.889764266;2.682246055;2.791466302;2.778766273;3.482347862;3.794768567;3.411227701;3.164847145;2.908306566;2.992126755;2.17932492;2.291085172;1.874524232;1.511303412;1.391923142;1.854204186;1.976124461;2.103124748;3.106427013;2.461265556;2.862586462;2.867666474;2.669546027;2.555245769;2.438405505;2.456185545;2.565405792;2.527305706;2.801626325;3.045466875;3.665228275;3.68554832;3.141987093;3.020066818;1.887224261;1.912624318;1.925324347;1.564643532;2.077724691;2.390145396;2.082804702;2.313945224;2.590805849;3.213107254;2.573025809;3.053086893;2.976886721;2.04216461;2.308865212;2.331725264;2.453645539;2.100584742;2.933706623;2.847346428;3.314707483;3.581408085;2.531575271
J137;0.1;3.089388314;2.376704026;2.494395009;1.847094601;1.696711677;1.395945831;2.075938179;2.41266516;2.899775063;3.452268846;3.759573081;3.700727589;4.25975976;3.746496305;4.158414747;3.8576489;3.762842275;3.887071646;4.338220416;4.433027041;4.79263838;4.79263838;4.491872533;3.024004435;2.514010173;2.317858534;1.5757515;2.608816799;2.840929571;2.818045214;3.465345622;3.301885923;3.628805321;3.661497261;4.305528476;3.753034693;3.759573081;3.403230937;3.229963656;3.010927659;3.171118164;3.020735241;3.109003478;3.641882097;3.785726633;3.393423355;3.772649857;3.684381619;3.942647944;3.282270759;2.458433875;2.216513521;1.706519259;1.458060517;2.376704026;2.115168507;2.697085036;3.223425268;4.030916181;3.494768368;3.314962699;3.409769325;3.21688688;3.364000609;3.347654639;4.008031824;3.560152248;3.815149379;3.981878272;4.263028954;4.282644118;4.534372055;3.233232849;2.213244327;2.824583602;2.226321103;1.614981828;2.723238588;2.546702113;4.034185375;3.43919207;3.478422398;4.148607165;3.592844188;4.057069733;4.263028954;3.475153204;3.697458395;3.556883054;2.209975133;3.628805321;3.06977315;4.158414747;4.69456256;3.645151291;3.994955048;3.082849926;2.729776976;2.746122946;1.817671855;1.569213112;2.912851839;2.317858534;4.2924517;4.697831754;3.321501087;2.311320146;2.118437701;1.719596035;4.707639336;1.278254847;2.432280324;3.452268846;3.592844188;3.576498218;4.482064951;4.884175811;4.39052752;4.073415703;3.743227111;3.851110512;2.804968438;2.948812973;2.41266516;1.94517042;1.791518303;2.386511608;2.543432919;2.706892618;3.998224242;3.16784897;3.684381619;3.690920007;3.435922876;3.288809147;3.138426224;3.161310582;3.301885923;3.252848013;3.605920964;3.919763586;4.717446918;4.74360047;4.043992957;3.887071646;2.42901113;2.461703069;2.478049039;2.013823494;2.674200678;3.076311538;2.680739066;2.978235719;3.334577863;4.135530389;3.311693505;3.929571168;3.831495348;2.628431963;2.971697331;3.001120077;3.158041388;2.703623424;3.775919051;3.664766455;4.266298148;4.609563516;3.258343292
J511;0.1;2.603472877;1.927041857;1.827412482;1.559986265;1.342374736;1.512793404;1.704186676;1.87722717;2.105326002;2.425188732;2.834193534;3.122594356;2.784378847;3.324474932;2.821084406;3.437213435;3.224845557;3.353315014;2.941688386;2.789622498;3.159299916;2.771269719;3.237954685;2.941688386;2.941688386;2.87876457;1.982100196;1.407920377;1.772354144;1.989965673;2.398970475;2.585120097;2.873520919;3.245820162;3.245820162;3.33758406;2.752916939;3.051805064;3.193383649;3.127838008;2.648043913;2.574632794;2.443541511;2.519574456;2.946932037;2.954797514;3.122594356;3.043939587;2.876142745;3.101619751;2.024049407;1.502306101;1.342374736;1.174577894;1.352862039;1.934907334;2.454028814;3.072779669;2.910226478;2.65590939;2.779135195;2.873520919;2.742429636;3.164543567;2.71621138;2.661153041;3.041317761;3.505380902;3.227467383;3.319231281;3.544708287;3.450322563;2.752916939;2.07648592;2.026671232;1.392189423;1.47870967;1.656993815;1.65961564;1.953260114;2.530061758;3.413617004;3.274660244;2.663774867;2.907604653;2.831571709;2.870899093;2.978393945;2.920713781;2.270501018;2.225929982;2.385861347;2.781757021;3.4948936;2.910226478;3.300878501;3.133081659;2.139409735;2.026671232;1.662237466;1.434138634;1.6963212;2.045024012;2.679505821;3.387398748;3.293013024;2.77651337;2.590363748;2.556280015;2.142031561;2.155140689;2.131544258;2.918091955;3.043939587;2.752916939;3.369045968;3.369045968;3.686286872;3.573548369;3.55519559;2.792244324;2.372752219;2.07648592;1.840521611;1.59931365;1.46035689;1.971612893;2.330803008;2.689993123;3.001990376;2.511708979;2.422566906;2.831571709;2.721455031;2.889251873;2.907604653;2.960041166;2.847302663;2.745051462;3.067536018;3.33758406;3.33758406;3.505380902;2.983637597;2.475003419;1.908689078;2.000452976;1.709430328;1.379080295;1.625531907;2.202333551;2.231173633;2.682127646;2.933822909;3.251063814;2.802731626;2.831571709;3.038695935;2.35964309;2.485490722;2.430432383;2.771269719;2.813218929;3.127838008;3.282525721;3.450322563;3.880301971;
J234;0.1;0.066212433;0.049009203;0.046475394;0.039674117;0.034139744;0.038473891;0.043341472;0.047742298;0.053543388;0.061678249;0.072080202;0.079414912;0.070813297;0.08454921;0.071746806;0.087416415;0.082015401;0.085282681;0.074814048;0.070946656;0.080348421;0.070479901;0.082348797;0.074814048;0.074814048;0.073213748;0.050409466;0.035806724;0.045075131;0.050609503;0.061011457;0.065745679;0.07308039;0.082548834;0.082548834;0.084882606;0.070013147;0.077614574;0.08121525;0.079548271;0.067345979;0.065478962;0.062145003;0.064078699;0.074947407;0.075147444;0.079414912;0.077414537;0.073147069;0.078881479;0.051476333;0.038207174;0.034139744;0.029872276;0.034406461;0.04920924;0.06241172;0.078148008;0.074013898;0.067546017;0.070679939;0.07308039;0.06974643;0.080481779;0.069079638;0.067679375;0.077347858;0.089150074;0.08208208;0.084415851;0.090150262;0.087749811;0.070013147;0.052809917;0.051543012;0.035406649;0.037607062;0.042141247;0.042207926;0.049675995;0.064345416;0.086816302;0.083282305;0.067746055;0.073947219;0.072013523;0.07301371;0.075747557;0.074280615;0.057744176;0.05661063;0.060678061;0.070746618;0.088883357;0.074013898;0.083949097;0.079681629;0.054410217;0.051543012;0.042274605;0.036473516;0.043141434;0.052009766;0.06814613;0.08614951;0.08374906;0.07061326;0.065879037;0.065012208;0.054476896;0.054810292;0.05421018;0.074213936;0.077414537;0.070013147;0.085682756;0.085682756;0.093750938;0.090883733;0.090416978;0.071013335;0.060344665;0.052809917;0.04680879;0.040674304;0.037140307;0.050142749;0.059277798;0.068412846;0.07634767;0.063878662;0.061611569;0.072013523;0.069212997;0.073480465;0.073947219;0.075280803;0.072413598;0.069813109;0.078014649;0.084882606;0.084882606;0.089150074;0.075880915;0.062945153;0.048542449;0.05087622;0.04347483;0.035073253;0.041341096;0.056010518;0.056743989;0.068212809;0.074614011;0.082682193;0.071280052;0.072013523;0.077281178;0.060011269;0.06321187;0.061811607;0.070479901;0.071546768;0.079548271;0.083482343;0.087749811;0.098685198;
J132;0.1;3.750272221;2.775881251;2.632366302;2.247141965;1.933675103;2.1791612;2.45486097;2.704123777;3.032697476;3.493455996;4.082622629;4.49806064;4.010865155;4.788867247;4.063739083;4.951265742;4.645352298;4.830411048;4.237467706;4.018418573;4.550934568;3.991981609;4.664235844;4.237467706;4.237467706;4.146826685;2.855192144;2.028092832;2.553055409;2.866522272;3.455688904;3.723835257;4.139273267;4.675565971;4.675565971;4.807750793;3.965544644;4.396089492;4.600031788;4.505614058;3.814476277;3.70872842;3.519892961;3.629417527;4.245021124;4.256351252;4.49806064;4.384759364;4.143049976;4.467846966;2.915619491;2.164054363;1.933675103;1.691965715;1.94878194;2.787211379;3.534999797;4.426303165;4.192147196;3.825806405;4.003311736;4.139273267;3.950437808;4.558487987;3.912670716;3.833359823;4.380982655;5.049460181;4.649129007;4.781313828;5.106110818;4.970149288;3.965544644;2.991153675;2.9193962;2.005432577;2.13006398;2.386880205;2.390656914;2.813648343;3.644524364;4.917275359;4.717109772;3.837136532;4.188370486;4.07884592;4.135496558;4.290341634;4.207254032;3.270630154;3.206426098;3.436805359;4.007088445;5.034353344;4.192147196;4.754876864;4.513167476;3.081794695;2.9193962;2.394433623;2.065859924;2.443530843;2.945833164;3.859796787;4.879508267;4.743546737;3.999535027;3.731388675;3.682291456;3.085571404;3.10445495;3.070464568;4.203477323;4.384759364;3.965544644;4.853071303;4.853071303;5.310053114;5.147654619;5.121217655;4.022195282;3.417921813;2.991153675;2.651249848;2.303792603;2.103627016;2.840085307;3.357494466;3.874903624;4.324332017;3.618087399;3.489679287;4.07884592;3.920224134;4.161933522;4.188370486;4.26390467;4.101506175;3.954214517;4.418749747;4.807750793;4.807750793;5.049460181;4.297895053;3.565213471;2.749444287;2.881629108;2.462414389;1.986549031;2.341559695;3.172435716;3.213979517;3.863573496;4.226137578;4.68311939;4.037302119;4.07884592;4.377205946;3.399038267;3.580320308;3.501009415;3.991981609;4.052408956;4.505614058;4.7284399;4.970149288;5.589529594;
J134;0.1;1.304384936;0.965481297;0.915565257;0.781580097;0.672552958;0.757935657;0.853826997;0.940523277;1.054804736;1.215061496;1.419979975;1.564473775;1.395021955;1.665619434;1.413412075;1.722103374;1.615703395;1.680068814;1.473836755;1.397649115;1.582863895;1.388454055;1.622271295;1.473836755;1.473836755;1.442310835;0.993066477;0.705392458;0.887980077;0.997007217;1.201925696;1.295189876;1.439683675;1.626212035;1.626212035;1.672187334;1.379258995;1.529007115;1.599940435;1.567100935;1.326715796;1.289935556;1.224256556;1.262350376;1.476463915;1.480404655;1.564473775;1.525066375;1.440997255;1.553965135;1.014083757;0.752681337;0.672552958;0.588483838;0.677807278;0.969422037;1.229510876;1.539515755;1.458073795;1.330656536;1.392394795;1.439683675;1.374004675;1.585491055;1.360868875;1.333283695;1.523752795;1.756256454;1.617016975;1.662992274;1.775960154;1.728671274;1.379258995;1.040355356;1.015397337;0.697510978;0.740859117;0.830182557;0.831496137;0.978617097;1.267604696;1.710281154;1.640661414;1.334597275;1.456760215;1.418666395;1.438370095;1.492226875;1.463328115;1.137560276;1.115229416;1.195357796;1.393708375;1.751002134;1.458073795;1.653797214;1.569728095;1.071881276;1.015397337;0.832809717;0.718528258;0.849886257;1.024592397;1.342478755;1.697145354;1.649856474;1.391081215;1.297817036;1.280740496;1.073194856;1.079762756;1.067940536;1.462014535;1.525066375;1.379258995;1.687950294;1.687950294;1.846893474;1.790409534;1.781214474;1.398962695;1.188789896;1.040355356;0.922133157;0.801283797;0.731664058;0.987812157;1.167772616;1.347733075;1.504049095;1.258409636;1.213747916;1.418666395;1.363496035;1.447565155;1.456760215;1.483031815;1.426547875;1.375318255;1.536888595;1.672187334;1.672187334;1.756256454;1.494854035;1.240019516;0.956286237;1.002261537;0.856454157;0.690943078;0.814419597;1.103407196;1.117856576;1.343792335;1.469896015;1.628839194;1.404217015;1.418666395;1.522439215;1.182221996;1.245273836;1.217688656;1.388454055;1.409471335;1.567100935;1.644602154;1.728671274;1.944098393;
J135;0.1;1.493752495;1.105647617;1.048484883;0.895048071;0.770192626;0.867970986;0.977783607;1.07706625;1.207938825;1.391461287;1.626129352;1.791600424;1.597547985;1.907430175;1.61860794;1.972114321;1.850267441;1.923977282;1.687804934;1.60055655;1.812660379;1.590026573;1.857788853;1.687804934;1.687804934;1.651702154;1.137237549;0.807799688;1.016894951;1.141750396;1.376418462;1.483222517;1.648693589;1.8623017;1.8623017;1.914951587;1.579496596;1.750984797;1.832216051;1.794608989;1.519325297;1.477205388;1.401991264;1.445615456;1.690813499;1.695326346;1.791600424;1.74647195;1.650197872;1.779566164;1.161306068;0.861953856;0.770192626;0.673918547;0.776209756;1.110160464;1.408008394;1.763019057;1.669753544;1.523838144;1.59453942;1.648693589;1.573479466;1.815668944;1.558436641;1.526846709;1.744967668;2.011225665;1.851771723;1.90442161;2.033789902;1.979635733;1.579496596;1.191391718;1.162810351;0.798773993;0.848415314;0.950706522;0.952210805;1.120690442;1.451632586;1.958575779;1.878848808;1.528350992;1.668249262;1.62462507;1.647189307;1.708864888;1.675770674;1.302708621;1.277135819;1.36889705;1.596043703;2.005208535;1.669753544;1.893891632;1.797617554;1.227494497;1.162810351;0.953715087;0.822842512;0.973270759;1.173340328;1.537376686;1.943532954;1.889378785;1.593035138;1.486231082;1.46667541;1.22899878;1.236520192;1.22298165;1.674266391;1.74647195;1.579496596;1.933002977;1.933002977;2.115021156;2.050337009;2.039807032;1.602060833;1.361375637;1.191391718;1.056006295;0.917612308;0.837885337;1.131220419;1.337307118;1.543393816;1.722403431;1.441102608;1.389957004;1.62462507;1.561445206;1.657719284;1.668249262;1.698334911;1.633650765;1.574983748;1.760010492;1.914951587;1.914951587;2.011225665;1.711873453;1.420042654;1.09511764;1.147767526;0.980792172;0.79125258;0.932655133;1.263597277;1.280144384;1.538880969;1.683292086;1.865310265;1.608077963;1.62462507;1.743463385;1.353854225;1.426059784;1.394469852;1.590026573;1.614095093;1.794608989;1.883361655;1.979635733;2.226338059;
J571;0.1;4.858668354;3.596295307;3.410364393;2.911286677;2.505174418;2.823214139;3.180397211;3.50332985;3.929013785;4.525949877;5.289245207;5.827466274;5.19627975;6.20422102;5.264780613;6.414616528;6.018290106;6.258043127;5.489854877;5.206065588;5.895967137;5.171815156;6.0427547;5.489854877;5.489854877;5.372424826;3.699046602;2.627497388;3.307613099;3.713725358;4.477020689;4.824417922;5.362638989;6.057433456;6.057433456;6.228685614;5.137564725;5.695357466;5.959575081;5.837252111;4.941847973;4.804846247;4.560200308;4.702094953;5.499640715;5.514319471;5.827466274;5.68067871;5.367531908;5.788322923;3.777333302;2.803642464;2.505174418;2.192027616;2.524746093;3.610974064;4.579771983;5.734500817;5.431139852;4.95652673;5.186493913;5.362638989;5.11799305;5.905752974;5.069063862;4.966312567;5.675785791;6.541832416;6.023183025;6.194435182;6.615226198;6.439081122;5.137564725;3.875191678;3.782226221;2.598139875;2.759606195;3.092324672;3.097217591;3.645224495;4.721666628;6.370580259;6.111255563;4.971205486;5.426246933;5.284352288;5.35774607;5.55835574;5.450711527;4.237267668;4.154088049;4.452556095;5.191386831;6.522260741;5.431139852;6.160184751;5.847037949;3.992621729;3.782226221;3.10211051;2.676426576;3.165718454;3.816476653;5.000562999;6.321651071;6.145505995;5.181600994;4.83420376;4.770595816;3.997514648;4.021979242;3.977942973;5.445818608;5.68067871;5.137564725;6.287400639;6.287400639;6.879443812;6.669048305;6.634797873;5.210958507;4.428091501;3.875191678;3.434828987;2.984680459;2.725355764;3.679474927;4.3498048;5.020134674;5.602392009;4.687416196;4.521056958;5.284352288;5.078849699;5.391996502;5.426246933;5.524105309;5.313709801;5.122885968;5.724714979;6.228685614;6.228685614;6.541832416;5.568141578;4.618915334;3.562044876;3.733297033;3.190183048;2.573675281;3.033609647;4.11005178;4.163873886;5.005455918;5.475176121;6.067219294;5.230530182;5.284352288;5.670892872;4.403626907;4.638487009;4.535735714;5.171815156;5.250101857;5.837252111;6.125934319;6.439081122;7.241519803;
J575;0.1;0.550887445;0.407756568;0.386675276;0.33008865;0.28404267;0.320102775;0.360601046;0.397215922;0.445480985;0.513163028;0.599707279;0.660732071;0.589166633;0.703449426;0.596933425;0.727304572;0.682368134;0.709551905;0.622452883;0.590276175;0.668498863;0.586392779;0.685141988;0.622452883;0.622452883;0.609138383;0.419406756;0.297911941;0.375025088;0.421071068;0.507615319;0.547004049;0.608028841;0.686806301;0.686806301;0.70622328;0.582509383;0.645753259;0.675710884;0.661841613;0.560318549;0.544784966;0.517046424;0.533134778;0.623562425;0.625226738;0.660732071;0.644088946;0.608583612;0.656293905;0.428283089;0.317883692;0.28404267;0.248537337;0.286261754;0.40942088;0.519265507;0.650191425;0.615795633;0.561982862;0.588057091;0.608028841;0.580290299;0.669608405;0.574742591;0.563092403;0.643534175;0.741728614;0.682922905;0.702339884;0.750050177;0.730078426;0.582509383;0.439378506;0.42883786;0.294583316;0.312890754;0.350615171;0.351169942;0.413304276;0.535353861;0.722311635;0.69290878;0.563647174;0.615240862;0.599152508;0.607474071;0.630219675;0.618014717;0.480431548;0.471000444;0.504841465;0.588611862;0.739509531;0.615795633;0.698456489;0.662951155;0.452693006;0.42883786;0.351724713;0.30345965;0.358936734;0.432721256;0.566975799;0.716763926;0.696792176;0.58750232;0.548113591;0.54090157;0.453247777;0.456021631;0.451028694;0.617459946;0.644088946;0.582509383;0.71288053;0.71288053;0.780007802;0.756152656;0.75226926;0.590830945;0.502067611;0.439378506;0.38944913;0.338410213;0.309007358;0.417187672;0.493191277;0.569194883;0.635212613;0.531470465;0.512608257;0.599152508;0.575852133;0.611357467;0.615240862;0.626336279;0.602481133;0.58084507;0.649081884;0.70622328;0.70622328;0.741728614;0.631329217;0.523703674;0.403873172;0.423290152;0.361710588;0.291809462;0.343957921;0.466007506;0.472109985;0.56753057;0.620788571;0.687915843;0.593050029;0.599152508;0.642979404;0.499293757;0.525922757;0.514272569;0.586392779;0.595269112;0.661841613;0.694573093;0.730078426;0.821060844;
J576;0.1;1.771844715;1.311486269;1.243681537;1.061679361;0.913579551;1.02956133;1.159817789;1.277583903;1.432821053;1.65050993;1.9288662;2.125143056;1.894963834;2.262536856;1.919944525;2.339263264;2.194732124;2.282164542;2.002023937;1.898532504;2.150123747;1.886042158;2.203653799;2.002023937;2.002023937;1.959199896;1.348957305;0.958187927;1.206210501;1.354310311;1.63266658;1.759354369;1.955631226;2.209006804;2.209006804;2.271458531;1.873551813;2.07696601;2.173320103;2.128711727;1.802178411;1.752217029;1.663000276;1.714745993;2.005592607;2.010945613;2.125143056;2.071613005;1.957415561;2.110868376;1.377506666;1.022423989;0.913579551;0.799382107;0.920716891;1.316839274;1.670137616;2.09124069;1.980611917;1.807531416;1.891395164;1.955631226;1.866414473;2.153692417;1.848571122;1.811100086;2.06982867;2.385655975;2.196516459;2.258968186;2.412421001;2.348184939;1.873551813;1.413193367;1.379291001;0.947481917;1.006364974;1.127699758;1.129484093;1.32932962;1.721883333;2.323204248;2.22863449;1.812884421;1.978827581;1.927081865;1.953846891;2.027004628;1.987749257;1.545234162;1.514900466;1.623744905;1.893179499;2.378518635;1.980611917;2.24647784;2.132280397;1.456017409;1.379291001;1.131268428;0.976031278;1.154464784;1.391781347;1.823590431;2.305360897;2.241124835;1.889610828;1.762923039;1.739726683;1.457801744;1.466723419;1.450664404;1.985964922;2.071613005;1.873551813;2.292870552;2.292870552;2.508775094;2.432048687;2.419558341;1.900316839;1.614823229;1.413193367;1.252603212;1.088444387;0.993874628;1.341819965;1.586273868;1.830727772;2.043063644;1.709392987;1.648725595;1.927081865;1.852139792;1.966337236;1.978827581;2.014514283;1.937787875;1.868198808;2.08767202;2.271458531;2.271458531;2.385655975;2.030573298;1.684412297;1.298995924;1.361447651;1.163386459;0.938560242;1.106287737;1.49884145;1.518469136;1.825374766;1.996670932;2.212575474;1.907454179;1.927081865;2.068044334;1.605901554;1.691549637;1.654078601;1.886042158;1.914591519;2.128711727;2.233987495;2.348184939;2.640815889;
J580;0.1;13.25043215;9.80772168;9.300655798;7.939584217;6.832045579;7.699395115;8.673495364;9.554188739;10.71510273;12.34305109;14.42468998;15.89251227;14.17115704;16.91998788;14.35797079;17.49377296;16.412922;17.06677011;14.97178738;14.19784472;16.07932602;14.10443785;16.47964119;14.97178738;14.97178738;14.65153524;10.0879423;7.165641554;9.020435178;10.12797382;12.2096127;13.15702527;14.62484757;16.51967271;16.51967271;16.98670707;14.01103097;15.53222862;16.25279593;15.91919995;13.47727741;13.10364992;12.43645797;12.8234293;14.99847506;15.03850658;15.89251227;15.4921971;14.63819141;15.78576156;10.30144372;7.646019759;6.832045579;5.978039881;6.885420935;9.847753197;12.48983332;15.63897933;14.81166131;13.51730893;14.14446936;14.62484757;13.95765562;16.1060137;13.82421723;13.54399661;15.47885326;17.84071277;16.42626583;16.8933002;18.04087036;17.56049215;14.01103097;10.5683205;10.31478756;7.08557852;7.525925208;8.433306261;8.4466501;9.941160071;12.87680466;17.37367841;16.66645494;13.55734045;14.79831747;14.41134614;14.61150373;15.15860113;14.86503667;11.55576459;11.32891933;12.14289351;14.1578132;17.78733741;14.81166131;16.79989333;15.94588763;10.88857264;10.31478756;8.459993939;7.299079944;8.633463847;10.40819444;13.63740348;17.24024001;16.75986181;14.13112552;13.18371295;13.01024305;10.90191648;10.96863568;10.84854112;14.85169283;15.4921971;14.01103097;17.14683314;17.14683314;18.76143766;18.18765259;18.09424571;14.21118856;12.07617431;10.5683205;9.367374993;8.139741803;7.432518335;10.03456694;11.86267289;13.69077884;15.27869568;12.78339778;12.32970726;14.41134614;13.8509049;14.7049106;14.79831747;15.06519425;14.49140918;13.97099945;15.61229165;16.98670707;16.98670707;17.84071277;15.18528881;12.59658404;9.714314807;10.18134917;8.700183042;7.018859325;8.273180193;11.20882478;11.35560701;13.65074732;14.93175586;16.54636039;14.26456391;14.41134614;15.46550943;12.00945512;12.64995939;12.36973877;14.10443785;14.31793927;15.91919995;16.70648645;17.56049215;19.74888175;
J486;0.1;2.222089261;1.644748849;1.559714214;1.331463354;1.14572981;1.29118379;1.454539798;1.602231531;1.796916089;2.06992202;2.419011572;2.665164461;2.376494255;2.837471483;2.407822804;2.933694885;2.752436849;2.862086772;2.510759467;2.380969762;2.69649301;2.365305487;2.763625616;2.510759467;2.510759467;2.457053382;1.691741673;1.201673649;1.51272139;1.698454934;2.047544485;2.206424986;2.452577875;2.770338877;2.770338877;2.848660251;2.349641212;2.604745115;2.725583806;2.669639968;2.260131071;2.197473972;2.085586295;2.150481148;2.515234974;2.521948235;2.665164461;2.598031855;2.454815629;2.647262433;1.727545729;1.282232776;1.14572981;1.002513584;1.154680824;1.651462109;2.094537309;2.622647144;2.483906424;2.266844332;2.372018748;2.452577875;2.340690198;2.700968517;2.318312663;2.271319839;2.595794101;2.991876477;2.754674602;2.832995976;3.02544278;2.944883653;2.349641212;1.7723008;1.729783483;1.188247127;1.262092994;1.414260234;1.416497988;1.667126384;2.159432162;2.913555103;2.794954166;2.273557592;2.481668671;2.416773818;2.450340121;2.542088016;2.492857439;1.937894562;1.899852752;2.036355717;2.374256501;2.982925463;2.483906424;2.817331701;2.674115475;1.826006885;1.729783483;1.418735742;1.224051184;1.447826538;1.745447758;2.286984113;2.891177568;2.810618441;2.369780994;2.210900493;2.181809697;1.828244639;1.839433406;1.819293624;2.490619685;2.598031855;2.349641212;2.875513293;2.875513293;3.146281471;3.050058069;3.034393794;2.383207515;2.02516695;1.7723008;1.570902982;1.365029657;1.246428719;1.682790659;1.989362893;2.295935128;2.562227798;2.143767887;2.067684267;2.416773818;2.32278817;2.466004396;2.481668671;2.526423742;2.43020034;2.342927952;2.618171637;2.848660251;2.848660251;2.991876477;2.546563523;2.112439338;1.629084574;1.707405948;1.459015305;1.17705836;1.387407192;1.87971297;1.904328259;2.289221867;2.504046206;2.774814384;2.39215853;2.416773818;2.593556348;2.013978182;2.121390352;2.074397527;2.365305487;2.401109544;2.669639968;2.801667427;2.944883653;3.311875233;
J488;0.1;2.00491248;1.483998663;1.407274923;1.201332251;1.03375145;1.164989427;1.31237977;1.445636793;1.621293778;1.867617365;2.18258851;2.404683548;2.14422664;2.560150075;2.172493281;2.646969044;2.483426334;2.582359579;2.265369388;2.148264731;2.432950189;2.134131411;2.493521563;2.265369388;2.265369388;2.216912289;1.526398625;1.084227595;1.364874961;1.532455762;1.847426907;1.990779159;2.212874197;2.499578701;2.499578701;2.570245304;2.11999809;2.350169312;2.459197785;2.40872164;2.039236258;1.982702976;1.881750686;1.940303014;2.26940748;2.275464617;2.404683548;2.344112174;2.214893243;2.388531182;1.558703358;1.156913244;1.03375145;0.904532519;1.041827633;1.490055801;1.889826869;2.366321678;2.241140838;2.045293396;2.140188548;2.212874197;2.111921907;2.436988281;2.091731449;2.049331487;2.342093128;2.699464235;2.48544538;2.556111983;2.729749922;2.657064273;2.11999809;1.599084274;1.560722404;1.07211332;1.138741831;1.276036946;1.278055992;1.504189121;1.948379197;2.628797632;2.521788205;2.051350533;2.239121793;2.180569464;2.210855151;2.293636029;2.249217022;1.748493663;1.714169884;1.837331678;2.142207594;2.691388052;2.241140838;2.541978663;2.412759731;1.647541373;1.560722404;1.280075037;1.104418053;1.306322633;1.574855724;2.063464808;2.608607174;2.535921525;2.138169502;1.994817251;1.968569655;1.649560419;1.659655648;1.641484236;2.247197976;2.344112174;2.11999809;2.594473853;2.594473853;2.838778395;2.751959426;2.737826105;2.150283777;1.827236449;1.599084274;1.417370152;1.231617938;1.124608511;1.518322442;1.794931716;2.071540991;2.311807441;1.934245877;1.865598319;2.180569464;2.095769541;2.224988472;2.239121793;2.279502709;2.192683739;2.113940953;2.362283586;2.570245304;2.570245304;2.699464235;2.297674121;1.905979235;1.469865343;1.540531946;1.316417862;1.062018091;1.251808396;1.695998472;1.718207976;2.065483854;2.259312251;2.503616792;2.158359961;2.180569464;2.340074083;1.81714122;1.914055419;1.871655457;2.134131411;2.166436144;2.40872164;2.527845342;2.657064273;2.988187784;
J489;0.1;3.006044471;2.225017811;2.109982876;1.801204894;1.54994438;1.746714662;1.967702826;2.167500344;2.430869799;2.800192483;3.272441161;3.605437024;3.214923694;3.838534128;3.257304986;3.968705238;3.723499194;3.871833714;3.396557801;3.220978164;3.647818316;3.199787518;3.738635369;3.396557801;3.396557801;3.323904158;2.288589748;1.625625258;2.046410939;2.297671454;2.769920132;2.984853825;3.317849688;3.747717074;3.747717074;3.853670304;3.178596873;3.523701676;3.687172372;3.611491494;3.057507468;2.972744885;2.821383129;2.909172947;3.402612271;3.411693976;3.605437024;3.51461997;3.320876923;3.581219143;2.33702551;1.734605722;1.54994438;1.356201332;1.56205332;2.234099516;2.833492069;3.547919557;3.36023098;3.066589173;3.208869224;3.317849688;3.166487932;3.653872786;3.136215581;3.072643643;3.511592735;4.047413351;3.726526429;3.832479658;4.092821878;3.983841414;3.178596873;2.397570212;2.340052745;1.607461847;1.707360606;1.913212594;1.916239829;2.255290162;2.921281888;3.941460122;3.781016661;3.075670879;3.357203744;3.269413926;3.314822453;3.438939093;3.37233992;2.621585611;2.570122614;2.754783956;3.211896459;4.035304411;3.36023098;3.811289012;3.617545964;2.470223855;2.340052745;1.919267064;1.655897609;1.95862112;2.361243391;3.093834289;3.911187771;3.802207307;3.205841989;2.990908295;2.951554239;2.47325109;2.488387266;2.46114215;3.369312685;3.51461997;3.178596873;3.889997125;3.889997125;4.256292574;4.126121464;4.104930818;3.224005399;2.739647781;2.397570212;2.125119052;1.846613421;1.68616996;2.276480808;2.691212019;3.10594323;3.466184209;2.900091242;2.797165248;3.269413926;3.142270051;3.336013099;3.357203744;3.417748447;3.287577337;3.169515167;3.541865087;3.853670304;3.853670304;4.047413351;3.444993563;2.85770995;2.203827165;2.309780394;1.973757296;1.592325671;1.876885772;2.542877498;2.576177084;3.096861524;3.387476096;3.753771545;3.23611434;3.269413926;3.5085655;2.724511605;2.869818891;2.806246953;3.199787518;3.24822328;3.611491494;3.790098366;3.983841414;4.480307973;
J385;0.1;43.96770419;32.54407108;30.86152047;26.3452004;22.67015564;25.54820274;28.78047102;31.70279577;35.55495113;40.95682415;47.86413719;52.73467844;47.02286189;56.14405732;47.64274896;58.04799617;54.46150671;56.63111144;49.67952075;47.11141718;53.35456551;46.80147365;54.68289494;49.67952075;49.67952075;48.61685721;33.47390168;23.77709683;29.93168986;33.60673463;40.51404767;43.65776066;48.52830191;54.81572789;54.81572789;56.36544556;46.49153011;51.53918196;53.93017493;52.82323374;44.72042421;43.48065007;41.26676768;42.55081947;49.76807605;49.90090899;52.73467844;51.40634901;48.57257956;52.38045726;34.18234405;25.37109215;22.67015564;19.83638618;22.84726623;32.67690402;41.44387827;51.89340314;49.14818898;44.85325715;46.93430659;48.52830191;46.31441952;53.44312081;45.87164305;44.94181244;51.36207137;59.19921501;54.50578435;56.05550202;59.86337973;58.26938441;46.49153011;35.067897;34.22662169;23.51143094;24.97259332;27.98347336;28.02775101;32.98684756;42.72793006;57.64949734;55.30278201;44.98609009;49.10391133;47.81985955;48.48402426;50.29940782;49.32529957;38.34444293;37.59172292;40.29265943;46.97858424;59.02210442;49.14818898;55.74555849;52.91178904;36.13056055;34.22662169;28.07202866;24.21987331;28.64763808;34.53656523;45.25175598;57.20672087;55.61272555;46.89002894;43.74631596;43.17070654;36.17483819;36.39622643;35.9977276;49.28102192;51.40634901;46.49153011;56.89677733;56.89677733;62.25437271;60.35043385;60.04049032;47.15569483;40.07127119;35.067897;31.08290871;27.00936511;24.66264978;33.29679109;39.36282883;45.42886657;50.69790665;42.41798652;40.9125465;47.81985955;45.96019834;48.7939678;49.10391133;49.98946429;48.08552543;46.35869717;51.80484784;56.36544556;56.36544556;59.19921501;50.38796312;41.79809946;32.23412755;33.78384522;28.86902632;23.29004271;27.45214159;37.19322409;37.68027822;45.29603363;49.54668781;54.90428318;47.33280542;47.81985955;51.31779372;39.84988296;41.97521005;41.04537944;46.80147365;47.50991601;52.82323374;55.43561496;58.26938441;65.53091864;
J490;0.1;2.157201076;1.59671983;1.514168328;1.292582719;1.112272861;1.253479377;1.412065156;1.555444079;1.744443569;2.009477337;2.348372974;2.587337847;2.307097224;2.754613257;2.337510935;2.848026799;2.672061756;2.778509745;2.437441699;2.311442039;2.617751558;2.296235184;2.682923796;2.437441699;2.437441699;2.385303909;1.642340396;1.166583059;1.468547762;1.64885762;1.987753258;2.141994221;2.380959093;2.689441019;2.689441019;2.765475297;2.281028328;2.528682833;2.645992861;2.591682663;2.194132011;2.133304589;2.024684192;2.087684022;2.441786515;2.448303739;2.587337847;2.522165609;2.383131501;2.569958583;1.677098923;1.244789745;1.112272861;0.973238753;1.120962493;1.603237054;2.033373824;2.546062096;2.411372804;2.200649235;2.302752408;2.380959093;2.272338697;2.622096374;2.250614617;2.204994051;2.519993201;2.904509405;2.674234164;2.750268442;2.937095524;2.858888838;2.281028328;1.720547082;1.679271331;1.153548612;1.225238074;1.372961813;1.375134221;1.618443909;2.096373654;2.828475127;2.713337507;2.207166459;2.409200396;2.346200566;2.378786685;2.46785541;2.420062436;1.881305269;1.844374334;1.976891218;2.304924816;2.895819773;2.411372804;2.735061586;2.596027478;1.772684872;1.679271331;1.377306629;1.188307139;1.405547932;1.694478187;2.220200906;2.806751048;2.728544362;2.30058;2.146339037;2.118097733;1.77485728;1.78571932;1.766167649;2.417890028;2.522165609;2.281028328;2.791544192;2.791544192;3.054405552;2.960992011;2.945785155;2.313614447;1.966029178;1.720547082;1.525030368;1.325168838;1.210031218;1.633650765;1.931270651;2.228890538;2.487407082;2.081166799;2.007304929;2.346200566;2.254959433;2.393993541;2.409200396;2.452648555;2.359235014;2.274511105;2.54171728;2.765475297;2.765475297;2.904509405;2.472200226;2.050753088;1.581512974;1.657547252;1.416409971;1.142686572;1.346892918;1.824822663;1.84871915;2.222373314;2.430924476;2.693785835;2.322304079;2.346200566;2.517820793;1.955167139;2.059442719;2.013822153;2.296235184;2.330993711;2.591682663;2.719854731;2.858888838;3.215163739;
J491;0.1;1.341463898;0.99292645;0.941591477;0.803797603;0.691671214;0.779481037;0.878098221;0.967258964;1.084789034;1.249601315;1.460344888;1.608946126;1.434677402;1.712966992;1.453590286;1.771056567;1.661632019;1.727827116;1.515732622;1.437379242;1.62785901;1.4279228;1.668386621;1.515732622;1.515732622;1.483310534;1.021295778;0.725444223;0.91322215;1.025348539;1.236092112;1.332007456;1.480608693;1.672439382;1.672439382;1.719721594;1.418466358;1.572471276;1.645420975;1.611647966;1.364429544;1.326603774;1.259057757;1.298234447;1.518434463;1.522487224;1.608946126;1.568418515;1.481959614;1.598138763;1.042910503;0.774077355;0.691671214;0.605212313;0.697074896;0.996979211;1.264461439;1.583278639;1.499521578;1.368482305;1.431975561;1.480608693;1.413062676;1.630560851;1.399553473;1.371184146;1.567067595;1.806180495;1.662982939;1.710265151;1.826444301;1.777811168;1.418466358;1.06992891;1.044261423;0.717338701;0.761919072;0.853781655;0.855132576;1.006435654;1.303638129;1.758898283;1.687299505;1.372535066;1.498170658;1.458993968;1.479257773;1.534645507;1.504925259;1.169897015;1.146931369;1.22933751;1.433326481;1.800776814;1.499521578;1.700808709;1.614349807;1.102350998;1.044261423;0.856483496;0.738953426;0.87404546;1.053717866;1.380640588;1.74538908;1.696755948;1.430624641;1.334709297;1.317147332;1.103701918;1.11045652;1.098298237;1.503574339;1.568418515;1.418466358;1.735932638;1.735932638;1.899393999;1.841304424;1.831847982;1.438730163;1.222582908;1.06992891;0.948346079;0.824061408;0.75246263;1.015892096;1.200968183;1.386044269;1.54680379;1.294181686;1.248250395;1.458993968;1.402255314;1.488714215;1.498170658;1.525189065;1.46709949;1.414413597;1.580576799;1.719721594;1.719721594;1.806180495;1.537347348;1.275268802;0.983470008;1.03075222;0.880800062;0.710584099;0.837570611;1.134773086;1.14963321;1.381991508;1.511679861;1.675141222;1.444133844;1.458993968;1.565716675;1.215828307;1.280672483;1.252303156;1.4279228;1.449537525;1.611647966;1.691352266;1.777811168;1.999362104;
J492;0.1;39.15273605;28.98012185;27.48182983;23.46009864;20.18751345;22.75038137;25.62867918;28.23097584;31.66127598;36.47158192;42.62246492;46.95962601;41.87331891;49.99563878;42.42532123;51.69107448;48.49734676;50.42935489;44.23904315;41.95217639;47.51162833;41.67617523;48.69449045;44.23904315;44.23904315;43.29275345;29.80812533;21.17323188;26.65382635;29.92641154;36.07729454;38.87673489;43.21389598;48.81277666;48.81277666;50.19278246;41.40017407;45.89505011;48.02420192;47.03848349;39.82302458;38.71901994;36.74758308;37.89101646;44.31790062;44.43618683;46.95962601;45.7767639;43.25332472;46.64419612;30.43898512;22.59266642;20.18751345;17.66407427;20.3452284;29.09840806;36.90529803;46.21048001;43.7658983;39.94131079;41.79446144;43.21389598;41.24245912;47.59048581;40.84817175;40.02016826;45.73733516;52.71622165;48.5367755;49.9167813;53.3076527;51.88821816;41.40017407;31.22755987;30.47841386;20.93665946;22.23780778;24.91896191;24.95839065;29.37440922;38.0487314;51.33621584;49.24649277;40.059597;43.72646956;42.58303618;43.17446724;44.79104547;43.92361325;34.14528642;33.47499789;35.88015086;41.83389018;52.5585067;43.7658983;49.64078014;47.11734096;32.17384956;30.47841386;24.99781939;21.56751925;25.51039297;30.75441502;40.29616943;50.94192847;49.52249393;41.7550327;38.95559236;38.44301878;32.2132783;32.41042198;32.05556335;43.88418451;45.7767639;41.40017407;50.66592731;50.66592731;55.43680451;53.74136881;53.46536765;41.99160513;35.68300717;31.22755987;27.67897352;24.0515297;21.96180662;29.65041038;35.05214738;40.45388437;45.1459041;37.77273024;36.43215318;42.58303618;40.92702922;43.4504684;43.72646956;44.51504431;42.81960861;41.28188786;46.13162253;50.19278246;50.19278246;52.71622165;44.86990294;37.22072792;28.70412069;30.08412649;25.70753666;20.73951577;24.44581707;33.12013925;33.55385536;40.33559816;44.12075693;48.89163414;42.14932007;42.58303618;45.69790642;35.48586349;37.37844287;36.55043939;41.67617523;42.30703502;47.03848349;49.36477898;51.88821816;58.35453107;
J493;0.1;1.763899223;1.305605165;1.23810449;1.056918467;0.909482781;1.024944463;1.154616812;1.271854827;1.426395847;1.643108541;1.920216576;2.115613267;1.886466238;2.252390951;1.911334908;2.328773294;2.184890276;2.27193062;1.993046251;1.890018905;2.140481937;1.87758457;2.193771943;1.993046251;1.993046251;1.950414246;1.342908169;0.95389112;1.200801485;1.34823717;1.625345205;1.751464888;1.946861579;2.199100944;2.199100944;2.261272619;1.865150235;2.067652261;2.163574273;2.119165934;1.794096893;1.744359553;1.655542876;1.707056549;1.996598919;2.001927919;2.115613267;2.06232326;1.948637913;2.101402598;1.371329506;1.017839128;0.909482781;0.795797434;0.916588116;1.310934165;1.66264821;2.081862929;1.971730249;1.799425894;1.882913571;1.946861579;1.858044901;2.144034604;1.840281566;1.802978561;2.060546927;2.374957966;2.186666609;2.248838284;2.40160297;2.337654962;1.865150235;1.406856177;1.37310584;0.943233119;1.001852126;1.122642808;1.124419142;1.3233685;1.714161883;2.312786292;2.218640613;1.804754894;1.969953915;1.918440242;1.945085245;2.017914921;1.978835583;1.538304861;1.50810719;1.616463537;1.884689904;2.367852632;1.971730249;2.236403949;2.122718601;1.449488183;1.37310584;1.126195475;0.971654456;1.149287812;1.385540175;1.815412896;2.295022956;2.231074948;1.881137237;1.755017555;1.731925219;1.451264516;1.460146184;1.444159182;1.977059249;2.06232326;1.865150235;2.282588621;2.282588621;2.497524982;2.421142639;2.408708304;1.891795239;1.607581869;1.406856177;1.246986157;1.08356347;0.989417791;1.335802835;1.579160533;1.82251823;2.033901923;1.701727548;1.641332207;1.918440242;1.843834233;1.95751958;1.969953915;2.005480586;1.929098243;1.859821235;2.078310262;2.261272619;2.261272619;2.374957966;2.021467588;1.676858878;1.29317083;1.355342504;1.158169479;0.934351451;1.101326806;1.492120188;1.511659857;1.817189229;1.987717251;2.202653611;1.898900573;1.918440242;2.058770593;1.598700202;1.683964212;1.646661208;1.87758457;1.906005907;2.119165934;2.223969614;2.337654962;2.628973665;
J494;0.1;0.703176041;0.520477735;0.493568682;0.421339118;0.362564082;0.408592725;0.460286432;0.507023208;0.568630777;0.655022999;0.765491743;0.84338637;0.752037217;0.897912609;0.761951078;0.928362327;0.871003556;0.905702071;0.794525195;0.753453482;0.853300232;0.748496552;0.874544221;0.794525195;0.794525195;0.777530004;0.535348527;0.380267406;0.478697889;0.537472926;0.64794167;0.698219111;0.776113738;0.87666862;0.87666862;0.901453274;0.743539621;0.82426678;0.86250596;0.844802636;0.715214302;0.695386579;0.65997993;0.680515786;0.795941461;0.79806586;0.84338637;0.822142381;0.776821871;0.837721306;0.546678655;0.405760193;0.362564082;0.317243572;0.365396614;0.522602134;0.662812462;0.829931843;0.786027599;0.717338701;0.750620951;0.776113738;0.740707089;0.854716497;0.733625759;0.718754967;0.821434248;0.946773784;0.871711689;0.896496343;0.957395778;0.931902991;0.743539621;0.560841314;0.547386788;0.376018608;0.399386996;0.447540038;0.448248171;0.527559064;0.683348318;0.92198913;0.884458082;0.7194631;0.785319466;0.76478361;0.775405605;0.804439056;0.788860131;0.613243154;0.601204893;0.644401005;0.751329084;0.943941252;0.786027599;0.891539412;0.846218902;0.577836505;0.547386788;0.448956304;0.387348736;0.458162033;0.552343718;0.723711898;0.9149078;0.889415013;0.749912818;0.699635377;0.690429648;0.578544638;0.582085303;0.575712106;0.788151998;0.822142381;0.743539621;0.909950869;0.909950869;0.995634959;0.965185241;0.96022831;0.754161615;0.64086034;0.560841314;0.497109347;0.431961113;0.394430066;0.532515995;0.629530212;0.72654443;0.810812253;0.678391387;0.654314866;0.76478361;0.735042025;0.780362535;0.785319466;0.799482126;0.769032408;0.741415222;0.828515578;0.901453274;0.901453274;0.946773784;0.805855322;0.668477526;0.515520804;0.540305458;0.461702698;0.372477943;0.439042443;0.594831697;0.602621159;0.724420031;0.792400796;0.878084886;0.756994147;0.76478361;0.820726115;0.637319675;0.671310058;0.656439265;0.748496552;0.759826679;0.844802636;0.886582481;0.931902991;1.048036799;
J495;0.1;2.524017957;1.868230814;1.77164201;1.512377325;1.301407043;1.466624734;1.65217691;1.819936412;2.041073937;2.351174834;2.747697292;3.027296462;2.69940289;3.22301588;2.734988239;3.332313737;3.126427076;3.250975797;2.851911528;2.704486511;3.06288181;2.686693837;3.139136129;2.851911528;2.851911528;2.790908073;1.921608837;1.364952309;1.718263987;1.929234269;2.325756727;2.506225282;2.785824452;3.146761561;3.146761561;3.235724933;2.668901163;2.958667574;3.095925349;3.032380083;2.567228737;2.49605804;2.368967508;2.442680016;2.856995149;2.864620581;3.027296462;2.951042143;2.788366262;3.006961976;1.962277807;1.456457492;1.301407043;1.138731163;1.311574286;1.875856246;2.379134751;2.97900206;2.8214098;2.574854169;2.694319269;2.785824452;2.65873392;3.067965432;2.633315814;2.57993779;2.948500332;3.398400814;3.128968887;3.217932259;3.436527973;3.34502279;2.668901163;2.01311402;1.964819618;1.349701445;1.433581196;1.606424319;1.608966129;1.89364892;2.452847259;3.309437442;3.174721478;2.582479601;2.81886799;2.745155481;2.783282641;2.887496877;2.831577043;2.201208006;2.157997226;2.313047674;2.696861079;3.388233571;2.8214098;3.200139584;3.037463704;2.074117475;1.964819618;1.61150794;1.390370415;1.644551478;1.982612292;2.597730465;3.284019335;3.192514153;2.691777458;2.511308903;2.478265365;2.076659286;2.089368339;2.066492043;2.829035232;2.951042143;2.668901163;3.266226661;3.266226661;3.573785747;3.46448789;3.446695216;2.707028322;2.300338621;2.01311402;1.784351063;1.550504485;1.415788521;1.911441595;2.259669651;2.607897707;2.910373172;2.435054584;2.348633023;2.745155481;2.638399435;2.801075315;2.81886799;2.869704202;2.760406345;2.661275731;2.973918438;3.235724933;3.235724933;3.398400814;2.892580498;2.399469236;1.850438139;1.939401511;1.657260531;1.336992392;1.575922591;2.13512093;2.163080847;2.600272276;2.844286096;3.151845182;2.717195565;2.745155481;2.945958521;2.287629568;2.409636478;2.356258455;2.686693837;2.727362807;3.032380083;3.18234691;3.34502279;3.761879734;
J496;0.1;2.75840997;2.041723392;1.936164904;1.652823698;1.422261737;1.602822309;1.805605721;1.988944148;2.230617529;2.569515833;3.002861206;3.308425251;2.950081962;3.522320083;2.988971932;3.641767846;3.416761595;3.552876488;3.11675326;2.955637672;3.347315221;2.936192688;3.43065087;3.11675326;3.11675326;3.050084741;2.100058346;1.491708111;1.87782995;2.108391911;2.541737284;2.738964986;3.044529031;3.438984434;3.438984434;3.536209358;2.916747703;3.233423168;3.383427335;3.313980961;2.805633505;2.727853566;2.588960818;2.669518612;3.12230897;3.130642534;3.308425251;3.225089603;3.047306886;3.286202412;2.144504025;1.591710889;1.422261737;1.24447902;1.433373157;2.050056957;2.600072238;3.255646007;3.083419;2.813967069;2.944526252;3.044529031;2.905636283;3.352870931;2.877857733;2.819522779;3.222311748;3.713992075;3.41953945;3.516764373;3.755659899;3.655657121;2.916747703;2.200061124;2.14728188;1.475040981;1.566710195;1.755604332;1.758382187;2.069501942;2.680630032;3.616767152;3.469540839;2.822300634;3.080641145;3.000083351;3.041751176;3.155643229;3.09453042;2.405622391;2.358398857;2.527848009;2.947304107;3.702880655;3.083419;3.497319388;3.319536671;2.266729643;2.14728188;1.761160042;1.51948666;1.797272156;2.166726865;2.838967764;3.588988602;3.488985824;2.941748397;2.744520696;2.708408581;2.269507498;2.283396773;2.258396078;3.091752565;3.225089603;2.916747703;3.569543617;3.569543617;3.905664067;3.786216304;3.766771319;2.958415527;2.513958734;2.200061124;1.950054178;1.694491523;1.54726521;2.088946926;2.469513055;2.850079184;3.180643924;2.661185047;2.566737978;3.000083351;2.883413443;3.06119616;3.080641145;3.136198244;3.016750481;2.908414138;3.250090297;3.536209358;3.536209358;3.713992075;3.161198939;2.622295078;2.022278407;2.119503331;1.811161431;1.461151706;1.722270072;2.333398162;2.363954567;2.841745619;3.108419695;3.444540144;2.969526947;3.000083351;3.219533893;2.50006946;2.633406497;2.575071543;2.936192688;2.980638367;3.313980961;3.477874404;3.655657121;4.111225334;
J497;0.1;2.265789467;1.677094923;1.590387974;1.357648271;1.168262041;1.316576558;1.48314517;1.633741448;1.832254725;2.110629664;2.466584505;2.717578303;2.423231031;2.893273962;2.455175696;2.991389719;2.806567013;2.918373341;2.560136739;2.427794555;2.749522968;2.411822222;2.817975822;2.560136739;2.560136739;2.505374456;1.72501192;1.225306086;1.542470976;1.731857206;2.087812046;2.249817134;2.500810932;2.824821108;2.824821108;2.904682771;2.395849889;2.655970734;2.779185872;2.722141827;2.304579417;2.240690087;2.126601997;2.192773089;2.564700263;2.571545548;2.717578303;2.649125449;2.503092694;2.699324209;1.761520109;1.307449511;1.168262041;1.022229286;1.177389088;1.683940208;2.135729044;2.674224829;2.532755597;2.311424703;2.418667507;2.500810932;2.386722842;2.754086492;2.363905224;2.315988226;2.646843687;3.050715526;2.808848775;2.888710438;3.084941953;3.002798528;2.395849889;1.807155345;1.763801871;1.211615515;1.286913655;1.442073457;1.444355219;1.699912541;2.201900136;2.970853863;2.849920487;2.318269988;2.530473836;2.464302743;2.49852917;2.592081404;2.541882645;1.976005718;1.937215768;2.076403237;2.420949269;3.041588479;2.532755597;2.872738105;2.72670535;1.861917628;1.763801871;1.446636981;1.248123704;1.476299884;1.779774204;2.331960559;2.948036245;2.86589282;2.416385746;2.254380658;2.224717754;1.86419939;1.875608199;1.855072343;2.539600883;2.649125449;2.395849889;2.932063912;2.932063912;3.20815709;3.110041333;3.094069;2.430076316;2.064994428;1.807155345;1.601796783;1.391874698;1.270941322;1.715884873;2.02848624;2.341087606;2.61261726;2.185927804;2.108347903;2.464302743;2.368468748;2.514501503;2.530473836;2.576109072;2.477993314;2.389004604;2.669661305;2.904682771;2.904682771;3.050715526;2.596644928;2.153983139;1.66112259;1.740984253;1.487708693;1.200206706;1.414692316;1.916679911;1.941779291;2.334242321;2.553291454;2.829384631;2.439203364;2.464302743;2.644561925;2.053585619;2.163110186;2.115193188;2.411822222;2.448330411;2.722141827;2.856765773;3.002798528;3.377007463;
J498;0.1;2.886862091;2.136801246;2.026327168;1.729791485;1.48849284;1.677461658;1.889688176;2.081564207;2.334491701;2.689171636;3.142696798;3.462490182;3.087459759;3.68634555;3.128160735;3.811355691;3.575871472;3.718324889;3.261892514;3.093274184;3.503191158;3.072923696;3.590407535;3.261892514;3.261892514;3.192119412;2.19785271;1.561173155;1.965275703;2.206574347;2.66009951;2.866511603;3.186304987;3.599129173;3.599129173;3.700881613;3.052573208;3.383995442;3.540984921;3.468304607;2.936284705;2.854882753;2.709522124;2.793831288;3.267706939;3.276428577;3.462490182;3.375273804;3.189212199;3.439232481;2.244368111;1.665832808;1.48849284;1.302431235;1.500121691;2.145522883;2.721150974;3.407253143;3.227005963;2.945006343;3.081645334;3.186304987;3.040944358;3.509005583;3.011872232;2.950820768;3.372366592;3.886943218;3.578778685;3.680531125;3.930551407;3.825891754;3.052573208;2.302512363;2.247275324;1.543729879;1.639667895;1.83735835;1.840265563;2.165873371;2.805460139;3.785190778;3.631108511;2.95372798;3.22409875;3.139789585;3.183397774;3.30259349;3.238634813;2.517646093;2.46822348;2.645563447;3.084552546;3.875314368;3.227005963;3.660180637;3.474119032;2.372285464;2.247275324;1.843172775;1.590245281;1.880966539;2.267625812;2.971171256;3.756118652;3.651458999;3.078738121;2.872326028;2.834532265;2.375192677;2.38972874;2.363563827;3.2357276;3.375273804;3.052573208;3.735768164;3.735768164;4.087540886;3.962530745;3.942180257;3.096181397;2.631027384;2.302512363;2.04086323;1.773399673;1.619317407;2.186223859;2.584511983;2.982800106;3.328758403;2.785109651;2.686264423;3.139789585;3.017686657;3.203748262;3.22409875;3.282243002;3.157232861;3.04385157;3.401438717;3.700881613;3.700881613;3.886943218;3.308407915;2.744408675;2.116450758;2.218203198;1.895502602;1.529193817;1.802471799;2.442058566;2.474037905;2.974078468;3.253170876;3.604943598;3.107810247;3.139789585;3.369459379;2.616491321;2.756037525;2.694986061;3.072923696;3.119439097;3.468304607;3.639830149;3.825891754;4.302674617;
J503;0.1;8.326875609;6.163397354;5.844745518;4.989416906;4.293414211;4.838476562;5.450623511;6.004071436;6.733616429;7.756656534;9.064806177;9.987219386;8.905480259;10.63290863;9.022878304;10.99348834;10.3142568;10.72514995;9.408614737;8.922251408;10.10461743;8.863552386;10.35618467;9.408614737;9.408614737;9.207360945;6.339494421;4.503053577;5.668648451;6.364651145;7.672800788;8.268176587;9.190589796;10.38134139;10.38134139;10.67483651;8.804853363;9.760808871;10.2136299;10.00399054;8.469430378;8.234634288;7.815355557;8.058537221;9.425385886;9.45054261;9.987219386;9.735652147;9.198975371;9.920134789;6.473663616;4.804934264;4.293414211;3.756737435;4.32695651;6.188554078;7.848897855;9.827893468;9.307987841;8.494587102;8.888709109;9.190589796;8.771311065;10.12138858;8.687455318;8.511358251;9.727266573;11.21151328;10.32264237;10.61613748;11.3372969;11.03541622;8.804853363;6.641375108;6.48204919;4.452740129;4.729464092;5.299683167;5.308068742;6.247253101;8.092079519;10.91801817;10.47358271;8.519743826;9.299602266;9.056420602;9.182204222;9.526012781;9.34153014;7.261907631;7.119352862;7.630872915;8.897094684;11.17797098;9.307987841;10.55743846;10.02076168;6.842628899;6.48204919;5.316454316;4.586909323;5.425466787;6.540748213;8.570057273;10.83416242;10.53228174;8.880323535;8.284947736;8.175935266;6.851014474;6.892942347;6.817472175;9.333144565;9.735652147;8.804853363;10.7754634;10.7754634;11.79011793;11.42953822;11.3708392;8.930636983;7.588945042;6.641375108;5.886673391;5.115200525;4.67076507;6.305952123;7.454775847;8.603599572;9.601482953;8.033380497;7.74827096;9.056420602;8.704226468;9.240903244;9.299602266;9.467313759;9.10673405;8.779696639;9.811122319;10.67483651;10.67483651;11.21151328;9.542783931;7.915982452;6.104698332;6.398193444;5.46739466;4.410812256;5.199056272;7.043882691;7.136124011;8.578442848;9.383458013;10.39811254;8.964179281;9.056420602;9.718880998;7.547017168;7.949524751;7.773427683;8.863552386;8.99772158;10.00399054;10.49873944;11.03541622;12.41065045;
J509;0.1;3.590038132;2.65727898;2.519895849;2.151130603;1.851056922;2.086054383;2.349974608;2.588587415;2.903122478;3.344194635;3.908188541;4.305876552;3.839496975;4.584258159;3.890111813;4.739718018;4.446875028;4.62402696;4.056417708;3.846727667;4.356491389;3.821420248;4.464951756;4.056417708;4.056417708;3.969649415;2.733201237;1.941440561;2.443973593;2.744047273;3.308041179;3.564730714;3.962418724;4.475797792;4.475797792;4.602334887;3.796112829;4.208262222;4.403490881;4.313107243;3.651499007;3.550269331;3.369502054;3.474347075;4.0636484;4.074494436;4.305876552;4.197416185;3.96603407;4.276953787;2.791046766;2.071593001;1.851056922;1.619674807;1.865518304;2.668125017;3.383963436;4.237184986;4.013033562;3.662345043;3.832266284;3.962418724;3.781651447;4.36372208;3.745497991;3.669575734;4.193800839;4.833717002;4.450490374;4.577027468;4.887947185;4.757794745;3.796112829;2.863353677;2.794662111;1.919748488;2.039054891;2.284898388;2.288513734;2.693432436;3.488808457;4.707179908;4.515566593;3.67319108;4.009418216;3.904573195;3.958803379;4.107032546;4.027494944;3.130889247;3.069428373;3.289964452;3.83588163;4.81925562;4.013033562;4.551720049;4.320337934;2.95012197;2.794662111;2.292129079;1.977594017;2.339128572;2.81996953;3.694883153;4.671026452;4.540874012;3.828650939;3.571961405;3.524961912;2.953737315;2.971814043;2.939275933;4.023879599;4.197416185;3.796112829;4.645719033;4.645719033;5.083175845;4.927715986;4.902408567;3.850343012;3.271887724;2.863353677;2.537972577;2.205360786;2.013747472;2.718739855;3.214042195;3.709344536;4.139570656;3.463501038;3.340579289;3.904573195;3.752728682;3.984110797;4.009418216;4.081725127;3.926265269;3.785266792;4.229954295;4.602334887;4.602334887;4.833717002;4.114263237;3.4128862;2.631971561;2.758508656;2.357205299;1.90167176;2.241514242;3.036890263;3.076659064;3.698498499;4.045571672;4.483028484;3.864804394;3.904573195;4.190185494;3.253810996;3.427347583;3.351425326;3.821420248;3.879265776;4.313107243;4.52641263;4.757794745;5.350711416;
J350;0.1;0.586091366;0.526488854;0.457662144;0.377482575;0.372515699;0.421474905;0.461209913;0.541389482;0.642146109;0.781928191;0.86210776;0.799667033;0.755674703;0.815986769;0.767027563;0.847207132;0.827339628;0.698200853;0.681881117;0.701748621;0.762060687;0.742193183;0.774832653;0.703877282;0.654918076;0.557709218;0.477529648;0.593186903;0.501654474;0.561256986;0.642146109;0.762060687;0.882684818;0.940158668;0.873460619;0.723744786;0.764189348;0.744321844;0.692524423;0.681881117;0.742193183;0.722325679;0.742193183;0.781928191;0.850754901;0.715230142;0.784056852;0.855721777;0.786895067;0.806762571;0.612344853;0.441342409;0.361162839;0.341295335;0.481077417;0.481077417;0.581834044;0.802505248;0.902552322;0.833016058;0.792571496;0.752836488;0.764189348;0.755674703;0.802505248;0.802505248;0.762060687;0.942996883;0.842240256;0.826630074;0.893328123;0.764189348;0.703877282;0.526488854;0.517264656;0.461209913;0.421474905;0.461209913;0.461209913;0.762060687;0.701748621;0.802505248;0.747869612;0.706715497;0.786895067;0.887651694;0.786895067;0.833725612;0.882684818;0.681881117;0.781928191;0.701748621;0.781928191;0.757093811;0.792571496;0.744321844;0.703877282;0.635050572;0.523650639;0.421474905;0.381030343;0.501654474;0.461209913;0.701748621;1.023176453;0.96144528;0.916033842;0.899004553;0.769865777;0.758512918;0.852883562;0.802505248;0.742193183;0.681881117;0.701748621;0.942996883;0.940868222;0.973507693;0.824501413;0.864236421;0.844368917;0.729421216;0.561256986;0.441342409;0.381030343;0.441342409;0.501654474;0.642146109;0.601701548;0.822372752;0.76844667;0.646403432;0.726583001;0.767027563;0.718068357;0.7741231;0.762060687;0.802505248;0.681881117;0.842240256;0.962864387;0.918872057;0.933063131;0.804633909;0.764189348;0.595315564;0.580414936;0.541389482;0.400897847;0.541389482;0.621569052;0.642146109;0.701748621;0.947254205;0.924548487;0.815986769;0.706715497;0.698200853;0.637888787;0.881975264;0.822372752;0.662013613;0.662013613;0.762060687;0.781928191;0.826630074;0.933063131;
J94;0.1;1.657488293;1.488930162;1.294285653;1.067534833;1.053488322;1.191946787;1.304318875;1.531069695;1.816013203;2.211322154;2.438072974;2.261488265;2.13707631;2.307641086;2.169182621;2.395933441;2.339747397;1.974538112;1.92838529;1.984571334;2.15513611;2.098950066;2.19125571;1.990591267;1.852132802;1.577222516;1.350471697;1.677554737;1.418697607;1.587255738;1.816013203;2.15513611;2.496265662;2.65880386;2.470179285;2.046777311;2.161156043;2.10497;1.958484957;1.92838529;2.098950066;2.042764022;2.098950066;2.211322154;2.405966663;2.022697578;2.217342087;2.420013174;2.225368665;2.281554709;1.731734137;1.248132831;1.021382011;0.965195967;1.360504919;1.360504919;1.645448427;2.269514842;2.552451706;2.355800552;2.24142182;2.129049733;2.161156043;2.13707631;2.269514842;2.269514842;2.15513611;2.666830438;2.38188693;2.337740753;2.526365328;2.161156043;1.990591267;1.488930162;1.462843784;1.304318875;1.191946787;1.304318875;1.304318875;2.15513611;1.984571334;2.269514842;2.115003222;1.998617845;2.225368665;2.510312173;2.225368665;2.357807197;2.496265662;1.92838529;2.211322154;1.984571334;2.211322154;2.141089599;2.24142182;2.10497;1.990591267;1.795946758;1.480903584;1.191946787;1.077568055;1.418697607;1.304318875;1.984571334;2.893581258;2.719003193;2.59057795;2.542418484;2.177209199;2.145102888;2.411986596;2.269514842;2.098950066;1.92838529;1.984571334;2.666830438;2.660810505;2.753116148;2.331720819;2.444092907;2.387906863;2.062830467;1.587255738;1.248132831;1.077568055;1.248132831;1.418697607;1.816013203;1.701634471;2.325700886;2.17319591;1.828053069;2.054803889;2.169182621;2.030724156;2.189249065;2.15513611;2.269514842;1.92838529;2.38188693;2.723016482;2.598604528;2.638737416;2.275534776;2.161156043;1.683574671;1.641435138;1.531069695;1.133754099;1.531069695;1.757820514;1.816013203;1.984571334;2.678870304;2.614657683;2.307641086;1.998617845;1.974538112;1.803973336;2.494259018;2.325700886;1.872199247;1.872199247;2.15513611;2.211322154;2.337740753;2.638737416;
J123;0.1;2.674110326;2.402166903;2.088136998;1.722308346;1.699646394;1.923028491;2.104324107;2.470152759;2.929866641;3.567638716;3.933467369;3.648574259;3.447854113;3.723034958;3.499652861;3.865481513;3.774833705;3.185622955;3.111162256;3.201810064;3.476990909;3.386343101;3.535264499;3.211522329;2.988140232;2.544613458;2.178784806;2.706484543;2.288857144;2.560800567;2.929866641;3.476990909;4.027352598;4.289583756;3.985266116;3.302170137;3.486703174;3.396055366;3.159723582;3.111162256;3.386343101;3.295695293;3.386343101;3.567638716;3.881668622;3.263321076;3.577350981;3.904330573;3.590300668;3.680948476;2.793894929;2.013676299;1.647847647;1.557199839;2.194971914;2.194971914;2.654685796;3.661523946;4.118000406;3.800733079;3.616200042;3.434904427;3.486703174;3.447854113;3.661523946;3.661523946;3.476990909;4.302533443;3.842819561;3.771596284;4.075913924;3.486703174;3.211522329;2.402166903;2.360080421;2.104324107;1.923028491;2.104324107;2.104324107;3.476990909;3.201810064;3.661523946;3.412242475;3.224472016;3.590300668;4.05001455;3.590300668;3.803970501;4.027352598;3.111162256;3.567638716;3.201810064;3.567638716;3.454328957;3.616200042;3.396055366;3.211522329;2.897492424;2.389217217;1.923028491;1.738495454;2.288857144;2.104324107;3.201810064;4.668362095;4.386706407;4.179511418;4.101813297;3.512602547;3.4608038;3.891380887;3.661523946;3.386343101;3.111162256;3.201810064;4.302533443;4.292821178;4.441742576;3.761884019;3.943179634;3.852531826;3.32806951;2.560800567;2.013676299;1.738495454;2.013676299;2.288857144;2.929866641;2.745333604;3.752171753;3.506127704;2.949291171;3.315119824;3.499652861;3.276270763;3.532027078;3.476990909;3.661523946;3.111162256;3.842819561;4.393181251;4.192461105;4.257209539;3.671236211;3.486703174;2.716196809;2.648210953;2.470152759;1.829143262;2.470152759;2.835981412;2.929866641;3.201810064;4.321957973;4.218360479;3.723034958;3.224472016;3.185622955;2.910442111;4.024115176;3.752171753;3.020514449;3.020514449;3.476990909;3.567638716;3.771596284;4.257209539;
J140;0.1;1.271873039;1.142530018;0.993169625;0.819172466;0.808393881;0.914639934;1.000868614;1.174865774;1.393517071;1.696857251;1.87085441;1.735352198;1.63988473;1.770767549;1.664521496;1.838518655;1.795404315;1.515161103;1.479745752;1.522860092;1.653742911;1.61062857;1.681459272;1.527479485;1.421233433;1.210281125;1.036283965;1.287271018;1.088637093;1.217980114;1.393517071;1.653742911;1.915508548;2.040232176;1.895491176;1.570593826;1.658362304;1.615247964;1.50284272;1.479745752;1.61062857;1.56751423;1.61062857;1.696857251;1.846217644;1.552116251;1.701476645;1.856996229;1.707635836;1.750750176;1.32884556;0.957754274;0.783757115;0.740642775;1.043982955;1.043982955;1.262634252;1.741511389;1.958622889;1.807722698;1.719954219;1.633725538;1.658362304;1.63988473;1.741511389;1.741511389;1.653742911;2.046391367;1.82774007;1.793864517;1.938605516;1.658362304;1.527479485;1.142530018;1.122512646;1.000868614;0.914639934;1.000868614;1.000868614;1.653742911;1.522860092;1.741511389;1.622946953;1.533638677;1.707635836;1.926287133;1.707635836;1.809262495;1.915508548;1.479745752;1.696857251;1.522860092;1.696857251;1.642964326;1.719954219;1.615247964;1.527479485;1.378119092;1.136370827;0.914639934;0.826871455;1.088637093;1.000868614;1.522860092;2.220388526;2.086426112;1.987879048;1.950923899;1.670680687;1.646043921;1.850837038;1.741511389;1.61062857;1.479745752;1.522860092;2.046391367;2.041771974;2.112602675;1.789245123;1.875473804;1.832359463;1.582912209;1.217980114;0.957754274;0.826871455;0.957754274;1.088637093;1.393517071;1.305748592;1.784625729;1.667601091;1.402755858;1.576753017;1.664521496;1.558275443;1.679919474;1.653742911;1.741511389;1.479745752;1.82774007;2.089505707;1.99403824;2.024834197;1.746130783;1.658362304;1.291890412;1.259554656;1.174865774;0.869985796;1.174865774;1.348862933;1.393517071;1.522860092;2.055630154;2.006356623;1.770767549;1.533638677;1.515161103;1.384278284;1.91396875;1.784625729;1.436631411;1.436631411;1.653742911;1.696857251;1.793864517;2.024834197;
J141;0.1;0.375755773;0.337543322;0.293417038;0.242012193;0.238827822;0.270216621;0.295691589;0.347096434;0.411693674;0.501310971;0.552715816;0.512683724;0.484479296;0.523146657;0.491757858;0.543162703;0.53042522;0.447631575;0.437168642;0.449906125;0.488573487;0.475836003;0.496761869;0.451270856;0.419882056;0.357559368;0.306154522;0.380304874;0.321621467;0.359833918;0.411693674;0.488573487;0.56590821;0.602755931;0.559994378;0.46400834;0.489938217;0.477200734;0.443992294;0.437168642;0.475836003;0.463098519;0.475836003;0.501310971;0.545437254;0.458549418;0.502675701;0.548621625;0.504495342;0.517232826;0.392587448;0.282954105;0.23154926;0.218811776;0.308429073;0.308429073;0.373026312;0.514503365;0.578645694;0.534064501;0.508134623;0.482659655;0.489938217;0.484479296;0.514503365;0.514503365;0.488573487;0.604575572;0.539978332;0.529970309;0.572731862;0.489938217;0.451270856;0.337543322;0.33162949;0.295691589;0.270216621;0.295691589;0.295691589;0.488573487;0.449906125;0.514503365;0.479475284;0.453090496;0.504495342;0.569092581;0.504495342;0.534519411;0.56590821;0.437168642;0.501310971;0.449906125;0.501310971;0.485389116;0.508134623;0.477200734;0.451270856;0.407144572;0.335723681;0.270216621;0.244286743;0.321621467;0.295691589;0.449906125;0.655980417;0.616403235;0.587288987;0.576371143;0.493577498;0.486298936;0.546801984;0.514503365;0.475836003;0.437168642;0.449906125;0.604575572;0.603210841;0.624136708;0.528605579;0.554080547;0.541343063;0.467647621;0.359833918;0.282954105;0.244286743;0.282954105;0.321621467;0.411693674;0.385763796;0.527240849;0.492667678;0.414423135;0.46582798;0.491757858;0.460369058;0.496306959;0.488573487;0.514503365;0.437168642;0.539978332;0.617313056;0.589108627;0.59820683;0.515868095;0.489938217;0.381669605;0.372116492;0.347096434;0.257024227;0.347096434;0.39850128;0.411693674;0.449906125;0.607305033;0.592747908;0.523146657;0.453090496;0.447631575;0.408964213;0.5654533;0.527240849;0.424431158;0.424431158;0.488573487;0.501310971;0.529970309;0.59820683;
J157;0.1;5.347125155;4.803349715;4.175418553;3.443911117;3.398596497;3.845269179;4.207786139;4.939293575;5.858533009;7.133815885;7.865323321;7.295653813;6.894295751;7.444544707;6.997872025;7.729379461;7.548120981;6.369940863;6.221049968;6.402308448;6.952557405;6.771298925;7.069080713;6.421729;5.975056317;5.088184469;4.356677033;5.411860326;4.576776616;5.120552055;5.858533009;6.952557405;8.053055318;8.577410206;7.968899595;6.602987479;6.971977956;6.790719476;6.318152725;6.221049968;6.771298925;6.590040445;6.771298925;7.133815885;7.761747047;6.525305274;7.153236436;7.807061667;7.179130505;7.360388984;5.586645289;4.026527659;3.295020223;3.113761743;4.389044619;4.389044619;5.308284052;7.321547882;8.234313798;7.599909119;7.230918642;6.868401682;6.971977956;6.894295751;7.321547882;7.321547882;6.952557405;8.603304275;7.684064841;7.541647464;8.150158075;6.971977956;6.421729;4.803349715;4.719193993;4.207786139;3.845269179;4.207786139;4.207786139;6.952557405;6.402308448;7.321547882;6.823087062;6.447623068;7.179130505;8.098369938;7.179130505;7.606382636;8.053055318;6.221049968;7.133815885;6.402308448;7.133815885;6.907242785;7.230918642;6.790719476;6.421729;5.793797837;4.777455647;3.845269179;3.476278702;4.576776616;4.207786139;6.402308448;9.334811711;8.77161572;8.357310624;8.201946212;7.023766093;6.920189819;7.781167598;7.321547882;6.771298925;6.221049968;6.402308448;8.603304275;8.583883723;8.881665512;7.522226913;7.884743873;7.703485393;6.654775617;5.120552055;4.026527659;3.476278702;4.026527659;4.576776616;5.858533009;5.489542532;7.502806361;7.010819059;5.897374112;6.628881548;6.997872025;6.551199342;7.062607196;6.952557405;7.321547882;6.221049968;7.684064841;8.784562755;8.383204692;8.512675035;7.340968433;6.971977956;5.431280878;5.295337018;4.939293575;3.657537182;4.939293575;5.670801012;5.858533009;6.402308448;8.642145378;8.434992829;7.444544707;6.447623068;6.369940863;5.819691906;8.046581801;7.502806361;6.039791489;6.039791489;6.952557405;7.133815885;7.541647464;8.512675035;
J168;0.1;3.352223514;3.011319428;2.617656376;2.159059213;2.130650539;2.410678895;2.637948286;3.09654545;3.672835691;4.472336941;4.930934104;4.57379649;4.322176807;4.667139276;4.387110919;4.845708083;4.732073387;3.993447867;3.900105082;4.013739777;4.358702245;4.24506755;4.431753121;4.025914923;3.745886566;3.189888235;2.731291072;3.392807334;2.869276059;3.210180145;3.672835691;4.358702245;5.048627182;5.377356122;4.995868216;4.139549618;4.370877391;4.257242696;3.960980811;3.900105082;4.24506755;4.131432854;4.24506755;4.472336941;4.865999993;4.090849035;4.484512087;4.894408666;4.500745614;4.61438031;3.502383648;2.524313591;2.065716427;1.952081732;2.751582982;2.751582982;3.327873223;4.590030018;5.162261877;4.764540443;4.53321267;4.305943279;4.370877391;4.322176807;4.590030018;4.590030018;4.358702245;5.39358965;4.817299409;4.728015005;5.109502911;4.370877391;4.025914923;3.011319428;2.958560463;2.637948286;2.410678895;2.637948286;2.637948286;4.358702245;4.013739777;4.590030018;4.277534606;4.042148451;4.500745614;5.077035855;4.500745614;4.768598825;5.048627182;3.900105082;4.472336941;4.013739777;4.472336941;4.330293571;4.53321267;4.257242696;4.025914923;3.632251871;2.9950859;2.410678895;2.179351123;2.869276059;2.637948286;4.013739777;5.852186813;5.499107581;5.239371135;5.141969967;4.403344447;4.338410335;4.878175138;4.590030018;4.24506755;3.900105082;4.013739777;5.39358965;5.381414504;5.568100075;4.715839859;4.94310925;4.829474555;4.172016674;3.210180145;2.524313591;2.179351123;2.524313591;2.869276059;3.672835691;3.441507918;4.703664713;4.395227683;3.697185983;4.155783146;4.387110919;4.107082563;4.427694739;4.358702245;4.590030018;3.900105082;4.817299409;5.507224345;5.255604663;5.336772302;4.602205164;4.370877391;3.40498248;3.319756459;3.09654545;2.292985818;3.09654545;3.555142613;3.672835691;4.013739777;5.417939942;5.288071718;4.667139276;4.042148451;3.993447867;3.648485399;5.0445688;4.703664713;3.786470386;3.786470386;4.358702245;4.472336941;4.728015005;5.336772302;
J176;0.1;1.063728442;0.955552668;0.830635406;0.685113234;0.676098586;0.764957257;0.83707444;0.982596612;1.165465182;1.419163127;1.564685299;1.451358298;1.371514275;1.480977855;1.392119184;1.537641356;1.501582764;1.267201921;1.237582364;1.273640955;1.383104536;1.347045945;1.406285059;1.277504376;1.188645705;1.012216169;0.866693997;1.07660651;0.910479429;1.018655203;1.165465182;1.383104536;1.602031697;1.70634405;1.585290208;1.313562967;1.386967956;1.350909365;1.256899467;1.237582364;1.347045945;1.310987353;1.347045945;1.419163127;1.54408039;1.298109285;1.423026548;1.553095038;1.428177775;1.464236366;1.111377295;0.801015849;0.655493677;0.619435085;0.873133031;0.873133031;1.056001601;1.456509525;1.638090288;1.511885219;1.43848023;1.366363047;1.386967956;1.371514275;1.456509525;1.456509525;1.383104536;1.711495278;1.528626708;1.500294958;1.6213488;1.386967956;1.277504376;0.955552668;0.938811179;0.83707444;0.764957257;0.83707444;0.83707444;1.383104536;1.273640955;1.456509525;1.357348399;1.282655603;1.428177775;1.611046345;1.428177775;1.513173026;1.602031697;1.237582364;1.419163127;1.273640955;1.419163127;1.374089888;1.43848023;1.350909365;1.277504376;1.152587113;0.950401441;0.764957257;0.691552268;0.910479429;0.83707444;1.273640955;1.85701745;1.744978255;1.662558618;1.631651254;1.397270411;1.376665502;1.54794381;1.456509525;1.347045945;1.237582364;1.273640955;1.711495278;1.707631857;1.766870971;1.496431537;1.56854872;1.532490128;1.323865422;1.018655203;0.801015849;0.691552268;0.801015849;0.910479429;1.165465182;1.092060192;1.492568117;1.394694797;1.173192023;1.318714194;1.392119184;1.303260512;1.404997252;1.383104536;1.456509525;1.237582364;1.528626708;1.747553869;1.667709846;1.693465982;1.460372946;1.386967956;1.080469931;1.053425987;0.982596612;0.727610859;0.982596612;1.128118784;1.165465182;1.273640955;1.719222119;1.6780123;1.480977855;1.282655603;1.267201921;1.157738341;1.60074389;1.492568117;1.201523773;1.201523773;1.383104536;1.419163127;1.500294958;1.693465982;
J185;0.1;1.556702488;1.398393761;1.215584873;1.002621942;0.989429548;1.11946886;1.225008011;1.437970943;1.705588077;2.076859736;2.289822667;2.123975429;2.007128511;2.167321866;2.037282554;2.250245485;2.19747591;1.854473666;1.811127229;1.863896805;2.02409016;1.971320584;2.058013459;1.869550688;1.739511376;1.48131738;1.268354449;1.575548765;1.332431791;1.490740518;1.705588077;2.02409016;2.344476871;2.497131715;2.319976711;1.922320264;2.029744043;1.976974468;1.839396645;1.811127229;1.971320584;1.918551009;1.971320584;2.076859736;2.259668624;1.899704731;2.082513619;2.272861018;2.09005213;2.142821706;1.626433714;1.172238435;0.959275504;0.906505928;1.277777587;1.277777587;1.545394722;2.13151394;2.397246447;2.212552931;2.105129152;1.99959;2.029744043;2.007128511;2.13151394;2.13151394;2.02409016;2.504670226;2.237053091;2.195591282;2.372746287;2.029744043;1.869550688;1.398393761;1.3738936;1.225008011;1.11946886;1.225008011;1.225008011;2.02409016;1.863896805;2.13151394;1.986397606;1.877089199;2.09005213;2.357669265;2.09005213;2.214437559;2.344476871;1.811127229;2.076859736;1.863896805;2.076859736;2.010897766;2.105129152;1.976974468;1.869550688;1.6867418;1.39085525;1.11946886;1.01204508;1.332431791;1.225008011;1.863896805;2.717633157;2.553670547;2.433054373;2.387823308;2.044821065;2.014667022;2.265322507;2.13151394;1.971320584;1.811127229;1.863896805;2.504670226;2.499016343;2.585709218;2.189937399;2.29547655;2.242706975;1.937397286;1.490740518;1.172238435;1.01204508;1.172238435;1.332431791;1.705588077;1.598164298;2.184283516;2.04105181;1.716895844;1.929858775;2.037282554;1.907243242;2.056128831;2.02409016;2.13151394;1.811127229;2.237053091;2.557439802;2.440592884;2.478285438;2.137167823;2.029744043;1.581202648;1.541625467;1.437970943;1.064814656;1.437970943;1.650933874;1.705588077;1.863896805;2.515977993;2.455669906;2.167321866;1.877089199;1.854473666;1.694280311;2.342592243;2.184283516;1.758357653;1.758357653;2.02409016;2.076859736;2.195591282;2.478285438;
J190;0.1;4.046769171;3.635233323;3.160007403;2.606393703;2.572099049;2.910146353;3.184503585;3.738117285;4.433808837;5.398958385;5.952572085;5.521439292;5.217686643;5.634121727;5.296074423;5.849688123;5.712509507;4.820848504;4.708166069;4.845344685;5.261779769;5.124601153;5.349966022;4.860042394;4.52199509;3.850799719;3.297186019;4.095761534;3.463760053;3.875295901;4.433808837;5.261779769;6.094649938;6.491488077;6.030959866;4.99722101;5.276477478;5.139298862;4.781654613;4.708166069;5.124601153;4.987422537;5.124601153;5.398958385;5.874184305;4.938430174;5.413656094;5.908478959;5.433253039;5.570431655;4.228040913;3.047324969;2.493711269;2.356532653;3.321682201;3.321682201;4.017373753;5.541036237;6.231828553;5.751703398;5.472446929;5.198089698;5.276477478;5.217686643;5.541036237;5.541036237;5.261779769;6.511085022;5.815393469;5.707610271;6.168138482;5.276477478;4.860042394;3.635233323;3.571543251;3.184503585;2.910146353;3.184503585;3.184503585;5.261779769;4.845344685;5.541036237;5.163795044;4.879639339;5.433253039;6.128944592;5.433253039;5.756602634;6.094649938;4.708166069;5.398958385;4.845344685;5.398958385;5.227485115;5.472446929;5.139298862;4.860042394;4.384816474;3.615636378;2.910146353;2.630889885;3.463760053;3.184503585;4.845344685;7.064698722;6.638465165;6.324914043;6.207332372;5.315671368;5.237283588;5.888882014;5.541036237;5.124601153;4.708166069;4.845344685;6.511085022;6.496387313;6.721752182;5.692912562;5.967269794;5.830091178;5.0364149;3.875295901;3.047324969;2.630889885;3.047324969;3.463760053;4.433808837;4.154552369;5.678214853;5.305872896;4.463204255;5.016817955;5.296074423;4.95802712;5.345066786;5.261779769;5.541036237;4.708166069;5.815393469;6.648263638;6.344510988;6.442495714;5.555733946;5.276477478;4.110459242;4.00757528;3.738117285;2.768068501;3.738117285;4.291730985;4.433808837;4.845344685;6.540480439;6.383704878;5.634121727;4.879639339;4.820848504;4.404413419;6.089750701;5.678214853;4.570987453;4.570987453;5.261779769;5.398958385;5.707610271;6.442495714;
J197;0.1;0.324267373;0.29129103;0.253211205;0.208850172;0.206102144;0.233189854;0.255174083;0.299535115;0.355280838;0.432618214;0.476979247;0.442432602;0.41809292;0.451461838;0.424374128;0.468735161;0.457743047;0.386294303;0.377265067;0.388257181;0.4216261;0.410633985;0.428692459;0.389434908;0.362347197;0.308564352;0.264203319;0.328193128;0.277550887;0.31052723;0.355280838;0.4216261;0.488363937;0.520162553;0.483260455;0.400427022;0.422803826;0.411811712;0.383153699;0.377265067;0.410633985;0.399641871;0.410633985;0.432618214;0.470698038;0.395716116;0.43379594;0.473446067;0.435366242;0.446358357;0.338792667;0.244181968;0.199820935;0.188828821;0.266166197;0.266166197;0.32191192;0.444002904;0.499356051;0.460883651;0.438506847;0.416522618;0.422803826;0.41809292;0.444002904;0.444002904;0.4216261;0.521732855;0.465987132;0.457350471;0.494252569;0.422803826;0.389434908;0.29129103;0.286187548;0.255174083;0.233189854;0.255174083;0.255174083;0.4216261;0.388257181;0.444002904;0.413774589;0.39100521;0.435366242;0.491111965;0.435366242;0.461276226;0.488363937;0.377265067;0.432618214;0.388257181;0.432618214;0.418878071;0.438506847;0.411811712;0.389434908;0.351355083;0.289720728;0.233189854;0.21081305;0.277550887;0.255174083;0.388257181;0.566093888;0.531939818;0.506814986;0.497393173;0.42594443;0.419663222;0.471875765;0.444002904;0.410633985;0.377265067;0.388257181;0.521732855;0.520555128;0.538613602;0.456172745;0.478156973;0.467164859;0.403567626;0.31052723;0.244181968;0.21081305;0.244181968;0.277550887;0.355280838;0.332904034;0.454995018;0.425159279;0.357636291;0.401997324;0.424374128;0.397286418;0.428299883;0.4216261;0.444002904;0.377265067;0.465987132;0.532724969;0.508385288;0.516236798;0.44518063;0.422803826;0.329370854;0.321126769;0.299535115;0.221805164;0.299535115;0.343896148;0.355280838;0.388257181;0.524088308;0.511525892;0.451461838;0.39100521;0.386294303;0.352925385;0.487971361;0.454995018;0.366272952;0.366272952;0.4216261;0.432618214;0.457350471;0.516236798;
J216;0.1;2.593043483;2.329344146;2.024834197;1.670095803;1.648120858;1.864731028;2.040530586;2.39526898;2.841046431;3.459484163;3.814222557;3.537966109;3.343330883;3.610169498;3.393559329;3.748297723;3.660397944;3.08904938;3.01684599;3.104745769;3.371584384;3.283684605;3.428091385;3.114163602;2.897553432;2.46747237;2.112733976;2.624436262;2.219469422;2.483168759;2.841046431;3.371584384;3.905261614;4.159543118;3.864451002;3.202063381;3.381002217;3.293102438;3.063935157;3.01684599;3.283684605;3.195784826;3.283684605;3.459484163;3.763994112;3.164392047;3.468901996;3.785969057;3.481459108;3.569358887;2.709196763;1.952630807;1.597892413;1.509992634;2.128430365;2.128430365;2.574207816;3.55052322;3.993161393;3.685512166;3.50657333;3.330773772;3.381002217;3.343330883;3.55052322;3.55052322;3.371584384;4.172100229;3.726322778;3.657258666;3.952350781;3.381002217;3.114163602;2.329344146;2.288533534;2.040530586;1.864731028;2.040530586;2.040530586;3.371584384;3.104745769;3.55052322;3.308798827;3.126720713;3.481459108;3.927236559;3.481459108;3.688651444;3.905261614;3.01684599;3.459484163;3.104745769;3.459484163;3.349609439;3.50657333;3.293102438;3.114163602;2.809653653;2.316787035;1.864731028;1.685792192;2.219469422;2.040530586;3.104745769;4.526838623;4.253721453;4.052807672;3.977465004;3.40611644;3.355887995;3.773411945;3.55052322;3.283684605;3.01684599;3.104745769;4.172100229;4.162682396;4.307089176;3.647840832;3.823640391;3.735740611;3.227177604;2.483168759;1.952630807;1.685792192;1.952630807;2.219469422;2.841046431;2.662107595;3.638422999;3.399837884;2.859882098;3.214620493;3.393559329;3.176949159;3.424952107;3.371584384;3.55052322;3.01684599;3.726322778;4.260000008;4.065364783;4.12815034;3.559941053;3.381002217;2.633854095;2.567929261;2.39526898;1.773691971;2.39526898;2.750007374;2.841046431;3.104745769;4.190935896;4.090479006;3.610169498;3.126720713;3.08904938;2.822210764;3.902122336;3.638422999;2.928946211;2.928946211;3.371584384;3.459484163;3.657258666;4.12815034;
J227;0.1;3.873680506;3.479746895;3.024847368;2.494912868;2.462085067;2.78567339;3.048295797;3.578230298;4.244165687;5.168033798;5.697968298;5.285275944;4.994515422;5.393138718;5.069550395;5.599484896;5.468173692;4.614650869;4.506788094;4.638099298;5.036722594;4.905411391;5.12113694;4.652168355;4.328580032;3.686093072;3.156158572;3.920577364;3.31560789;3.709541501;4.244165687;5.036722594;5.833969188;6.213833741;5.773003272;4.783479559;5.050791652;4.919480448;4.577133382;4.506788094;4.905411391;4.774100187;4.905411391;5.168033798;5.622933325;4.727203329;5.182102856;5.655761126;5.200861599;5.332172803;4.047198882;2.916984594;2.387050094;2.25573889;3.179607001;3.179607001;3.845542391;5.304034687;5.965280391;5.505691179;5.238379086;4.975756679;5.050791652;4.994515422;5.304034687;5.304034687;5.036722594;6.232592484;5.566657095;5.463484006;5.904314475;5.050791652;4.652168355;3.479746895;3.418780979;3.048295797;2.78567339;3.048295797;3.048295797;5.036722594;4.638099298;5.304034687;4.942928878;4.670927099;5.200861599;5.866796989;5.200861599;5.510380865;5.833969188;4.506788094;5.168033798;4.638099298;5.168033798;5.003894794;5.238379086;4.919480448;4.652168355;4.197268829;3.460988152;2.78567339;2.518361297;3.31560789;3.048295797;4.638099298;6.762526984;6.354524316;6.054384422;5.941831962;5.088309139;5.013274165;5.637002382;5.304034687;4.905411391;4.506788094;4.638099298;6.232592484;6.218523427;6.434248975;5.449414949;5.712037356;5.580726152;4.820997046;3.709541501;2.916984594;2.518361297;2.916984594;3.31560789;4.244165687;3.976853594;5.435345891;5.078929767;4.272303802;4.802238302;5.069550395;4.745962072;5.116447254;5.036722594;5.304034687;4.506788094;5.566657095;6.363903688;6.073143166;6.166936882;5.318103745;5.050791652;3.934646422;3.836163019;3.578230298;2.649672501;3.578230298;4.108164798;4.244165687;4.638099298;6.260730599;6.110660652;5.393138718;4.670927099;4.614650869;4.216027572;5.829279502;5.435345891;4.375476891;4.375476891;5.036722594;5.168033798;5.463484006;6.166936882;
J238;0.1;0.572945392;0.514679758;0.447396825;0.369015676;0.364160206;0.412021262;0.450865018;0.529246167;0.627742832;0.764389614;0.842770764;0.781730577;0.73872499;0.797684262;0.749823206;0.828204355;0.808782478;0.682540273;0.666586587;0.686008465;0.744967737;0.725545859;0.757453229;0.688089381;0.640228325;0.545199852;0.466818703;0.579881776;0.490402411;0.548668044;0.627742832;0.744967737;0.86288628;0.919070997;0.853868979;0.707511258;0.747048652;0.727626774;0.676991165;0.666586587;0.725545859;0.706123981;0.725545859;0.764389614;0.831672548;0.699187596;0.76647053;0.836528017;0.769245084;0.788666961;0.598610016;0.43144314;0.353061991;0.333640113;0.470286895;0.470286895;0.568783561;0.784505131;0.882308157;0.814331586;0.774794192;0.735950436;0.747048652;0.73872499;0.784505131;0.784505131;0.744967737;0.921845551;0.823348886;0.808088839;0.873290857;0.747048652;0.688089381;0.514679758;0.505662458;0.450865018;0.412021262;0.450865018;0.450865018;0.744967737;0.686008465;0.784505131;0.731094967;0.690863935;0.769245084;0.867741749;0.769245084;0.815025224;0.86288628;0.666586587;0.764389614;0.686008465;0.764389614;0.740112267;0.774794192;0.727626774;0.688089381;0.620806447;0.511905205;0.412021262;0.372483868;0.490402411;0.450865018;0.686008465;1.0002267;0.939880152;0.895487289;0.878839965;0.75259776;0.741499544;0.833753463;0.784505131;0.725545859;0.666586587;0.686008465;0.921845551;0.919764636;0.951672006;0.806007924;0.844851679;0.825429801;0.713060366;0.548668044;0.43144314;0.372483868;0.43144314;0.490402411;0.627742832;0.588205438;0.803927008;0.751210483;0.631904663;0.710285812;0.749823206;0.70196215;0.756759591;0.744967737;0.784505131;0.666586587;0.823348886;0.941267429;0.898261843;0.912134612;0.786586046;0.747048652;0.581962692;0.567396284;0.529246167;0.391905746;0.529246167;0.607627316;0.627742832;0.686008465;0.926007382;0.903810951;0.797684262;0.690863935;0.682540273;0.623581001;0.862192641;0.803927008;0.64716471;0.64716471;0.744967737;0.764389614;0.808088839;0.912134612;
J239;0.1;2.737649203;2.4592442;2.137752707;1.76323169;1.740031273;1.968721098;2.154324434;2.528845451;2.999482481;3.652408502;4.026929518;3.735267134;3.529777726;3.811497075;3.582807251;3.957328268;3.8645266;3.261315758;3.185085817;3.277887485;3.559606834;3.466805166;3.619265049;3.28783052;3.059140696;2.605075392;2.230554375;2.770792656;2.343242115;2.621647119;2.999482481;3.559606834;4.123045532;4.3915075;4.079959043;3.380632188;3.569549869;3.476748202;3.234800996;3.185085817;3.466805166;3.374003498;3.466805166;3.652408502;3.973899994;3.340860045;3.662351537;3.997100411;3.675608918;3.768410586;2.860279979;2.061522766;1.687001749;1.594200081;2.247126102;2.247126102;2.717763132;3.748524515;4.2158472;3.891041362;3.702123681;3.516520345;3.569549869;3.529777726;3.748524515;3.748524515;3.559606834;4.404764881;3.934127851;3.861212254;4.172760711;3.569549869;3.28783052;2.4592442;2.416157711;2.154324434;1.968721098;2.154324434;2.154324434;3.559606834;3.277887485;3.748524515;3.493319928;3.301087902;3.675608918;4.146245949;3.675608918;3.894355707;4.123045532;3.185085817;3.652408502;3.277887485;3.652408502;3.536406417;3.702123681;3.476748202;3.28783052;2.966339028;2.445986819;1.968721098;1.779803417;2.343242115;2.154324434;3.277887485;4.779285898;4.490937858;4.27881976;4.199275473;3.596064632;3.543035107;3.98384303;3.748524515;3.466805166;3.185085817;3.277887485;4.404764881;4.394821845;4.547281728;3.851269218;4.036872554;3.944070886;3.407146951;2.621647119;2.061522766;1.779803417;2.061522766;2.343242115;2.999482481;2.8105648;3.841326183;3.589435941;3.019368553;3.393889569;3.582807251;3.354117426;3.615950703;3.559606834;3.748524515;3.185085817;3.934127851;4.497566549;4.292077141;4.358364047;3.758467551;3.569549869;2.780735692;2.711134441;2.528845451;1.872605085;2.528845451;2.903366468;2.999482481;3.277887485;4.424650952;4.318591903;3.811497075;3.301087902;3.261315758;2.979596409;4.119731186;3.841326183;3.092284149;3.092284149;3.559606834;3.652408502;3.861212254;4.358364047;
J255;0.1;1.138222298;1.022470878;0.888805547;0.733092327;0.723446376;0.818527899;0.895695513;1.051408733;1.247083753;1.518548393;1.674261613;1.55299822;1.467562648;1.584692061;1.489610538;1.645323757;1.606739951;1.355945207;1.324251366;1.362835173;1.479964586;1.441380779;1.504768462;1.366969152;1.271887628;1.083102574;0.927389354;1.152002229;0.974241119;1.08999254;1.247083753;1.479964586;1.714223412;1.825840853;1.696309502;1.405552959;1.484098565;1.445514758;1.344921262;1.324251366;1.441380779;1.402796972;1.441380779;1.518548393;1.652213723;1.389017041;1.522682372;1.661859675;1.528194344;1.566778151;1.189208042;0.857111706;0.701398486;0.66281468;0.93427932;0.93427932;1.129954339;1.558510192;1.752807219;1.617763896;1.539218289;1.462050676;1.484098565;1.467562648;1.558510192;1.558510192;1.479964586;1.831352826;1.635677806;1.605361958;1.734893309;1.484098565;1.366969152;1.022470878;1.004556968;0.895695513;0.818527899;0.895695513;0.895695513;1.479964586;1.362835173;1.558510192;1.452404724;1.372481124;1.528194344;1.723869364;1.528194344;1.619141889;1.714223412;1.324251366;1.518548393;1.362835173;1.518548393;1.470318634;1.539218289;1.445514758;1.366969152;1.233303822;1.016958905;0.818527899;0.739982293;0.974241119;0.895695513;1.362835173;1.987066045;1.867180646;1.778989088;1.745917254;1.49512251;1.47307462;1.656347702;1.558510192;1.441380779;1.324251366;1.362835173;1.831352826;1.827218846;1.890606529;1.601227978;1.678395592;1.639811785;1.416576903;1.08999254;0.857111706;0.739982293;0.857111706;0.974241119;1.247083753;1.168538146;1.597093999;1.492366524;1.255351711;1.411064931;1.489610538;1.394529014;1.503390469;1.479964586;1.558510192;1.324251366;1.635677806;1.869936632;1.78450106;1.812060922;1.562644172;1.484098565;1.156136208;1.127198353;1.051408733;0.7785661;1.051408733;1.207121953;1.247083753;1.362835173;1.839620784;1.795525005;1.584692061;1.372481124;1.355945207;1.238815794;1.712845419;1.597093999;1.285667559;1.285667559;1.479964586;1.518548393;1.605361958;1.812060922;
J260;0.1;9.0970144;8.171894292;7.103600833;5.85909402;5.782000678;6.541920767;7.158667506;8.403174319;9.967067835;12.13669476;13.38120157;12.41202812;11.72920138;12.66533482;11.90541473;13.14992154;12.84154817;10.83712127;10.58381457;10.89218794;11.82832139;11.51994802;12.02656141;10.92522795;10.16530786;8.656481015;7.411974202;9.207147746;7.78642758;8.711547688;9.967067835;11.82832139;13.70058827;14.59266838;13.55741492;11.23360132;11.86136139;11.55298802;10.74901459;10.58381457;11.51994802;11.21157465;11.51994802;12.13669476;13.20498822;11.1014413;12.16973476;13.28208156;12.2137881;12.52216147;9.504507781;6.850294137;5.605787324;5.297413955;7.467040876;7.467040876;9.030934392;12.45608146;14.00896164;12.92965485;12.30189478;11.68514804;11.86136139;11.72920138;12.45608146;12.45608146;11.82832139;14.63672172;13.0728282;12.83053484;13.86578829;11.86136139;10.92522795;8.171894292;8.028720941;7.158667506;6.541920767;7.158667506;7.158667506;11.82832139;10.89218794;12.45608146;11.60805469;10.96928129;12.2137881;13.77768162;12.2137881;12.94066818;13.70058827;10.58381457;12.13669476;10.89218794;12.13669476;11.75122804;12.30189478;11.55298802;10.92522795;9.856934489;8.127840953;6.541920767;5.914160693;7.78642758;7.158667506;10.89218794;15.88122853;14.92306842;14.218215;13.95389497;11.94946807;11.77325471;13.23802822;12.45608146;11.51994802;10.58381457;10.89218794;14.63672172;14.60368171;15.11029511;12.79749483;13.41424157;13.1058682;11.32170799;8.711547688;6.850294137;5.914160693;6.850294137;7.78642758;9.967067835;9.339307762;12.76445483;11.9274414;10.03314784;11.27765466;11.90541473;11.14549464;12.01554808;11.82832139;12.45608146;10.58381457;13.0728282;14.94509509;14.26226834;14.48253503;12.48912146;11.86136139;9.24018775;9.008907723;8.403174319;6.222534063;8.403174319;9.647681131;9.967067835;10.89218794;14.70280172;14.35037502;12.66533482;10.96928129;10.83712127;9.900987828;13.68957494;12.76445483;10.2754412;10.2754412;11.82832139;12.13669476;12.83053484;14.48253503;
J145;0.1;0.79094947;0.71051393;0.617630034;0.509425082;0.502722121;0.568794171;0.622417864;0.730622815;0.866597179;1.05523767;1.163442622;1.079176819;1.01980773;1.101200836;1.035128785;1.143333737;1.116521891;0.942244889;0.920220872;0.947032719;1.028425824;1.001613977;1.045662011;0.949905416;0.883833366;0.752646832;0.64444188;0.800525129;0.676999122;0.757434662;0.866597179;1.028425824;1.191212034;1.268774876;1.178763677;0.976717263;1.031298522;1.004486675;0.934584361;0.920220872;1.001613977;0.974802131;1.001613977;1.05523767;1.148121567;0.965226472;1.058110368;1.154824528;1.061940632;1.088752478;0.82637941;0.595606017;0.487401066;0.460589219;0.64922971;0.64922971;0.785204074;1.083007083;1.218023881;1.124182418;1.069601159;1.015977467;1.031298522;1.01980773;1.083007083;1.083007083;1.028425824;1.27260514;1.136630776;1.115564325;1.205575524;1.031298522;0.949905416;0.71051393;0.698065573;0.622417864;0.568794171;0.622417864;0.622417864;1.028425824;0.947032719;1.083007083;1.009274505;0.95373568;1.061940632;1.197914996;1.061940632;1.125139984;1.191212034;0.920220872;1.05523767;0.947032719;1.05523767;1.021722862;1.069601159;1.004486675;0.949905416;0.85702152;0.706683667;0.568794171;0.514212912;0.676999122;0.622417864;0.947032719;1.380810091;1.297501854;1.236217634;1.213236051;1.038959049;1.023637994;1.150994265;1.083007083;1.001613977;0.920220872;0.947032719;1.27260514;1.269732442;1.313780475;1.112691627;1.16631532;1.139503473;0.98437779;0.757434662;0.595606017;0.514212912;0.595606017;0.676999122;0.866597179;0.812015921;1.109818929;1.037043917;0.872342575;0.980547527;1.035128785;0.969056735;1.044704445;1.028425824;1.083007083;0.920220872;1.136630776;1.299416986;1.240047897;1.259199216;1.085879781;1.031298522;0.803397827;0.783288942;0.730622815;0.541024758;0.730622815;0.838827767;0.866597179;0.947032719;1.278350535;1.247708425;1.101200836;0.95373568;0.942244889;0.860851784;1.190254468;1.109818929;0.893409026;0.893409026;1.028425824;1.05523767;1.115564325;1.259199216;
J311;0.1;4.662347263;4.23643247;3.708298127;2.907578317;2.935972637;3.225594696;3.861627453;4.332973157;5.224554789;5.962807096;6.314896658;6.661307356;6.939571687;6.939571687;6.337612114;6.059347783;7.46770603;7.621035355;6.280823475;6.036632327;6.735132587;6.6385919;6.513656895;6.110457558;5.582323215;5.014436825;4.00359905;3.793481086;3.77076563;4.83271318;5.758367996;6.258108019;6.678343948;6.729453723;6.740811451;7.053148965;6.803278954;5.707258221;5.281343428;5.150729558;5.201839333;5.42899389;5.457388209;5.741331404;5.639111854;7.399559663;6.468225983;7.342771024;6.485262575;5.934412777;4.849749772;3.935452684;2.97004582;2.362407383;3.021155595;3.952489275;4.951969322;7.23487261;6.104778694;5.775404587;6.507978031;6.507978031;6.507978031;6.280823475;5.201839333;6.008238007;6.082063238;7.393880799;6.610197581;8.222994929;6.837352137;6.036632327;5.957128232;5.514176848;4.83271318;3.554968802;3.151769465;3.66854608;4.242111334;4.872465227;5.991201416;6.848709865;6.411437344;5.553928895;6.388721889;6.360327569;6.837352137;6.388721889;6.030953463;6.371685297;6.218355972;5.60503867;6.371685297;7.115616468;6.763526906;6.865746456;6.388721889;5.355168659;4.474944754;3.827554269;2.850789678;3.322135382;3.776444494;5.803798907;7.416596255;7.33709216;7.399559663;7.058827829;7.115616468;4.037672234;4.565806577;4.13421292;6.655628492;7.115616468;6.309217794;6.939571687;6.740811451;7.217836018;7.67214513;6.161567333;5.883303002;5.252949109;4.560127713;3.9013795;2.754248992;3.236952424;3.969525867;4.73049363;4.605558624;5.906018457;5.832193226;5.076904328;6.184282788;6.53637235;6.53637235;6.610197581;6.774884634;5.712937085;5.622075262;6.786242362;7.314376705;7.189441699;7.49610035;7.291661249;5.201839333;4.270505654;4.043351098;4.139891784;3.623115169;4.088782009;3.10065969;4.315936565;5.40059957;6.649949628;6.525014622;6.439831664;5.934412777;5.781083451;5.854908682;5.50281912;5.53121344;6.09909983;6.326254386;6.451189392;7.354128752;6.723774859;8.336572207;
J312;0.1;1.405512128;1.277115771;1.117904287;0.876519135;0.885078892;0.972388415;1.164126976;1.306218945;1.57499532;1.797549007;1.903689996;2.008119033;2.092004654;2.092004654;1.910537802;1.826652181;2.251216137;2.297438826;1.893418287;1.819804376;2.030374402;2.001271228;1.963608296;1.842059744;1.682848261;1.511653117;1.206925762;1.143583559;1.136735753;1.456870671;1.735918755;1.886570481;2.013254888;2.028662451;2.032086353;2.126243682;2.050917819;1.720511192;1.592114835;1.552739952;1.568147515;1.636625572;1.645185329;1.730782901;1.699967775;2.23067272;1.949912685;2.213553206;1.955048539;1.78898925;1.462006526;1.186382345;0.895350601;0.712171797;0.910758163;1.191518199;1.492821651;2.181026128;1.840347793;1.74105461;1.961896345;1.961896345;1.961896345;1.893418287;1.568147515;1.811244618;1.833499987;2.228960769;1.99271147;2.478905678;2.061189528;1.819804376;1.795837055;1.662304843;1.456870671;1.071681598;0.950133046;1.105920627;1.278827722;1.468854331;1.806108764;2.064613431;1.93279317;1.674288504;1.925945364;1.917385607;2.061189528;1.925945364;1.818092424;1.92080951;1.874586821;1.689696066;1.92080951;2.145075148;2.038934159;2.069749285;1.925945364;1.614370203;1.349017731;1.153855267;0.85939962;1.00149159;1.138447704;1.749614367;2.235808574;2.211841254;2.23067272;2.127955634;2.145075148;1.21719747;1.376408954;1.246300645;2.006407082;2.145075148;1.901978044;2.092004654;2.032086353;2.175890274;2.312846389;1.857467307;1.773581687;1.583555077;1.374697002;1.176110636;0.830296446;0.975812318;1.196654053;1.426055545;1.388392614;1.780429493;1.758174124;1.530484583;1.864315113;1.970456102;1.970456102;1.99271147;2.042358062;1.722223144;1.694831921;2.045781965;2.204993448;2.167330517;2.259775894;2.198145643;1.568147515;1.287387479;1.218909422;1.248012596;1.092225016;1.232605033;0.934725484;1.301083091;1.628065815;2.004695131;1.967032199;1.941352927;1.78898925;1.742766561;1.76502193;1.658880941;1.667440698;1.838635841;1.907113899;1.94477683;2.216977108;2.026950499;2.513144707;
J318;0.1;10.65883299;9.685127176;8.477731965;6.647165032;6.712078753;7.374198708;8.828266058;9.905833827;11.94412467;13.63188141;14.43681155;15.22875895;15.86491342;15.86491342;14.48874253;13.85258807;17.07230863;17.42284272;14.35891509;13.80065709;15.39753463;15.17682797;14.8912076;13.96943276;12.76203755;11.46376313;9.152834664;8.672473128;8.620542151;11.04831532;13.16450262;14.30698411;15.26770718;15.38455188;15.41051737;16.1245683;15.55332756;13.04765792;12.07395211;11.77534899;11.89219369;12.41150346;12.47641718;13.12555439;12.89186499;16.9165157;14.78734565;16.78668826;14.82629388;13.56696769;11.08726355;8.997041733;6.789975218;5.400821589;6.906819916;9.035989966;11.32095295;16.54001612;13.95645002;13.20345086;14.87822486;14.87822486;14.87822486;14.35891509;11.89219369;13.73574337;13.90451904;16.90353295;15.11191425;18.79901361;15.63122402;13.80065709;13.61889867;12.60624462;11.04831532;8.127197871;7.205423033;8.386852756;9.69810992;11.13919453;13.69679513;15.65718951;14.65751821;12.69712383;14.60558723;14.54067351;15.63122402;14.60558723;13.78767434;14.566639;14.2161049;12.81396853;14.566639;16.26737849;15.46244835;15.69613774;14.60558723;12.24272778;10.23040243;8.750369593;6.51733759;7.594905359;8.633524895;13.26836458;16.95546393;16.77370551;16.9165157;16.13755105;16.26737849;9.230731129;10.43812634;9.45143778;15.21577621;16.26737849;14.42382881;15.86491342;15.41051737;16.50106788;17.53968742;14.08627746;13.45012299;12.00903839;10.4251436;8.919145268;6.296630939;7.400164196;9.074938198;10.81462592;10.52900555;13.50205397;13.3332783;11.60657332;14.13820844;14.94313858;14.94313858;15.11191425;15.48841383;13.06064067;12.85291676;15.51437932;16.72177453;16.43615416;17.13722235;16.66984356;11.89219369;9.763023641;9.243713873;9.464420524;8.282990802;9.347575827;7.088578335;9.866885595;12.34658974;15.20279346;14.91717309;14.72243193;13.56696769;13.2164336;13.38520927;12.58027913;12.64519285;13.94346727;14.46277704;14.74839742;16.81265374;15.37156914;19.05866849;
J320;0.1;5.764795838;5.238170153;4.585154303;3.595098014;3.630206393;3.988311859;4.774739549;5.357538642;6.459941743;7.372759598;7.808103499;8.236425723;8.580487837;8.580487837;7.836190202;7.492128087;9.233503688;9.423088934;7.765973444;7.464041384;8.327707508;8.20833902;8.053862152;7.555323169;6.902307319;6.200139739;4.950281445;4.69047944;4.662392737;5.975446113;7.119979269;7.73788674;8.25749075;8.320685833;8.334729184;8.720921354;8.411967618;7.056784187;6.530158502;6.368659958;6.43185504;6.712722073;6.747830452;7.098914242;6.972524077;9.149243578;7.997688745;9.07902682;8.018753773;7.337651219;5.99651114;4.866021335;3.672336448;2.921017136;3.73553153;4.887086362;6.122901305;8.945614979;7.548301494;7.141044297;8.046840476;8.046840476;8.046840476;7.765973444;6.43185504;7.428933005;7.52021479;9.142221902;8.173230641;10.16738657;8.454097673;7.464041384;7.365737923;6.81804721;5.975446113;4.395569056;3.897030073;4.536002572;5.245191829;6.024597843;7.407867978;8.468141025;7.927471987;6.86719894;7.899385284;7.864276905;8.454097673;7.899385284;7.457019708;7.878320257;7.68873501;6.930394023;7.878320257;8.798159788;8.362815887;8.489206052;7.899385284;6.621440287;5.533080537;4.732609495;3.524881256;4.107680348;4.669414412;7.176152676;9.170308605;9.072005144;9.149243578;8.727943029;8.798159788;4.9924115;5.64542735;5.111779988;8.229404047;8.798159788;7.801081823;8.580487837;8.334729184;8.924549952;9.486284017;7.618518252;7.274456137;6.495050122;5.638405674;4.82389128;3.405512767;4.002355211;4.90815139;5.849055948;5.69457908;7.30254284;7.211261055;6.277378172;7.646604955;8.081948855;8.081948855;8.173230641;8.376859239;7.063805863;6.95145905;8.390902591;9.043918441;8.889441573;9.268612067;9.015831738;6.43185504;5.280300208;4.999433175;5.118801664;4.479829166;5.055606582;3.833834991;5.336473614;6.677613693;8.222382371;8.067905503;7.962580366;7.337651219;7.148065973;7.239347758;6.804003858;6.839112237;7.541279818;7.82214685;7.976623718;9.093070171;8.313664157;10.30782009;
J327;0.1;0.048314479;0.043900855;0.03842796;0.030130345;0.030424587;0.033425852;0.040016865;0.044901276;0.054140464;0.061790747;0.065439344;0.069029092;0.07191266;0.07191266;0.065674737;0.062791169;0.077385555;0.07897446;0.065086254;0.062555775;0.06979412;0.068793698;0.067499035;0.063320804;0.057847909;0.051963076;0.041488073;0.039310685;0.039075292;0.050079929;0.059672207;0.06485086;0.069205637;0.069735272;0.069852968;0.073089627;0.0705003;0.059142572;0.054728947;0.053375436;0.053905071;0.056259004;0.056553246;0.059495662;0.058436392;0.076679375;0.067028249;0.076090891;0.067204794;0.061496505;0.050256474;0.040781893;0.030777677;0.024480906;0.031307312;0.040958438;0.051315744;0.074972773;0.063261955;0.059848752;0.067440187;0.067440187;0.067440187;0.065086254;0.053905071;0.062261534;0.063026562;0.076620526;0.068499457;0.085212383;0.07085339;0.062555775;0.061731899;0.057141729;0.050079929;0.036839055;0.032660823;0.038016022;0.043959703;0.050491868;0.062084989;0.070971087;0.066439765;0.057553667;0.066204372;0.06591013;0.07085339;0.066204372;0.062496927;0.066027827;0.064438922;0.058083302;0.066027827;0.073736958;0.070088362;0.071147632;0.066204372;0.055493976;0.046372484;0.039663775;0.029541862;0.034426273;0.03913414;0.060142994;0.07685592;0.076032043;0.076679375;0.073148475;0.073736958;0.041841163;0.047314058;0.042841585;0.068970243;0.073736958;0.065380495;0.07191266;0.069852968;0.074796228;0.079504095;0.063850439;0.06096687;0.054434706;0.047255209;0.040428803;0.02854144;0.033543548;0.041134983;0.049020659;0.047725996;0.061202264;0.060437236;0.052610408;0.064085832;0.067734428;0.067734428;0.068499457;0.070206058;0.059201421;0.058259847;0.070323755;0.07579665;0.074501987;0.077679796;0.075561256;0.053905071;0.044253945;0.041900011;0.042900433;0.037545235;0.042370798;0.032131188;0.044724731;0.055964762;0.068911395;0.067616732;0.066734007;0.061496505;0.059907601;0.060672629;0.057024032;0.057318274;0.063203107;0.06555704;0.066851704;0.076208588;0.069676423;0.086389349;
J328;0.1;0.306357722;0.278371328;0.2436682;0.19105378;0.19291954;0.211950287;0.253743302;0.284714911;0.343299761;0.39180951;0.414944929;0.437707196;0.455991639;0.455991639;0.416437536;0.398153093;0.490694767;0.500769869;0.412706017;0.396660485;0.44255817;0.436214588;0.428005246;0.40151146;0.366808332;0.32949314;0.2630721;0.249265479;0.247772871;0.317552279;0.378376041;0.41121341;0.438826651;0.442185019;0.442931322;0.463454678;0.447035993;0.375017674;0.34703128;0.338448786;0.341807154;0.35673323;0.35859899;0.377256585;0.370539851;0.486216944;0.42502003;0.482485425;0.426139486;0.389943751;0.318671735;0.258594277;0.195158451;0.155231196;0.198516818;0.259713732;0.325388469;0.475395539;0.401138308;0.379495497;0.427632094;0.427632094;0.427632094;0.412706017;0.341807154;0.394794725;0.3996457;0.485843793;0.434348828;0.540323972;0.449274905;0.396660485;0.391436358;0.362330509;0.317552279;0.233593098;0.207099312;0.241056137;0.27874448;0.320164343;0.39367527;0.450021209;0.421288511;0.364942572;0.419795904;0.417930144;0.449274905;0.419795904;0.396287333;0.418676448;0.408601346;0.368300939;0.418676448;0.467559349;0.44442393;0.451140664;0.419795904;0.351882255;0.294043709;0.25150439;0.187322261;0.21829387;0.248146023;0.381361256;0.4873364;0.482112273;0.486216944;0.46382783;0.467559349;0.265311011;0.300014139;0.271654594;0.437334044;0.467559349;0.414571777;0.455991639;0.442931322;0.474276083;0.504128236;0.404869827;0.386585383;0.345165521;0.299640987;0.256355365;0.180978678;0.212696591;0.260833188;0.310835545;0.302626203;0.388077991;0.383227016;0.333597811;0.406362435;0.429497853;0.429497853;0.434348828;0.445170234;0.375390826;0.369420395;0.445916538;0.480619666;0.472410324;0.492560527;0.479127058;0.341807154;0.28061024;0.265684163;0.272027746;0.238070921;0.268669378;0.203740945;0.283595455;0.354867471;0.436960892;0.42875155;0.423154271;0.389943751;0.379868649;0.384719624;0.361584205;0.363449965;0.400765156;0.415691233;0.423900575;0.483231729;0.441811867;0.54778701;
J329;0.1;0.315142173;0.286353302;0.250655102;0.196532025;0.198451283;0.218027715;0.261019095;0.292878779;0.353143482;0.403044191;0.426842991;0.45025794;0.469066668;0.469066668;0.428378398;0.409569669;0.504764868;0.515128862;0.424539882;0.408034262;0.45524801;0.448722533;0.440277798;0.413024333;0.377326133;0.338940972;0.270615386;0.256412876;0.25487747;0.326657721;0.389225533;0.423004475;0.451409494;0.454864159;0.455631862;0.476743701;0.45985423;0.385770869;0.356981998;0.348153411;0.351608076;0.36696214;0.368881398;0.388073979;0.38116465;0.500158649;0.437206985;0.496320133;0.43835854;0.401124933;0.327809276;0.266009166;0.200754392;0.15968227;0.204209057;0.267160721;0.334718605;0.489026952;0.412640482;0.390377088;0.439893946;0.439893946;0.439893946;0.424539882;0.351608076;0.406115004;0.411105075;0.499774797;0.446803275;0.555817132;0.462157339;0.408034262;0.40266034;0.372719914;0.326657721;0.240291108;0.213037644;0.247968141;0.286737153;0.329344682;0.404963449;0.462925043;0.433368469;0.375406875;0.431833062;0.429913804;0.462157339;0.431833062;0.407650411;0.430681507;0.420317514;0.37886154;0.430681507;0.480966068;0.457167269;0.464076598;0.431833062;0.361972069;0.302475069;0.258715986;0.192693509;0.224553192;0.255261321;0.392296346;0.501310204;0.495936281;0.500158649;0.477127552;0.480966068;0.272918495;0.308616695;0.279443973;0.449874088;0.480966068;0.42645914;0.469066668;0.455631862;0.487875397;0.518583526;0.416478998;0.397670269;0.35506274;0.308232844;0.263706057;0.186168031;0.218795418;0.268312276;0.319748392;0.311303656;0.399205675;0.394215604;0.34316334;0.418014404;0.441813204;0.441813204;0.446803275;0.457934972;0.386154721;0.380013095;0.458702675;0.494400875;0.485956139;0.506684126;0.492865468;0.351608076;0.288656411;0.273302347;0.279827824;0.244897328;0.27637316;0.20958298;0.291727224;0.365042882;0.449490236;0.441045501;0.435287727;0.401124933;0.39076094;0.395751011;0.371952211;0.373871469;0.41225663;0.427610694;0.43605543;0.497087836;0.454480307;0.563494165;
J221;0.1;0.870758686;0.79121313;0.69257664;0.543030995;0.548334032;0.60242501;0.721213041;0.809243456;0.97575882;1.113637783;1.179395443;1.244092495;1.296062258;1.296062258;1.183637872;1.131668109;1.394698747;1.423335148;1.173031798;1.12742568;1.257880391;1.239850065;1.216516702;1.141213576;1.042577087;0.936516345;0.747728226;0.708485752;0.704243322;0.902576908;1.075455916;1.168789369;1.247274317;1.256819784;1.258940999;1.317274406;1.27060768;1.06591045;0.986364894;0.961970923;0.97151639;1.013940686;1.019243723;1.072274094;1.053183161;1.381971459;1.208031843;1.371365384;1.211213665;1.108334746;0.90575873;0.735000937;0.554697677;0.441212684;0.564243143;0.738182759;0.924849664;1.351213844;1.140152968;1.078637739;1.215456095;1.215456095;1.215456095;1.173031798;0.97151639;1.122122642;1.135910539;1.380910851;1.234547028;1.535759533;1.276971325;1.12742568;1.112577176;1.029849798;0.902576908;0.66394024;0.588637114;0.685152388;0.792273737;0.91000116;1.11894082;1.27909254;1.197425769;1.037274049;1.193183339;1.187880302;1.276971325;1.193183339;1.126365072;1.190001517;1.161365117;1.046819516;1.190001517;1.328941088;1.263183428;1.282274362;1.193183339;1.00015279;0.835758641;0.714849396;0.532424921;0.620455336;0.705303929;1.083940776;1.385153281;1.370304777;1.381971459;1.318335014;1.328941088;0.75409187;0.85272836;0.772122196;1.243031887;1.328941088;1.178334835;1.296062258;1.258940999;1.348032021;1.432880614;1.150759043;1.098789279;0.981061857;0.851667752;0.728637292;0.514394595;0.604546225;0.741364581;0.883485975;0.860152612;1.103031709;1.089243813;0.948183027;1.155001472;1.220759132;1.220759132;1.234547028;1.265304643;1.066971057;1.050001338;1.267425858;1.366062347;1.342728984;1.400001785;1.361819918;0.97151639;0.797576774;0.755152478;0.773182804;0.676667529;0.763637337;0.579091647;0.806061634;1.008637649;1.24197128;1.218637917;1.202728806;1.108334746;1.079698346;1.093486242;1.027728583;1.03303162;1.139092361;1.181516658;1.204850021;1.373486599;1.255759176;1.556971682;
J50;0.1;1.169430013;1.062600231;0.930131301;0.729291311;0.736413297;0.809057549;0.968590023;1.086814982;1.310445325;1.495616947;1.583929567;1.670817789;1.740613247;1.740613247;1.589627155;1.519831698;1.873082177;1.911540898;1.575383184;1.514134109;1.689334952;1.665120201;1.633783465;1.532651272;1.400182342;1.257742633;1.00419995;0.951497258;0.945799669;1.212161926;1.444338652;1.569685596;1.675090981;1.687910555;1.690759349;1.769101189;1.706427717;1.431519078;1.324689296;1.291928163;1.304747737;1.36172362;1.368845606;1.440065461;1.414426313;1.855989412;1.622388288;1.841745441;1.62666148;1.488494962;1.216435117;0.987107185;0.744959679;0.59254919;0.757779253;0.991380376;1.242074265;1.814681896;1.531226874;1.448611843;1.632359068;1.632359068;1.632359068;1.575383184;1.304747737;1.507012124;1.525529286;1.854565014;1.657998216;2.06252699;1.714974099;1.514134109;1.49419255;1.383089577;1.212161926;0.89167258;0.790540386;0.920160522;1.064024628;1.222132705;1.502738933;1.717822894;1.608144317;1.393060356;1.602446729;1.595324744;1.714974099;1.602446729;1.512709712;1.598173538;1.559714816;1.40587993;1.598173538;1.784769557;1.696456937;1.722096085;1.602446729;1.343206458;1.122424909;0.96004364;0.71504734;0.833272299;0.947224067;1.455733829;1.860262603;1.840321044;1.855989412;1.770525586;1.784769557;1.012746333;1.145215262;1.036961083;1.669393392;1.784769557;1.58250517;1.740613247;1.690759349;1.810408705;1.924360472;1.545470845;1.475675388;1.317567311;1.143790865;0.978560803;0.69083259;0.811906343;0.995653568;1.186522778;1.155186042;1.481372976;1.462855814;1.273411001;1.551168434;1.639481053;1.639481053;1.657998216;1.699305731;1.432943475;1.410153122;1.702154526;1.834623455;1.803286719;1.880204162;1.828925867;1.304747737;1.071146614;1.01417073;1.03838548;0.908765345;1.025565907;0.777720813;1.08254179;1.354601635;1.667968995;1.636632259;1.615266303;1.488494962;1.45003624;1.468553402;1.380240783;1.387362768;1.529802477;1.586778361;1.618115097;1.844594235;1.686486158;2.091014932;
J51;0.1;5.082902845;4.618569455;4.042796051;3.169849277;3.200804837;3.516551542;4.209956071;4.723818357;5.69582292;6.500667463;6.884516399;7.262174223;7.565538705;7.565538705;6.909280847;6.605916365;8.141312109;8.308472129;6.847369728;6.581151917;7.342658677;7.237409776;7.101205314;6.661636372;6.085862968;5.466751781;4.364733868;4.135662729;4.110898281;5.268636201;6.277787436;6.82260528;7.280747559;7.336467566;7.348849789;7.689360942;7.41695202;6.222067429;5.757734039;5.615338466;5.671058473;5.918702947;5.949658507;6.2592141;6.147774087;8.067018766;7.05167642;8.005107647;7.070249755;6.469711904;5.287209537;4.290440526;3.237951508;2.575502538;3.293671515;4.309013861;5.39864955;7.887476522;6.65544526;6.296360771;7.095014203;7.095014203;7.095014203;6.847369728;5.671058473;6.550196358;6.630680812;8.060827654;7.206454216;8.964729987;7.454098691;6.581151917;6.494476351;6.011569625;5.268636201;3.87563603;3.436067088;3.999458268;4.624760567;5.311973984;6.531623022;7.466480915;6.989765301;6.054907408;6.965000853;6.934045294;7.454098691;6.965000853;6.574960806;6.946427518;6.779267497;6.110627415;6.946427518;7.757463173;7.373614237;7.48505425;6.965000853;5.838218493;4.878596153;4.1728094;3.107938159;3.621800444;4.117089393;6.327316331;8.085592102;7.998916536;8.067018766;7.695552054;7.757463173;4.401880539;4.977653943;4.507129441;7.255983111;7.757463173;6.878325287;7.565538705;7.348849789;7.868903186;8.364192136;6.717356379;6.413991897;5.726778479;4.971462831;4.253293854;3.002689257;3.528933766;4.327587197;5.157196187;5.020991726;6.438756344;6.35827189;5.534854011;6.742120826;7.125969762;7.125969762;7.206454216;7.38599646;6.228258541;6.129200751;7.398378684;7.974152088;7.837947627;8.172267668;7.949387641;5.671058473;4.655716126;4.408071651;4.513320553;3.949929373;4.457600546;3.380347081;4.705245021;5.887747388;7.249791999;7.113587538;7.02072086;6.469711904;6.302551883;6.383036338;5.999187402;6.030142961;6.649254148;6.896898623;7.033103084;8.017489871;7.330276454;9.088552225;
J330;0.1;1.159547506;1.053620511;0.922271037;0.723128286;0.730190086;0.802220442;0.960404755;1.07763063;1.299371139;1.482977931;1.570544247;1.656698203;1.725903839;1.725903839;1.576193686;1.50698805;1.857253313;1.895387031;1.562070087;1.50133861;1.675058882;1.651048763;1.619976844;1.519699289;1.388349815;1.247113822;0.995713753;0.943456436;0.937806996;1.201918304;1.432132973;1.556420647;1.660935282;1.673646522;1.676471242;1.754151038;1.692007201;1.419421734;1.313494739;1.28101046;1.2937217;1.350216097;1.357277897;1.427895893;1.402473414;1.840304994;1.608677965;1.826181395;1.612915045;1.475916131;1.206155384;0.978765434;0.738664245;0.587541733;0.751375485;0.983002514;1.231577862;1.799346556;1.518286929;1.436370053;1.618564484;1.618564484;1.618564484;1.562070087;1.2937217;1.49427681;1.512637489;1.838892634;1.643986963;2.045097184;1.70048136;1.50133861;1.481565571;1.371401496;1.201918304;0.884137319;0.783859763;0.912384517;1.055032871;1.211804823;1.49003973;1.70330608;1.594554365;1.381288015;1.588904926;1.581843126;1.70048136;1.588904926;1.49992625;1.584667846;1.546534128;1.393999255;1.584667846;1.769686997;1.682120681;1.70754316;1.588904926;1.331855418;1.112939628;0.951930595;0.709004687;0.826230561;0.939219356;1.443431853;1.844542074;1.824769035;1.840304994;1.755563398;1.769686997;1.004187913;1.135537387;1.028198032;1.655285843;1.769686997;1.569131887;1.725903839;1.676471242;1.795109476;1.908098271;1.532410528;1.463204892;1.306432939;1.134125027;0.970291275;0.684994568;0.805045162;0.987239594;1.176495825;1.145423906;1.468854331;1.450493652;1.262649781;1.538059968;1.625626284;1.625626284;1.643986963;1.684945401;1.420834094;1.398236335;1.687770121;1.819119595;1.788047676;1.864315113;1.813470155;1.2937217;1.06209467;1.005600273;1.029610392;0.901085638;1.016899152;0.771148524;1.07339355;1.343154297;1.653873483;1.622801564;1.601616165;1.475916131;1.437782413;1.456143092;1.368576776;1.375638576;1.516874569;1.573368966;1.604440885;1.829006114;1.672234162;2.073344383;
J331;0.1;0.886131475;0.805181583;0.704803719;0.552617923;0.558014583;0.613060509;0.733945679;0.823530225;0.992985331;1.133298475;1.200217052;1.266056297;1.318943559;1.318943559;1.20453438;1.151647117;1.419321424;1.448463385;1.193741061;1.14732979;1.280087611;1.261738969;1.237993668;1.161361104;1.060983239;0.953050051;0.760928976;0.720993697;0.716676369;0.918511431;1.094442528;1.189423733;1.269294292;1.279008279;1.281166943;1.340530197;1.293039594;1.084728541;1.00377865;0.978954016;0.988668003;1.031841279;1.037237938;1.091204532;1.071776558;1.406369441;1.229359013;1.395576123;1.232597009;1.127901816;0.921749427;0.747976994;0.564490574;0.449002063;0.574204561;0.751214989;0.941177401;1.375068817;1.160281772;1.097680523;1.236914336;1.236914336;1.236914336;1.193741061;0.988668003;1.14193313;1.155964445;1.40529011;1.25634231;1.562872564;1.299515585;1.14732979;1.132219144;1.048031257;0.918511431;0.675661758;0.599029194;0.697248395;0.806260915;0.926066754;1.138695135;1.301674249;1.218565694;1.05558658;1.214248367;1.208851707;1.299515585;1.214248367;1.146250458;1.211010371;1.18186841;1.065300567;1.211010371;1.352402847;1.285484271;1.304912245;1.214248367;1.017809964;0.850513523;0.727469688;0.541824604;0.631409151;0.717755701;1.103077183;1.409607437;1.394496791;1.406369441;1.341609529;1.352402847;0.767404968;0.867782833;0.78575361;1.264976965;1.352402847;1.19913772;1.318943559;1.281166943;1.371830821;1.458177372;1.171075091;1.118187829;0.99838199;0.866703501;0.741501002;0.523475962;0.615219172;0.754452985;0.899083457;0.875338156;1.122505157;1.108473842;0.964922702;1.175392419;1.242310995;1.242310995;1.25634231;1.287642934;1.085807873;1.068538563;1.289801598;1.390179463;1.366434162;1.424718083;1.385862136;0.988668003;0.811657575;0.7684843;0.786832942;0.68861374;0.777118955;0.589315207;0.82029223;1.026444619;1.263897633;1.240152332;1.223962353;1.127901816;1.098759855;1.11279117;1.045872593;1.051269252;1.159202441;1.202375716;1.226121017;1.397734786;1.277928948;1.584459202;
J232;0.1;4.922586618;4.472898437;3.915285093;3.069871313;3.099850525;3.405638488;4.077172838;4.574827758;5.516175016;6.29563453;6.667376759;7.033123146;7.326919424;7.326919424;6.691360129;6.39756385;7.884532768;8.046420513;6.631401704;6.373580481;7.111069097;7.009139776;6.877231243;6.451526432;5.893913088;5.294328847;4.227068898;4.005222729;3.98123936;5.10246189;6.079784203;6.607418335;7.051110673;7.105073255;7.11706494;7.446836272;7.183019206;6.025821621;5.57613344;5.438229065;5.492191647;5.732025343;5.762004555;6.061796676;5.953871512;7.812582659;6.829264504;7.752624235;6.847252031;6.265655317;5.120449417;4.155118789;3.13582558;2.494270442;3.189788162;4.173106317;5.228374581;7.638703229;6.44553059;6.09777173;6.871235401;6.871235401;6.871235401;6.631401704;5.492191647;6.343601269;6.42154722;7.806586817;6.979160564;8.681979808;7.218994261;6.373580481;6.289638687;5.821962979;5.10246189;3.753397348;3.327692537;3.873314196;4.47889428;5.144432787;6.325613742;7.230985945;6.76930608;5.863933876;6.74532271;6.715343498;7.218994261;6.74532271;6.367584638;6.727335183;6.565447438;5.917896458;6.727335183;7.512790539;7.141048309;7.248973473;6.74532271;5.654079392;4.724723818;4.041197784;3.009912889;3.507567809;3.987235202;6.127750942;7.830570186;7.746628393;7.812582659;7.452832114;7.512790539;4.263043953;4.820657297;4.364973274;7.027127303;7.512790539;6.661380916;7.326919424;7.11706494;7.620715702;8.100383095;6.505489014;6.211692736;5.546154228;4.814661454;4.119143735;2.907983568;3.417630173;4.191093844;4.994536727;4.862628194;6.235676105;6.157730154;5.360283114;6.529472383;6.901214613;6.901214613;6.979160564;7.153039994;6.031817464;5.935883985;7.165031679;7.722645023;7.59073649;7.91451198;7.698661653;5.492191647;4.508873492;4.269039795;4.370969116;3.825347457;4.317006535;3.273729955;4.556840231;5.702046131;7.021131461;6.889222928;6.799285292;6.265655317;6.103767572;6.181713524;5.809971294;5.839950506;6.439534747;6.679368444;6.811276977;7.76461592;7.099077412;8.801896657;
J348;0.1;3.419347474;3.106983211;2.719651524;2.132406708;2.153230992;2.365638691;2.832102658;3.177785777;3.831668303;4.373099693;4.631320818;4.885377086;5.089455072;5.089455072;4.647980245;4.44390226;5.476786759;5.589237894;4.606331677;4.427242832;4.939520225;4.868717659;4.777090808;4.481385971;4.094054284;3.677568599;2.93622408;2.782124376;2.765464949;3.54429318;4.223164847;4.58967225;4.897871656;4.935355368;4.943685082;5.172752209;4.989498507;4.185681135;3.873316871;3.777525164;3.815008875;3.981603149;4.002427434;4.210670276;4.135702853;5.426808477;4.743771953;5.385159908;4.756266524;4.352275409;3.556787751;2.886245798;2.178220133;1.73258045;2.215703845;2.898740368;3.631755174;5.306027628;4.477221115;4.235659417;4.772925951;4.772925951;4.772925951;4.606331677;3.815008875;4.406418548;4.460561687;5.42264362;4.847893374;6.03071272;5.014487648;4.427242832;4.368934836;4.044076002;3.54429318;2.607200389;2.311495552;2.690497526;3.111148067;3.573447178;4.393923978;5.022817362;4.702123384;4.07323;4.685463957;4.664639673;5.014487648;4.685463957;4.423077975;4.672969387;4.560518252;4.110713712;4.672969387;5.218565634;4.960344509;5.035311933;4.685463957;3.92746001;3.281907198;2.807113517;2.090758139;2.436441258;2.769629806;4.256483701;5.439303047;5.380995051;5.426808477;5.176917065;5.218565634;2.961213221;3.348544908;3.032015787;4.881212229;5.218565634;4.627155961;5.089455072;4.943685082;5.293533057;5.626721605;4.518869683;4.314791697;3.852492587;3.344380051;2.861256656;2.019955573;2.373968405;2.911234939;3.469325757;3.377698906;4.331451125;4.277307986;3.723382025;4.53552911;4.793750235;4.793750235;4.847893374;4.968674223;4.189845992;4.123208282;4.977003937;5.364335624;5.272708773;5.497611043;5.347676196;3.815008875;3.131972352;2.965378078;3.036180644;2.657178671;2.998696933;2.27401184;3.165291207;3.960778865;4.877047372;4.785420521;4.722947669;4.352275409;4.239824274;4.293967413;4.035746288;4.056570573;4.473056258;4.639650532;4.731277382;5.393489622;4.931190511;6.114009857;
J349;0.1;2.002854783;1.819889973;1.593013609;1.249039767;1.261237421;1.385653492;1.658880941;1.861361997;2.244368331;2.561507335;2.712758244;2.861569623;2.981106632;2.981106632;2.722516367;2.602979358;3.207982995;3.273850327;2.698121059;2.593221235;2.893283523;2.851811499;2.798141822;2.624935135;2.398058772;2.154105692;1.71986921;1.629606571;1.619848448;2.076040707;2.473684226;2.688362936;2.868888215;2.890843992;2.895723054;3.029897247;2.922557892;2.451728449;2.268763639;2.212654431;2.234610208;2.33219144;2.344389094;2.466365634;2.422454079;3.178708626;2.778625576;3.154313318;2.785944168;2.549309681;2.083359299;1.690594841;1.275874606;1.014844811;1.297830383;1.697913433;2.127270853;3.107962233;2.622495605;2.481002819;2.795702291;2.795702291;2.795702291;2.698121059;2.234610208;2.581023581;2.612737481;3.176269095;2.839613845;3.532440591;2.937195077;2.593221235;2.559067804;2.368784402;2.076040707;1.527146278;1.353939591;1.575936894;1.822329504;2.093117422;2.573704989;2.942074139;2.754230268;2.385861118;2.744472144;2.73227449;2.937195077;2.744472144;2.590781704;2.737153552;2.671286221;2.407816895;2.737153552;3.056732086;2.905481177;2.949392731;2.744472144;2.30047754;1.922350266;1.644243756;1.224644459;1.427125515;1.622287979;2.493200473;3.186027218;3.151873787;3.178708626;3.032336778;3.056732086;1.734506395;1.961382759;1.775978419;2.859130092;3.056732086;2.710318713;2.981106632;2.895723054;3.10064364;3.295806104;2.646890913;2.527353904;2.256565985;1.958943228;1.675957656;1.183172436;1.390532553;1.705232026;2.032129152;1.978459475;2.537112027;2.505398126;2.180940531;2.656649036;2.807899945;2.807899945;2.839613845;2.910360238;2.45416798;2.415135487;2.9152393;3.142115664;3.088445987;3.220180649;3.132357541;2.234610208;1.834527158;1.736945926;1.77841795;1.556420647;1.756462172;1.331983814;1.854043404;2.319993786;2.856690561;2.803020883;2.766427922;2.549309681;2.483442349;2.51515625;2.36390534;2.376102994;2.620056074;2.717637306;2.771306983;3.15919238;2.888404461;3.581231207;
J351;0.1;2.077522615;1.887736748;1.652402274;1.295604846;1.308257237;1.437311626;1.720725186;1.930754878;2.328039958;2.657002126;2.813891775;2.968250946;3.092244379;3.092244379;2.824013688;2.700020255;3.327578853;3.395901765;2.798708906;2.689898343;3.001147163;2.958129033;2.902458513;2.722794559;2.487460085;2.234412264;1.783987142;1.690359448;1.680237535;2.153436961;2.56590491;2.788586993;2.975842381;2.998616685;3.003677641;3.142853943;3.031512902;2.543130606;2.35334474;2.295143741;2.317918045;2.419137174;2.431789565;2.558313475;2.512764868;3.297213114;2.882214687;3.271908332;2.889806122;2.644349735;2.161028396;1.753621403;1.323440106;1.052678937;1.34621441;1.761212838;2.206577004;3.223829246;2.720264081;2.573496345;2.899928034;2.899928034;2.899928034;2.798708906;2.317918045;2.677245951;2.710142168;3.294682636;2.945476642;3.664132455;3.046695771;2.689898343;2.654471648;2.457094347;2.153436961;1.584079363;1.404415409;1.634688927;1.890267227;2.171150308;2.669654517;3.051756727;2.856909905;2.474807694;2.846787992;2.834135601;3.046695771;2.846787992;2.687367864;2.839196557;2.770873645;2.497581998;2.839196557;3.170689203;3.013799554;3.059348162;2.846787992;2.386240957;1.994016833;1.705542317;1.270300064;1.480329756;1.682768013;2.586148736;3.304804549;3.269377854;3.297213114;3.145384421;3.170689203;1.799170011;2.034504485;1.842188141;2.965720468;3.170689203;2.811361297;3.092244379;3.003677641;3.216237811;3.418676068;2.745568863;2.621575431;2.340692349;2.031974007;1.738438534;1.227281934;1.442372583;1.768804272;2.107888353;2.052217832;2.631697344;2.598801127;2.262247524;2.755690776;2.912580425;2.912580425;2.945476642;3.018860511;2.545661084;2.505173433;3.023921467;3.259255941;3.20358542;3.340231244;3.249134028;2.317918045;1.902919618;1.801700489;1.844718619;1.614445101;1.821944315;1.381641105;1.923163443;2.406484782;2.96318999;2.907519469;2.869562296;2.644349735;2.576026823;2.60892304;2.45203339;2.464685781;2.717733603;2.818952732;2.874623252;3.276969288;2.996086207;3.71474202;
J352;0.1;1.390139339;1.263147317;1.105677209;0.866932207;0.875398342;0.961752917;1.151394337;1.291932175;1.557768809;1.777888315;1.882868387;1.986155231;2.069123353;2.069123353;1.889641294;1.806673173;2.226593461;2.272310589;1.872709025;1.799900265;2.008167182;1.979382324;1.94213133;1.821912216;1.664442108;1.495119411;1.193725011;1.131075613;1.124302706;1.440936148;1.716932144;1.865936117;1.991234912;2.006473955;2.009860409;2.102987892;2.028485906;1.701693101;1.574701079;1.535756858;1.550995901;1.61872498;1.627191115;1.711852463;1.681374378;2.206274737;1.928585515;2.189342467;1.933665196;1.76942218;1.446015829;1.173406288;0.885557703;0.704382418;0.900796746;1.178485969;1.476493915;2.157171155;1.820218989;1.722011825;1.940438103;1.940438103;1.940438103;1.872709025;1.550995901;1.79143413;1.813446081;2.20458151;1.970916189;2.451792647;2.038645267;1.799900265;1.776195088;1.644123384;1.440936148;1.059960081;0.939740966;1.09382462;1.264840544;1.452788737;1.786354449;2.042031721;1.911653245;1.655975973;1.904880337;1.896414202;2.038645267;1.904880337;1.798207038;1.899800656;1.854083528;1.671215016;1.899800656;2.121613389;2.016633317;2.047111402;1.904880337;1.596713029;1.334262849;1.141234975;0.849999937;0.990537775;1.125995933;1.73047796;2.211354418;2.18764924;2.206274737;2.104681119;2.121613389;1.203884373;1.361354481;1.232669231;1.984462004;2.121613389;1.88117516;2.069123353;2.009860409;2.152091474;2.287549631;1.837151258;1.754183137;1.566234944;1.359661254;1.163246926;0.821215079;0.965139371;1.183565649;1.410458063;1.37320707;1.760956045;1.738944094;1.513744908;1.843924166;1.948904238;1.948904238;1.970916189;2.020019771;1.703386328;1.676294697;2.023406225;2.180876333;2.143625339;2.235059596;2.174103425;1.550995901;1.273306679;1.2055776;1.234362458;1.080278804;1.219123416;0.924501924;1.286852494;1.610258845;1.982768778;1.945517784;1.92011938;1.76942218;1.723705052;1.745717002;1.64073693;1.649203065;1.818525762;1.88625484;1.923505834;2.192728921;2.004780728;2.485657187;
J353;0.1;4.239595568;3.852299992;3.372053479;2.643937796;2.669757501;2.933118493;3.511479886;3.94008699;4.750825728;5.422138059;5.742302402;6.057302803;6.310335912;6.310335912;5.762958166;5.509925056;6.790582426;6.930008833;5.711318755;5.489269292;6.124434036;6.036647039;5.923040337;5.556400525;5.076154011;4.559759911;3.640578411;3.449512594;3.42885683;4.394513798;5.236236183;5.690662991;6.072794626;6.119270095;6.129597977;6.413614733;6.186401328;5.189760714;4.802465138;4.683694495;4.730169964;4.936727604;4.962547309;5.22074436;5.127793422;6.728615134;5.881728809;6.676975724;5.897220632;5.396318354;4.410005621;3.578611119;2.700741147;2.14819946;2.747216617;3.594102942;4.502956559;6.578860845;5.551236584;5.251728006;5.917876396;5.917876396;5.917876396;5.711318755;4.730169964;5.463449587;5.53058082;6.723451193;6.010827334;7.47738658;6.217384974;5.489269292;5.416974118;5.014186719;4.394513798;3.232627071;2.86598726;3.335905892;3.857463933;4.430661385;5.447957764;6.227712856;5.830089399;5.050334306;5.809433635;5.78361393;6.217384974;5.809433635;5.484105351;5.793941812;5.654515404;5.096809775;5.793941812;6.470418084;6.150253741;6.243204679;5.809433635;4.869596371;4.069185515;3.48049624;2.592298386;3.02090549;3.434020771;5.277547711;6.744106957;6.671811783;6.728615134;6.418778674;6.470418084;3.671562057;4.151808571;3.759349054;6.052138862;6.470418084;5.737138461;6.310335912;6.129597977;6.563369022;6.976484303;5.602875994;5.349842885;4.776645433;4.14664463;3.547627473;2.504511389;2.943446375;3.609594765;4.30156286;4.187956158;5.370498649;5.303367416;4.616563262;5.623531758;5.943696101;5.943696101;6.010827334;6.160581623;5.194924655;5.112301598;6.170909505;6.651156019;6.537549317;6.816402131;6.630500255;4.730169964;3.883283638;3.676725998;3.764512995;3.294594363;3.718037526;2.819511791;3.924595167;4.910907899;6.046974921;5.933368219;5.855909104;5.396318354;5.256891947;5.32402318;5.003858837;5.029678542;5.546072643;5.752630284;5.866236986;6.687303606;6.114106154;7.580665401;
J355;0.1;2.155484615;1.958576764;1.714411028;1.344224267;1.357351457;1.491248796;1.785297854;2.00320921;2.415402979;2.756709922;2.91948708;3.079638799;3.208285262;3.208285262;2.929988832;2.801342369;3.452450998;3.523337824;2.903734451;2.790840617;3.113769493;3.069137047;3.01137741;2.824971311;2.580805575;2.318261773;1.850933805;1.753792598;1.743290846;2.234247756;2.662194153;2.893232699;3.087515113;3.111144055;3.116394931;3.260794022;3.145274749;2.638565211;2.44165736;2.381272285;2.404901227;2.509918748;2.523045938;2.654317839;2.607059955;3.420945742;2.990373906;3.394691361;2.99825022;2.743582732;2.24212407;1.819428549;1.373104085;1.092182217;1.396733027;1.827304863;2.289381954;3.344808039;2.822345873;2.670070468;3.008751972;3.008751972;3.008751972;2.903734451;2.404901227;2.777713426;2.811844121;3.418320304;3.056009857;3.801634255;3.161027378;2.790840617;2.754084484;2.549300319;2.234247756;1.643524201;1.457118102;1.696032962;1.961202202;2.252625822;2.769837112;3.166278254;2.964119526;2.567678385;2.953617774;2.940490584;3.161027378;2.953617774;2.788215179;2.94574146;2.874854633;2.591307327;2.94574146;3.289673841;3.126896683;3.174154568;2.953617774;2.475788054;2.068845161;1.769545226;1.317969887;1.535881242;1.745916284;2.683197658;3.428822056;3.392065923;3.420945742;3.26341946;3.289673841;1.866686433;2.110852169;1.911318879;3.077013361;3.289673841;2.916861642;3.208285262;3.116394931;3.336931725;3.546966767;2.848600253;2.71995379;2.42853017;2.108226731;1.803675921;1.27333744;1.496499672;1.835181177;2.186989872;2.129230235;2.730455542;2.696324848;2.347141591;2.859102005;3.021879162;3.021879162;3.056009857;3.132147559;2.641190649;2.599183641;3.137398435;3.381564171;3.323804535;3.465578188;3.371062419;2.404901227;1.974329392;1.869311871;1.913944317;1.675029458;1.890315375;1.43348916;1.995332896;2.496791558;3.074387923;3.016628286;2.977246716;2.743582732;2.672695906;2.7068266;2.544049443;2.557176633;2.819720435;2.924737956;2.982497592;3.399942237;3.108518617;3.854143015;
J358;0.1;2.842867891;2.583166195;2.261136093;1.772896906;1.790210353;1.966807505;2.354628704;2.642031913;3.185674128;3.635823733;3.850510468;4.061734514;4.231406288;4.231406288;3.864361225;3.694689451;4.55343639;4.646929;3.829734333;3.680838694;4.106749474;4.047883757;3.971704593;3.725853654;3.403823552;3.057554625;2.441195935;2.313076432;2.299225675;2.946748569;3.51116692;3.815883575;4.072122581;4.103286785;4.110212163;4.300660073;4.148301745;3.480002716;3.220301021;3.140659168;3.171823371;3.310330942;3.327644388;3.500778852;3.438450445;4.511884119;3.944003078;4.477257226;3.954391146;3.618510287;2.957136637;2.399643664;1.810986488;1.440478736;1.842150692;2.410031732;3.019465043;4.41146613;3.722390965;3.521554988;3.968241903;3.968241903;3.968241903;3.829734333;3.171823371;3.663525248;3.708540208;4.508421429;4.03057031;5.013974063;4.169077881;3.680838694;3.632361044;3.362271281;2.946748569;2.167643483;1.921792545;2.236897268;2.586628885;2.970987394;3.65313718;4.17600326;3.909376186;3.386510106;3.895525429;3.878211982;4.169077881;3.895525429;3.677376005;3.885137361;3.791644751;3.417674309;3.885137361;4.338749655;4.12406292;4.186391327;3.895525429;3.265315982;2.728599145;2.333852568;1.738270014;2.025673223;2.302688364;3.538868434;4.522272187;4.473794537;4.511884119;4.304122763;4.338749655;2.461972071;2.784002173;2.520837789;4.058271824;4.338749655;3.847047779;4.231406288;4.110212163;4.401078062;4.678093204;3.757017858;3.587346084;3.202987575;2.780539484;2.378867528;1.679404296;1.973732884;2.4204198;2.884420162;2.808240998;3.601196841;3.55618188;3.095644207;3.770868615;3.98555535;3.98555535;4.03057031;4.130988299;3.483465406;3.428062377;4.137913678;4.45994378;4.383764616;4.570749836;4.446093023;3.171823371;2.603942331;2.46543476;2.524300478;2.209195754;2.493136274;1.890628341;2.631643845;3.293017496;4.054809135;3.978629971;3.926689632;3.618510287;3.525017677;3.570032637;3.355345903;3.372659349;3.718928276;3.857435847;3.933615011;4.484182605;4.099824096;5.083227848;
J359;0.1;1.622927286;1.474669616;1.290830107;1.012105688;1.021989533;1.122804748;1.344202867;1.508274688;1.818627409;2.075607369;2.198167042;2.318749946;2.415611624;2.415611624;2.206074118;2.109212441;2.599451133;2.652823894;2.186306429;2.101305365;2.344447942;2.310842871;2.267353954;2.127003361;1.943163851;1.745486959;1.393622091;1.32048164;1.312574565;1.682230353;2.004443688;2.178399353;2.324680253;2.342471173;2.346424711;2.455147002;2.368169169;1.986652767;1.838395098;1.792929413;1.810720333;1.88979109;1.899674935;1.998513381;1.96293154;2.575729906;2.251539803;2.555962217;2.25747011;2.065723524;1.68816066;1.369900863;1.033850147;0.822335872;1.051641067;1.37583117;1.723742501;2.518403608;2.125026592;2.010373994;2.265377185;2.265377185;2.265377185;2.186306429;1.810720333;2.09142152;2.117119516;2.573753137;2.300959026;2.8623614;2.380029783;2.101305365;2.0736306;1.919442624;1.682230353;1.237457346;1.097106752;1.276992724;1.476646385;1.696067736;2.085491213;2.383983321;2.231772114;1.933280006;2.223865038;2.213981193;2.380029783;2.223865038;2.099328596;2.217934731;2.16456197;1.951070927;2.217934731;2.47689146;2.354331787;2.389913628;2.223865038;1.864093094;1.557693911;1.332342254;0.992337999;1.15640982;1.314551334;2.020257839;2.581660213;2.553985448;2.575729906;2.457123771;2.47689146;1.405482704;1.589322214;1.439087776;2.316773177;2.47689146;2.196190273;2.415611624;2.346424711;2.512473301;2.670614815;2.144794281;2.047932604;1.828511254;1.587345445;1.35804025;0.958732928;1.126758286;1.381761477;1.646648513;1.603159596;2.05583968;2.030141684;1.767231417;2.152701357;2.27526103;2.27526103;2.300959026;2.358285325;1.988629536;1.957001234;2.362238863;2.546078372;2.502589456;2.609334978;2.538171297;1.810720333;1.48653023;1.407459473;1.441064545;1.261178573;1.423273624;1.079315832;1.502344381;1.879907246;2.314796409;2.271307492;2.241655958;2.065723524;2.012350763;2.038048759;1.915489086;1.925372931;2.123049823;2.20212058;2.245609496;2.559915755;2.340494405;2.901896779;
J82;0.1;1.80520464;1.640295568;1.435808319;1.125779264;1.136773202;1.248911371;1.495175585;1.677674957;2.022884615;2.308727006;2.445051838;2.579177884;2.686918477;2.686918477;2.453846989;2.346106395;2.891405726;2.950772992;2.431859113;2.337311245;2.607762123;2.570382733;2.522009405;2.365895484;2.161408235;1.941529472;1.550145275;1.468790133;1.459994983;1.871168268;2.229570651;2.423063962;2.585774246;2.605563335;2.60996091;2.73089423;2.634147574;2.209781563;2.044872491;1.994300375;2.014089464;2.102040969;2.113034907;2.222974288;2.183396111;2.865020275;2.504419104;2.843032398;2.511015467;2.297733068;1.877764631;1.523759824;1.149965928;0.914695652;1.169755016;1.530356187;1.917342809;2.801255434;2.363696696;2.236167014;2.519810618;2.519810618;2.519810618;2.431859113;2.014089464;2.326317307;2.354901546;2.862821487;2.559388795;3.18384448;2.6473403;2.337311245;2.306528218;2.135022783;1.871168268;1.376441053;1.220327132;1.420416805;1.642494355;1.886559782;2.319720944;2.651737875;2.482431228;2.150414297;2.473636078;2.462642139;2.6473403;2.473636078;2.335112457;2.467039715;2.407672449;2.170203385;2.467039715;2.755080893;2.618756061;2.658334238;2.473636078;2.07345673;1.732644648;1.481982859;1.103791387;1.28629076;1.46219377;2.247160952;2.871616638;2.840833611;2.865020275;2.733093017;2.755080893;1.563338001;1.76782525;1.600717391;2.576979096;2.755080893;2.442853051;2.686918477;2.60996091;2.794659071;2.970562081;2.385684573;2.277943979;2.033878553;1.765626462;1.510567098;1.066411998;1.253308946;1.53695255;1.831590091;1.783216763;2.286739129;2.25815489;1.965716136;2.394479723;2.530804556;2.530804556;2.559388795;2.623153636;2.21198035;2.176799748;2.627551211;2.83203846;2.783665133;2.902399664;2.82324331;2.014089464;1.653488294;1.565536789;1.602916178;1.402826504;1.58312709;1.200538043;1.671078595;2.091047031;2.574780308;2.526406981;2.493425166;2.297733068;2.238365802;2.266950041;2.130625208;2.141619146;2.361497909;2.449449414;2.497822741;2.847429974;2.603364547;3.227820233;
J83;0.1;2.839573722;2.580172955;2.258516005;1.770842564;1.788135949;1.96452847;2.351900281;2.638970462;3.181982733;3.631610728;3.846048695;4.057027985;4.226503152;4.226503152;3.859883402;3.690408235;4.548160102;4.641544378;3.825296633;3.676573527;4.101990784;4.043193277;3.967102386;3.721536327;3.399879377;3.054011688;2.438367203;2.310396158;2.296561451;2.943334028;3.50709836;3.811461926;4.067404015;4.098532107;4.105449461;4.29567669;4.143494907;3.475970268;3.216569502;3.137019934;3.168148026;3.306495101;3.323788485;3.496722329;3.434466146;4.50665598;3.939432971;4.472069211;3.949809001;3.614317344;2.953710059;2.39686308;1.80888801;1.438809584;1.840016102;2.407239111;3.015966243;4.40635435;3.71807765;3.517474391;3.963643709;3.963643709;3.963643709;3.825296633;3.168148026;3.659280143;3.704242942;4.503197303;4.025899893;5.008164128;4.164246968;3.676573527;3.628152051;3.358375254;2.943334028;2.165131729;1.91956567;2.234305267;2.583631632;2.967544766;3.648904112;4.171164322;3.904846202;3.382585992;3.891011494;3.87371811;4.164246968;3.891011494;3.673114851;3.880635464;3.787251188;3.413714084;3.880635464;4.333722135;4.119284169;4.181540352;3.891011494;3.261532301;2.725437384;2.33114822;1.736255796;2.023325977;2.300020128;3.534767775;4.51703201;4.468610534;4.50665598;4.299135366;4.333722135;2.459119264;2.780776215;2.517916771;4.053569308;4.333722135;3.842590018;4.226503152;4.105449461;4.395978319;4.67267247;3.752664419;3.583189252;3.199276117;2.777317538;2.376111019;1.677458289;1.971445824;2.417615142;2.881077844;2.804986953;3.597023959;3.55206116;3.092057134;3.766499126;3.980937093;3.980937093;4.025899893;4.126201522;3.479428945;3.424090115;4.133118876;4.454775826;4.378684935;4.565453487;4.440941119;3.168148026;2.600925017;2.462577941;2.521375448;2.206635852;2.490247356;1.888437579;2.628594432;3.289201716;4.050110631;3.974019739;3.922139586;3.614317344;3.520933068;3.565895867;3.3514579;3.368751285;3.714618973;3.852966048;3.92905694;4.478986564;4.09507343;5.077337665;
J360;0.1;2.062149826;1.873768295;1.640175196;1.286017918;1.298576687;1.426676128;1.707992547;1.916468108;2.310813447;2.637341434;2.793070166;2.946287144;3.069363078;3.069363078;2.803117181;2.680041247;3.302956176;3.370773527;2.777999643;2.669994232;2.978939943;2.936240129;2.880981547;2.702647031;2.469053933;2.217878558;1.770786391;1.677851502;1.667804487;2.137502438;2.546918299;2.767952628;2.953822406;2.976428189;2.981451697;3.119598153;3.009080988;2.524312515;2.335930984;2.278160648;2.300766432;2.401236581;2.41379535;2.539383037;2.49417147;3.272815131;2.860887517;3.247697594;2.868422778;2.624782665;2.145037699;1.740645346;1.313647209;1.044889558;1.336252993;1.748180607;2.190249267;3.199974273;2.700135277;2.55445356;2.878469793;2.878469793;2.878469793;2.777999643;2.300766432;2.657435463;2.690088262;3.270303378;2.923681361;3.637019425;3.02415151;2.669994232;2.63482968;2.438912888;2.137502438;1.572357845;1.394023329;1.62259292;1.876280048;2.155084714;2.649900202;3.029175018;2.835769979;2.456495164;2.825722964;2.813164196;3.02415151;2.825722964;2.667482478;2.818187703;2.750370352;2.479100948;2.818187703;3.147227444;2.991498712;3.036710279;2.825722964;2.368583783;1.979261952;1.692922025;1.260900381;1.469375942;1.670316241;2.567012329;3.280350393;3.24518584;3.272815131;3.122109907;3.147227444;1.785856914;2.019450012;1.828556727;2.943775391;3.147227444;2.790558412;3.069363078;2.981451697;3.192439011;3.393379311;2.725252815;2.602176881;2.323372215;2.016938258;1.725574824;1.218200567;1.431699635;1.755715869;2.092290871;2.037032288;2.612223896;2.579571097;2.245507849;2.73529983;2.891028562;2.891028562;2.923681361;2.996522219;2.526824269;2.486636209;3.001545727;3.235138825;3.179880243;3.315514945;3.22509181;2.300766432;1.888838817;1.788368667;1.831068481;1.60249889;1.808462697;1.371417545;1.908932847;2.388677813;2.941263637;2.886005054;2.848328748;2.624782665;2.556965314;2.589618112;2.43388938;2.446448149;2.697623523;2.798093673;2.853352256;3.252721101;2.973916436;3.687254499;
J361;0.1;0.78511029;0.713388887;0.624454348;0.48961811;0.494399537;0.543170091;0.650274053;0.729645739;0.879782542;1.004099641;1.063389334;1.121722741;1.168580725;1.168580725;1.067214475;1.020356492;1.257515264;1.283334969;1.057651621;1.01653135;1.134154451;1.1178976;1.096859322;1.02896306;0.940028521;0.844399983;0.674181187;0.638798628;0.634973487;0.813798852;0.969673367;1.05382648;1.124591597;1.133198166;1.135110737;1.187706432;1.145629876;0.961066799;0.889345396;0.867350832;0.875957401;0.914208816;0.918990242;0.966804511;0.949591374;1.24603984;1.089209039;1.236476986;1.092077895;0.999318214;0.816667708;0.662705763;0.50013725;0.397814715;0.508743818;0.665574619;0.833880844;1.218307564;1.028006775;0.972542223;1.095903036;1.095903036;1.095903036;1.057651621;0.875957401;1.011749924;1.024181633;1.245083554;1.113116173;1.384701219;1.151367588;1.01653135;1.003143355;0.928553096;0.813798852;0.598634643;0.530738381;0.61776035;0.714345173;0.820492849;1.008881067;1.153280159;1.079646185;0.935247094;1.075821043;1.071039617;1.151367588;1.075821043;1.015575065;1.072952187;1.047132482;0.943853662;1.072952187;1.198225571;1.138935878;1.156149015;1.075821043;0.901777106;0.753552873;0.644536341;0.480055257;0.559426943;0.635929772;0.97732365;1.248908696;1.235520701;1.24603984;1.188662717;1.198225571;0.679918899;0.768853439;0.696175751;1.120766456;1.198225571;1.062433048;1.168580725;1.135110737;1.215438708;1.291941538;1.037569629;0.990711645;0.884563969;0.767897154;0.656968051;0.463798405;0.545082662;0.668443475;0.796585715;0.775547437;0.994536787;0.982105077;0.854919123;1.04139477;1.100684463;1.100684463;1.113116173;1.140848449;0.962023084;0.946722518;1.142761019;1.231695559;1.210657281;1.262296691;1.227870418;0.875957401;0.7191266;0.680875185;0.697132036;0.610110067;0.688525468;0.522131813;0.726776883;0.909427389;1.119810171;1.098771892;1.084427612;0.999318214;0.973498509;0.985930218;0.926640525;0.931421952;1.027050489;1.065301904;1.086340183;1.238389557;1.13224188;1.403826926;
J362;0.1;0.275612144;0.250434421;0.219214044;0.171879924;0.173558439;0.190679291;0.228278024;0.256141371;0.308846739;0.352488126;0.37330171;0.393779592;0.410229038;0.410229038;0.374644522;0.358195076;0.441449414;0.450513395;0.371287492;0.356852264;0.39814373;0.39243678;0.385051314;0.361216403;0.329996026;0.296425728;0.236670599;0.224249588;0.222906777;0.285683233;0.340402818;0.36994468;0.394786701;0.397808027;0.398479433;0.416943097;0.402172166;0.337381492;0.312203768;0.3044826;0.307503927;0.320932046;0.322610561;0.339395709;0.333353056;0.437420979;0.38236569;0.434063949;0.383372799;0.350809611;0.286690342;0.232642163;0.175572657;0.139652438;0.178593984;0.233649272;0.292732996;0.427685592;0.3608807;0.341409927;0.384715611;0.384715611;0.384715611;0.371287492;0.307503927;0.355173749;0.359537888;0.437085276;0.390758265;0.48609791;0.404186384;0.356852264;0.352152423;0.32596759;0.285683233;0.210150063;0.186315152;0.216864123;0.250770124;0.288033154;0.35416664;0.40485779;0.379008661;0.328317511;0.377665849;0.375987334;0.404186384;0.377665849;0.356516561;0.37665874;0.36759476;0.331338838;0.37665874;0.42063583;0.399822245;0.405864899;0.377665849;0.316567907;0.264533946;0.226263806;0.168522894;0.196386241;0.22324248;0.343088442;0.438428088;0.433728246;0.437420979;0.4172788;0.42063583;0.238684816;0.269905193;0.244391767;0.393443889;0.42063583;0.372966007;0.410229038;0.398479433;0.426678483;0.453534722;0.36423773;0.347788284;0.310525253;0.26956949;0.230627945;0.162815944;0.191350697;0.234656381;0.27964058;0.272255114;0.349131096;0.344766957;0.300118461;0.365580542;0.386394126;0.386394126;0.390758265;0.400493651;0.337717195;0.332345947;0.401165057;0.432385434;0.424999969;0.443127929;0.431042622;0.307503927;0.252448639;0.239020519;0.24472747;0.214178499;0.241706143;0.183293825;0.255134262;0.319253531;0.393108186;0.38572272;0.380687176;0.350809611;0.34174563;0.346109769;0.325296184;0.326974699;0.360544997;0.373973116;0.381358582;0.434735355;0.397472324;0.49281197;
J1208;0.1;0.720324966;0.654521832;0.572925947;0.449216057;0.453602932;0.498349063;0.596615075;0.669437209;0.807185102;0.921243866;0.975641123;1.029161005;1.072152385;1.072152385;0.979150623;0.936159243;1.15374827;1.177437398;0.970376872;0.932649742;1.040566881;1.025651504;1.006349252;0.944055619;0.862459734;0.774722223;0.618549453;0.586086574;0.582577073;0.746646219;0.889658362;0.966867372;1.03179313;1.039689506;1.041444256;1.089699887;1.051095382;0.881761986;0.815958853;0.795779225;0.803675601;0.838770606;0.843157481;0.887026237;0.871233485;1.143219769;0.999330251;1.134446018;1.001962376;0.91685699;0.749278344;0.608020952;0.458867183;0.364988046;0.466763559;0.610653077;0.765071096;1.117775891;0.943178244;0.892290487;1.005471877;1.005471877;1.005471877;0.970376872;0.803675601;0.928262867;0.939668743;1.142342394;1.021264629;1.27043916;1.056359633;0.932649742;0.920366491;0.851931232;0.746646219;0.549236819;0.486943186;0.566784321;0.655399208;0.752787845;0.925630742;1.058114383;0.9905565;0.858072858;0.987046999;0.982660124;1.056359633;0.987046999;0.931772367;0.984414874;0.960725746;0.865969234;0.984414874;1.099351013;1.044953757;1.060746509;0.987046999;0.827364729;0.691371587;0.591350824;0.440442305;0.51326444;0.583454448;0.896677363;1.145851894;1.133568643;1.143219769;1.090577262;1.099351013;0.623813704;0.705409589;0.63872908;1.028283629;1.099351013;0.974763748;1.072152385;1.041444256;1.115143765;1.185333774;0.951951995;0.908960614;0.811571977;0.704532214;0.602756701;0.425526929;0.500103813;0.613285202;0.730853467;0.711551215;0.912470115;0.901064238;0.784373349;0.955461495;1.009858752;1.009858752;1.021264629;1.046708507;0.882639361;0.868601359;1.048463257;1.130059142;1.11075689;1.158135146;1.126549642;0.803675601;0.659786083;0.624691079;0.639606456;0.55976532;0.63171008;0.47904681;0.666805084;0.83438373;1.027406254;1.008104002;0.994943375;0.91685699;0.893167862;0.904573739;0.850176482;0.854563358;0.942300869;0.977395873;0.996698126;1.136200768;1.038812131;1.287986662;
J381;0.1;1.655868976;1.504602017;1.317030988;1.032649106;1.04273357;1.145595102;1.371487093;1.538889195;1.855541362;2.117737424;2.242784776;2.365815236;2.464642983;2.464642983;2.250852347;2.152024601;2.652214012;2.706670117;2.23068342;2.14395703;2.392034842;2.357747665;2.313376024;2.170176636;1.982605607;1.780916329;1.421909413;1.34728438;1.339216809;1.71637576;2.045129283;2.222615849;2.371865915;2.39001795;2.394051735;2.504980838;2.416237556;2.026977248;1.87571029;1.829321756;1.847473791;1.928149502;1.938233966;2.039078605;2.002774535;2.628011298;2.297240882;2.60784237;2.30329156;2.10765296;1.722426438;1.3977067;1.054834926;0.839027398;1.072986961;1.403757378;1.758730508;2.569521407;2.168159743;2.051179962;2.311359131;2.311359131;2.311359131;2.23068342;1.847473791;2.133872566;2.160092172;2.625994405;2.347663201;2.920460752;2.428338913;2.14395703;2.115720531;1.958402894;1.71637576;1.262574883;1.119375495;1.302912739;1.50661891;1.730494009;2.127821888;2.432372698;2.277071954;1.972521143;2.269004383;2.258919919;2.428338913;2.269004383;2.141940137;2.262953704;2.208497599;1.990673178;2.262953704;2.527166659;2.402119306;2.438423376;2.269004383;1.901929896;1.589311514;1.359385737;1.012480178;1.179882279;1.341233702;2.061264426;2.634061977;2.605825478;2.628011298;2.506997731;2.527166659;1.43401077;1.621581799;1.468297947;2.363798343;2.527166659;2.240767884;2.464642983;2.394051735;2.563470729;2.724822152;2.188328671;2.089500925;1.865625826;1.619564906;1.385605343;0.978193;1.149628887;1.409808056;1.680071689;1.635700048;2.097568496;2.07134889;1.803102149;2.196396242;2.321443595;2.321443595;2.347663201;2.406153092;2.028994141;1.996723857;2.410186877;2.597757906;2.553386265;2.662298476;2.589690335;1.847473791;1.516703374;1.436027663;1.47031484;1.286777597;1.452162805;1.10122346;1.532838516;1.918065038;2.361781451;2.317409809;2.287156418;2.10765296;2.053196855;2.079416461;1.954369108;1.964453572;2.166142851;2.246818562;2.291190203;2.611876156;2.388001057;2.960798608;
J382;0.1;1.558141961;1.415802561;1.239301706;0.971703635;0.981192928;1.07798372;1.29054389;1.448066159;1.746029968;1.992751594;2.110418831;2.22618821;2.319183284;2.319183284;2.118010266;2.025015192;2.49568414;2.546926323;2.099031679;2.017423757;2.250860372;2.218596775;2.176843884;2.04209592;1.865595064;1.675809198;1.337990356;1.267769586;1.260178151;1.615077721;1.924428683;2.091440245;2.231881786;2.248962514;2.252758231;2.357140457;2.273634676;1.907347955;1.765008555;1.721357806;1.738438534;1.81435288;1.823842173;1.918735107;1.884573651;2.472909836;2.161661015;2.453931249;2.167354591;1.983262301;1.620771297;1.315216052;0.99258008;0.789509203;1.009660808;1.320909628;1.654932753;2.417871934;2.040198061;1.930122259;2.174946026;2.174946026;2.174946026;2.099031679;1.738438534;2.007934464;2.032606626;2.471011977;2.209107482;2.748099342;2.285021828;2.017423757;1.990853736;1.84282076;1.615077721;1.188059522;1.053311557;1.226016695;1.41770042;1.628362731;2.002240888;2.288817545;2.142682429;1.856105771;2.135090994;2.125601701;2.285021828;2.135090994;2.015525898;2.129397418;2.078155234;1.873186499;2.129397418;2.378016903;2.260349666;2.294511121;2.135090994;1.789680718;1.495512625;1.279156738;0.952725048;1.110247317;1.26207601;1.939611552;2.478603412;2.45203339;2.472909836;2.359038316;2.378016903;1.349377508;1.525878364;1.381641105;2.224290351;2.378016903;2.108520973;2.319183284;2.252758231;2.412178358;2.564007051;2.059176647;1.966181573;1.755519262;1.523980505;1.3038289;0.920461451;1.081779437;1.326603204;1.580916265;1.539163374;1.973773008;1.949100845;1.696685643;2.066768082;2.184435319;2.184435319;2.209107482;2.264145383;1.909245813;1.878880075;2.2679411;2.444441956;2.402689065;2.505173433;2.436850521;1.738438534;1.427189713;1.351275367;1.383538964;1.210833826;1.366458236;1.036230829;1.442372583;1.804863587;2.222392492;2.180639602;2.152171722;1.983262301;1.932020117;1.95669228;1.839025043;1.848514336;2.038300202;2.114214549;2.155967439;2.457726966;2.247064655;2.786056515;
J297;0.1;1.717360132;1.560475832;1.365939301;1.070996818;1.081455771;1.188137095;1.422417649;1.596036273;1.924447407;2.196380193;2.326071214;2.453670444;2.556168186;2.556168186;2.334438376;2.231940634;2.750704718;2.807183065;2.31352047;2.223573471;2.480863722;2.445303281;2.399283887;2.25076675;2.056230219;1.847051153;1.474712415;1.397316161;1.388948998;1.780113851;2.121075729;2.305153307;2.459945816;2.478771932;2.482955513;2.598003999;2.50596521;2.102249613;1.945365314;1.897254128;1.916080244;1.999751871;2.010210824;2.114800357;2.077148125;2.72560323;2.382549561;2.704685323;2.388824933;2.185921239;1.786389223;1.449610927;1.094006515;0.870184914;1.112832631;1.455886299;1.824041455;2.664941301;2.248674959;2.127351101;2.397192096;2.397192096;2.397192096;2.31352047;1.916080244;2.213114518;2.240307797;2.723511439;2.434844328;3.028912875;2.518515954;2.223573471;2.194288402;2.031128731;1.780113851;1.309460953;1.160943816;1.351296766;1.562567623;1.794756386;2.206839146;2.522699536;2.361631655;2.045771265;2.353264492;2.342805539;2.518515954;2.353264492;2.221481681;2.34698912;2.290510772;2.064597381;2.34698912;2.621013697;2.491322676;2.528974908;2.353264492;1.972558592;1.64833104;1.409866905;1.050078911;1.223697536;1.391040789;2.137810054;2.731878602;2.702593532;2.72560323;2.60009579;2.621013697;1.487263159;1.68179969;1.5228236;2.451578653;2.621013697;2.323979423;2.556168186;2.482955513;2.658665929;2.826009181;2.269592866;2.167095124;1.93490636;1.6797079;1.437060183;1.01451847;1.192320676;1.462161671;1.74246162;1.696442225;2.175462286;2.148269008;1.87006085;2.277960028;2.407651049;2.407651049;2.434844328;2.495506257;2.104341404;2.070872753;2.499689838;2.69422637;2.648206975;2.761163671;2.685859207;1.916080244;1.573026576;1.48935495;1.524915391;1.334562441;1.506089275;1.1421177;1.589760901;1.989292917;2.449486863;2.403467468;2.372090608;2.185921239;2.129442892;2.15663617;2.026945149;2.037404103;2.246583169;2.330254795;2.37627419;2.708868904;2.476680141;3.070748689;
J298;0.1;0.663226036;0.602639004;0.527511085;0.413607467;0.417646602;0.458845783;0.549322417;0.616372065;0.743200917;0.848218438;0.898303717;0.947581169;0.987164696;0.987164696;0.901535025;0.861951498;1.062292615;1.084103946;0.893456754;0.85872019;0.958082921;0.944349861;0.926577665;0.869221942;0.794094023;0.713311315;0.569518094;0.539628492;0.536397183;0.687460848;0.819136663;0.890225446;0.95000465;0.957275094;0.958890748;1.003321238;0.967776846;0.811866219;0.751279188;0.732699165;0.739969608;0.772282692;0.776321827;0.816713181;0.802172294;1.05259869;0.920115048;1.044520419;0.922538529;0.844179302;0.689884329;0.559824169;0.422493565;0.336056067;0.429764008;0.56224765;0.704425217;1.029171704;0.868414115;0.821560144;0.925769838;0.925769838;0.925769838;0.893456754;0.739969608;0.854681054;0.865182806;1.051790863;0.940310725;1.169733617;0.972623808;0.85872019;0.847410611;0.784400098;0.687460848;0.505699754;0.448344031;0.521856296;0.603446831;0.693115638;0.852257573;0.974239463;0.912036777;0.790054888;0.908805469;0.904766333;0.972623808;0.908805469;0.857912363;0.906381988;0.884570656;0.797325331;0.906381988;1.012207336;0.962122056;0.976662944;0.908805469;0.76178094;0.636567742;0.544475454;0.405529196;0.472578844;0.53720501;0.825599279;1.055022171;1.043712592;1.05259869;1.004129065;1.012207336;0.574365056;0.649492975;0.588098117;0.946773342;1.012207336;0.89749589;0.987164696;0.958890748;1.026748223;1.09137439;0.876492386;0.836908858;0.747240052;0.648685148;0.554977206;0.391796135;0.460461438;0.564671131;0.672919961;0.655147765;0.840140167;0.829638415;0.722197413;0.879723694;0.929808973;0.929808973;0.940310725;0.963737711;0.812674046;0.799748813;0.965353365;1.040481283;1.022709088;1.06633175;1.037249975;0.739969608;0.607485967;0.575172883;0.588905944;0.515393679;0.5816355;0.441073588;0.613948583;0.768243556;0.945965515;0.928193319;0.916075913;0.844179302;0.822367971;0.832869723;0.782784444;0.786823579;0.867606288;0.899919371;0.917691567;1.046136073;0.956467267;1.185890158;
J230;0.1;2.445371492;2.221981891;1.944978787;1.525006338;1.539898978;1.691803907;2.025399043;2.272616868;2.740245764;3.127454405;3.312123141;3.493813349;3.639761222;3.639761222;3.324037253;3.178089381;3.916764326;3.997184582;3.294251973;3.166175269;3.532534214;3.481899237;3.416371621;3.204896133;2.927893029;2.630040228;2.099862243;1.989656707;1.977742595;2.534727332;3.020227397;3.282337861;3.502748934;3.529555686;3.535512742;3.699331782;3.56827655;2.993420645;2.770031044;2.7015249;2.728331652;2.847472772;2.862365412;3.011291813;2.957678309;3.88102199;3.392543397;3.85123671;3.401478981;3.112561765;2.543662916;2.064119907;1.557770146;1.23906765;1.584576898;2.073055491;2.59727642;3.794644678;3.201917605;3.029162981;3.413393093;3.413393093;3.413393093;3.294251973;2.728331652;3.151282629;3.190003493;3.878043462;3.467006597;4.312908551;3.586147718;3.166175269;3.124475877;2.892150693;2.534727332;1.864558531;1.653083043;1.924129091;2.224960419;2.555577028;3.142347045;3.592104774;3.362758117;2.913000389;3.350844005;3.335951365;3.586147718;3.350844005;3.163196741;3.341908421;3.261488165;2.939807141;3.341908421;3.73209559;3.547426854;3.601040358;3.350844005;2.808751908;2.347080068;2.007527875;1.495221058;1.742438883;1.980721123;3.044055621;3.889957574;3.848258182;3.88102199;3.70231031;3.73209559;2.117733411;2.394736516;2.168368387;3.490834821;3.73209559;3.309144613;3.639761222;3.535512742;3.785709094;4.023991334;3.231702885;3.085755013;2.755138404;2.391757988;2.046248739;1.444586082;1.697760963;2.081991075;2.481113828;2.415586212;3.097669125;3.058948261;2.662804036;3.243616997;3.428285733;3.428285733;3.467006597;3.55338391;2.996399173;2.948742725;3.559340966;3.83634407;3.770816454;3.931656966;3.824429958;2.728331652;2.23985306;2.120711939;2.171346915;1.900300867;2.144540163;1.626276291;2.263681284;2.832580132;3.487856293;3.422328677;3.377650757;3.112561765;3.032141509;3.070862373;2.886193637;2.901086277;3.198939077;3.318080197;3.383607813;3.857193766;3.526577158;4.372479111;
J235;0.1;0.464477836;0.422046852;0.369432432;0.289662183;0.292490915;0.321343984;0.384707587;0.431664542;0.520486735;0.594033773;0.629110053;0.663620587;0.691342163;0.691342163;0.631373039;0.603651463;0.743956583;0.759231737;0.625715575;0.601388477;0.670975291;0.661357601;0.648911179;0.608743181;0.556128761;0.499554116;0.398851248;0.377918629;0.375655643;0.48145023;0.573666901;0.623452589;0.665317826;0.670409544;0.671541037;0.702657092;0.677764248;0.568575183;0.526144199;0.513132031;0.518223749;0.540853607;0.543682339;0.571969662;0.561786226;0.737167625;0.644385207;0.731510161;0.646082447;0.591205041;0.483147469;0.39206229;0.295885394;0.235350524;0.300977112;0.39375953;0.493330905;0.720760978;0.608177435;0.57536414;0.648345433;0.648345433;0.648345433;0.625715575;0.518223749;0.598559745;0.605914449;0.736601879;0.658528869;0.819200861;0.681158727;0.601388477;0.593468027;0.549339804;0.48145023;0.354157278;0.31398928;0.365472207;0.422612599;0.485410455;0.596862506;0.68229022;0.638727743;0.553300029;0.636464757;0.633636025;0.681158727;0.636464757;0.600822731;0.634767518;0.619492364;0.558391747;0.634767518;0.708880303;0.673804023;0.683987459;0.636464757;0.533498903;0.445808203;0.381313108;0.284004718;0.330961674;0.37622139;0.578192873;0.738864865;0.730944414;0.737167625;0.703222838;0.708880303;0.402245727;0.454860146;0.411863416;0.66305484;0.708880303;0.628544307;0.691342163;0.671541037;0.719063739;0.764323455;0.613834899;0.586113323;0.523315467;0.4542944;0.388667812;0.274387029;0.322475477;0.395456769;0.471266794;0.458820372;0.588376309;0.581021605;0.505777327;0.616097885;0.651174165;0.651174165;0.658528869;0.674935516;0.56914093;0.560088986;0.676067009;0.728681429;0.716235007;0.746785315;0.726418443;0.518223749;0.425441331;0.402811473;0.412429163;0.360946236;0.407337445;0.308897562;0.429967303;0.538024875;0.662489094;0.650042672;0.641556475;0.591205041;0.575929887;0.583284591;0.548208311;0.551037043;0.607611688;0.630241546;0.642687968;0.732641654;0.669843798;0.83051579;
J219;0.1;4.381943644;3.694378716;3.14535299;2.170447496;2.421870492;2.745128629;3.047862441;4.192093626;4.956624777;5.182392366;5.782728907;6.152166779;6.306099225;5.772466744;5.603141053;6.306099225;6.839731706;6.670406015;6.116249208;5.72628701;4.576924743;4.346026073;4.802692331;6.285574899;5.736549173;4.669284211;3.545577351;3.617412493;2.58093402;4.49995852;5.110557224;4.956624777;6.249657328;5.808384315;5.757073499;5.680107276;5.279882915;5.42868428;5.125950469;4.895051799;4.279322013;5.110557224;5.490257259;4.956624777;5.110557224;4.90018288;6.839731706;5.757073499;6.213739757;5.680107276;3.925277386;2.365428595;2.51422996;2.591196183;3.432693557;3.735427369;4.192093626;5.716024847;5.151605876;5.767335662;5.767335662;5.521043748;5.521043748;5.521043748;4.895051799;5.059246408;5.490257259;6.860256033;6.860256033;6.629357363;6.670406015;5.42868428;5.279882915;3.602019248;4.325501747;2.575802938;2.899061076;3.658461145;3.812393592;5.259358589;5.567223482;5.721155928;6.003365414;5.772466744;6.383065448;6.68579926;5.223441018;5.52617483;6.059807311;6.475424916;5.644189705;5.567223482;5.033591001;5.469732932;5.757073499;5.372242383;5.223441018;4.612842314;4.438385541;3.699509798;2.591196183;3.581494922;3.432693557;5.033591001;6.480555998;4.443516622;5.849432967;5.849432967;6.362541122;5.849432967;5.849432967;5.382504546;5.946923517;6.860256033;5.567223482;5.95718568;6.270181654;7.583738531;6.957746582;6.516473569;5.65958295;4.669284211;3.278761111;2.473181307;3.047862441;2.970896218;3.658461145;4.192093626;5.033591001;5.895612701;5.772466744;4.689808537;6.383065448;4.992542348;5.29527616;4.992542348;6.22400192;5.259358589;4.956624777;6.326623551;6.906435767;7.296397964;6.824338462;6.439507345;4.992542348;3.827786836;3.448086802;3.191532724;2.970896218;3.735427369;4.192093626;4.802692331;6.665274934;6.229133002;6.306099225;5.069508572;5.828908641;5.372242383;4.689808537;4.669284211;6.259919491;5.644189705;5.567223482;5.567223482;6.342016796;7.357970943;6.803814136;
J53;0.1;2.987175499;2.518461779;2.144190376;1.479596295;1.650991611;1.871357017;2.077730968;2.857754547;3.378936221;3.532842218;3.942092258;4.193938435;4.298874343;3.93509653;3.819667032;4.298874343;4.662652156;4.547222657;4.16945339;3.903615758;3.120094316;2.962690454;3.274000313;4.284882889;3.910611485;3.18305586;2.417023736;2.465993826;1.759425382;3.067626362;3.483872128;3.378936221;4.260397844;3.959581575;3.92460294;3.872134986;3.599301626;3.70073967;3.494365719;3.336961858;2.917218228;3.483872128;3.742714033;3.378936221;3.483872128;3.340459721;4.662652156;3.92460294;4.235912798;3.872134986;2.675865641;1.612515112;1.713953155;1.766421109;2.340070737;2.546444688;2.857754547;3.896620031;3.511855037;3.931598667;3.931598667;3.763701215;3.763701215;3.763701215;3.336961858;3.448893492;3.742714033;4.67664361;4.67664361;4.519239749;4.547222657;3.70073967;3.599301626;2.455500235;2.948699;1.755927518;1.976292924;2.493976734;2.598912642;3.585310172;3.795181987;3.900117895;4.092500392;3.93509653;4.351342297;4.557716248;3.560825127;3.767199078;4.130976891;4.414303841;3.847649941;3.795181987;3.431404174;3.728722579;3.92460294;3.662263171;3.560825127;3.144579361;3.025651999;2.521959643;1.766421109;2.441508781;2.340070737;3.431404174;4.417801705;3.029149862;3.987564484;3.987564484;4.337350842;3.987564484;3.987564484;3.669258898;4.054023892;4.67664361;3.795181987;4.061019619;4.274389298;5.169842375;4.743103018;4.44228675;3.858143532;3.18305586;2.235134829;1.685970247;2.077730968;2.025263014;2.493976734;2.857754547;3.431404174;4.019045256;3.93509653;3.197047314;4.351342297;3.403421266;3.609795217;3.403421266;4.242908526;3.585310172;3.378936221;4.312865797;4.708124382;4.973962014;4.652158565;4.389818796;3.403421266;2.609406233;2.350564327;2.175671148;2.025263014;2.546444688;2.857754547;3.274000313;4.543724794;4.246406389;4.298874343;3.45588922;3.97357303;3.662263171;3.197047314;3.18305586;4.267393571;3.847649941;3.795181987;3.795181987;4.323359388;5.015936377;4.63816711;
J55;0.1;0.876388729;0.738875743;0.629070598;0.434089499;0.484374098;0.549025726;0.609572488;0.838418725;0.991324955;1.036478473;1.156545781;1.230433356;1.261219845;1.154493349;1.120628211;1.261219845;1.367946341;1.334081203;1.223249842;1.145257402;0.915384949;0.869205215;0.960538466;1.25711498;1.147309835;0.933856842;0.70911547;0.723482499;0.516186804;0.899991704;1.022111445;0.991324955;1.249931466;1.161676863;1.1514147;1.136021455;1.055976583;1.085736856;1.025190094;0.97901036;0.855864403;1.022111445;1.098051452;0.991324955;1.022111445;0.980036576;1.367946341;1.1514147;1.242747951;1.136021455;0.785055477;0.473085719;0.502845992;0.518239237;0.686538711;0.747085474;0.838418725;1.143204969;1.030321175;1.153467132;1.153467132;1.10420875;1.10420875;1.10420875;0.97901036;1.011849282;1.098051452;1.372051207;1.372051207;1.325871473;1.334081203;1.085736856;1.055976583;0.72040385;0.865100349;0.515160588;0.579812215;0.731692229;0.762478718;1.051871718;1.113444696;1.144231186;1.200673083;1.154493349;1.27661309;1.337159852;1.044688204;1.105234966;1.211961462;1.295084983;1.128837941;1.113444696;1.0067182;1.093946586;1.1514147;1.074448477;1.044688204;0.922568463;0.887677108;0.73990196;0.518239237;0.716298984;0.686538711;1.0067182;1.2961112;0.888703324;1.169886593;1.169886593;1.272508224;1.169886593;1.169886593;1.076500909;1.189384703;1.372051207;1.113444696;1.191437136;1.254036331;1.516747706;1.391549316;1.303294714;1.13191659;0.933856842;0.655752222;0.494636261;0.609572488;0.594179244;0.731692229;0.838418725;1.0067182;1.17912254;1.154493349;0.937961707;1.27661309;0.99850847;1.059055232;0.99850847;1.244800384;1.051871718;0.991324955;1.26532471;1.381287153;1.459279593;1.364867692;1.287901469;0.99850847;0.765557367;0.68961736;0.638306545;0.594179244;0.747085474;0.838418725;0.960538466;1.333054987;1.2458266;1.261219845;1.013901714;1.165781728;1.074448477;0.937961707;0.933856842;1.251983898;1.128837941;1.113444696;1.113444696;1.268403359;1.471594189;1.360762827;
J56;0.1;0.512732581;0.432280396;0.368038726;0.253964733;0.283383815;0.32120835;0.356631327;0.490518172;0.579976198;0.606393334;0.676638898;0.719866938;0.737878621;0.675438119;0.655625268;0.737878621;0.800319122;0.780506271;0.715664211;0.670034614;0.53554738;0.508529855;0.561964515;0.735477063;0.671235393;0.54635439;0.414869102;0.423274555;0.301995888;0.526541538;0.597987881;0.579976198;0.731274337;0.679640845;0.673636951;0.664631109;0.617800733;0.635212027;0.59978905;0.572771525;0.500724792;0.597987881;0.6424167;0.579976198;0.597987881;0.573371914;0.800319122;0.673636951;0.727071611;0.664631109;0.459297921;0.276779531;0.294190825;0.303196667;0.401660535;0.437083512;0.490518172;0.668833835;0.602790997;0.67483773;0.67483773;0.646019036;0.646019036;0.646019036;0.572771525;0.591983987;0.6424167;0.80272068;0.80272068;0.775703155;0.780506271;0.635212027;0.617800733;0.421473386;0.506128297;0.301395498;0.339220033;0.42807767;0.446089353;0.615399175;0.651422541;0.669434225;0.702455644;0.675438119;0.746884462;0.782307439;0.611196449;0.646619426;0.709059928;0.757691472;0.660428383;0.651422541;0.58898204;0.640015142;0.673636951;0.628607743;0.611196449;0.539750106;0.519336865;0.432880786;0.303196667;0.419071829;0.401660535;0.58898204;0.758291862;0.519937254;0.684443961;0.684443961;0.744482905;0.684443961;0.684443961;0.629808522;0.69585136;0.80272068;0.651422541;0.697052139;0.733675895;0.887375591;0.814128079;0.762494588;0.662229551;0.54635439;0.383648852;0.28938771;0.356631327;0.347625485;0.42807767;0.490518172;0.58898204;0.689847466;0.675438119;0.548755947;0.746884462;0.584178924;0.619601901;0.584178924;0.72827239;0.615399175;0.579976198;0.740280178;0.808124185;0.853753782;0.798517954;0.753488746;0.584178924;0.447890522;0.403461703;0.373442231;0.347625485;0.437083512;0.490518172;0.561964515;0.779905881;0.728872779;0.737878621;0.593184766;0.682042403;0.628607743;0.548755947;0.54635439;0.732475116;0.660428383;0.651422541;0.651422541;0.742081347;0.860958456;0.796116396;
J57;0.1;2.036248554;1.716743512;1.461616351;1.008586813;1.125420747;1.275635804;1.416313397;1.948027013;2.303297545;2.408209648;2.687180469;2.85885482;2.9303858;2.682411737;2.603727659;2.9303858;3.178359863;3.099675785;2.842164258;2.660952443;2.126854462;2.019557992;2.231766565;2.920848336;2.665721175;2.169773049;1.647596898;1.680978022;1.199336092;2.091088972;2.374828524;2.303297545;2.904157774;2.699102299;2.675258639;2.639493149;2.453512602;2.522659216;2.381981622;2.274685153;1.988561234;2.374828524;2.551271608;2.303297545;2.374828524;2.277069519;3.178359863;2.675258639;2.887467212;2.639493149;1.824039981;1.099192721;1.168339334;1.204104824;1.595140846;1.73581844;1.948027013;2.656183711;2.393903452;2.680027371;2.680027371;2.565577804;2.565577804;2.565577804;2.274685153;2.350984865;2.551271608;3.187897326;3.187897326;3.080600857;3.099675785;2.522659216;2.453512602;1.673824924;2.010020528;1.196951726;1.347166783;1.70005295;1.771583929;2.443975138;2.587037097;2.658568077;2.789708206;2.682411737;2.96615129;3.106828883;2.427284576;2.56796217;2.815936232;3.009069877;2.622802587;2.587037097;2.339063035;2.541734144;2.675258639;2.49643119;2.427284576;2.143545024;2.06247658;1.719127878;1.204104824;1.66428746;1.595140846;2.339063035;3.011454243;2.064860946;2.718177227;2.718177227;2.956613826;2.718177227;2.718177227;2.501199922;2.763480181;3.187897326;2.587037097;2.768248913;2.913695238;3.524092931;3.23320028;3.028144805;2.629955685;2.169773049;1.523609867;1.149264406;1.416313397;1.380547907;1.70005295;1.948027013;2.339063035;2.739636521;2.682411737;2.179310513;2.96615129;2.319988107;2.4606657;2.319988107;2.892235944;2.443975138;2.303297545;2.939923264;3.20935662;3.390568435;3.171206765;2.992379315;2.319988107;1.778737027;1.602293944;1.483075645;1.380547907;1.73581844;1.948027013;2.231766565;3.097291419;2.89462031;2.9303858;2.355753597;2.708639763;2.49643119;2.179310513;2.169773049;2.908926506;2.622802587;2.587037097;2.587037097;2.947076362;3.419180827;3.161669301;
J58;0.1;1.291995755;1.089270426;0.927392737;0.639946375;0.714077279;0.809388441;0.898648101;1.236019358;1.461437821;1.528004347;1.705010791;1.813937834;1.859324101;1.70198504;1.652060145;1.859324101;2.016663163;1.966738268;1.803347705;1.68836916;1.349485027;1.281405626;1.416051553;1.853272599;1.691394911;1.376716788;1.045397033;1.066577292;0.760976422;1.326791893;1.506824089;1.461437821;1.84268247;1.712575169;1.697446413;1.674753279;1.556748983;1.600622375;1.511362715;1.443283314;1.261738243;1.506824089;1.618776882;1.461437821;1.506824089;1.444796189;2.016663163;1.697446413;1.832092341;1.674753279;1.157349827;0.697435647;0.74130904;0.764002173;1.01211377;1.10137343;1.236019358;1.685343408;1.518927093;1.700472164;1.700472164;1.627854136;1.627854136;1.627854136;1.443283314;1.491695333;1.618776882;2.022714665;2.022714665;1.954635264;1.966738268;1.600622375;1.556748983;1.062038665;1.275354123;0.759463547;0.854774709;1.078680296;1.124066564;1.550697481;1.641470016;1.686856284;1.770064442;1.70198504;1.882017235;1.971276895;1.540107352;1.629367012;1.786706073;1.909248996;1.66416315;1.641470016;1.484130955;1.61272538;1.697446413;1.583980744;1.540107352;1.360075156;1.308637386;1.090783301;0.764002173;1.055987163;1.01211377;1.484130955;1.910761872;1.310150262;1.724678174;1.724678174;1.875965733;1.724678174;1.724678174;1.587006495;1.75342281;2.022714665;1.641470016;1.756448561;1.848733972;2.236030124;2.051459302;1.921352001;1.668701777;1.376716788;0.966727503;0.729206035;0.898648101;0.875954967;1.078680296;1.236019358;1.484130955;1.738294054;1.70198504;1.38276829;1.882017235;1.47202795;1.56128761;1.47202795;1.835118092;1.550697481;1.461437821;1.865375604;2.036330546;2.151309091;2.012124536;1.898658867;1.47202795;1.128605191;1.016652397;0.941008618;0.875954967;1.10137343;1.236019358;1.416051553;1.965225393;1.836630968;1.859324101;1.494721084;1.718626671;1.583980744;1.38276829;1.376716788;1.845708221;1.66416315;1.641470016;1.641470016;1.869914231;2.169463598;2.006073034;
J59;0.1;1.299901323;1.095935542;0.933067343;0.643862131;0.718446633;0.814340993;0.904146822;1.243582413;1.470380185;1.537354024;1.715443549;1.825037104;1.870701085;1.712399284;1.662168905;1.870701085;2.029002885;1.978772506;1.814382175;1.69870009;1.357742366;1.289246394;1.424716204;1.864612554;1.701744355;1.385140754;1.051793694;1.073103551;0.765632747;1.334910375;1.516044166;1.470380185;1.853957625;1.723054213;1.707832886;1.685000896;1.566274545;1.610416393;1.520610564;1.452114593;1.269458669;1.516044166;1.628681986;1.470380185;1.516044166;1.453636726;2.029002885;1.707832886;1.843302696;1.685000896;1.164431513;0.701703173;0.745845022;0.768677012;1.018306774;1.108112603;1.243582413;1.695655824;1.528221228;1.710877151;1.710877151;1.637814782;1.637814782;1.637814782;1.452114593;1.500822839;1.628681986;2.035091416;2.035091416;1.966595444;1.978772506;1.610416393;1.566274545;1.068537153;1.283157864;0.764110614;0.860004974;1.085280613;1.130944594;1.560186014;1.651513976;1.697177957;1.780895255;1.712399284;1.893533075;1.983338904;1.549531086;1.639336915;1.797638715;1.920931464;1.674345967;1.651513976;1.493212176;1.622593455;1.707832886;1.593672934;1.549531086;1.368397295;1.316644783;1.097457675;0.768677012;1.062448622;1.018306774;1.493212176;1.922453596;1.318166916;1.735231275;1.735231275;1.887444544;1.735231275;1.735231275;1.596717199;1.764151796;2.035091416;1.651513976;1.767196061;1.860046156;2.249712126;2.064011937;1.933108525;1.678912365;1.385140754;0.972642793;0.73366796;0.904146822;0.881314832;1.085280613;1.243582413;1.493212176;1.748930469;1.712399284;1.391229285;1.893533075;1.481035114;1.570840943;1.481035114;1.846346961;1.560186014;1.470380185;1.876789615;2.04879061;2.164472695;2.024436487;1.910276535;1.481035114;1.135510992;1.022873172;0.946766538;0.881314832;1.108112603;1.243582413;1.424716204;1.977250373;1.847869094;1.870701085;1.503867105;1.729142744;1.593672934;1.391229285;1.385140754;1.85700189;1.674345967;1.651513976;1.651513976;1.881356013;2.182738287;2.018347956;
J236;0.1;1.710990882;1.442521586;1.228146851;0.847481432;0.94565304;1.071873679;1.190080309;1.6368613;1.935383128;2.023537225;2.257946983;2.402199142;2.462304208;2.253939979;2.187824406;2.462304208;2.670668437;2.604552864;2.388174626;2.235908459;1.787123965;1.696966366;1.875278062;2.454290199;2.239915463;1.823187005;1.384420022;1.412469053;1.007761608;1.757071432;1.995488194;1.935383128;2.440265684;2.267964494;2.247929472;2.217876939;2.061603767;2.119705331;2.001498701;1.911341102;1.670920837;1.995488194;2.143747357;1.935383128;1.995488194;1.913344604;2.670668437;2.247929472;2.426241168;2.217876939;1.532679185;0.923614516;0.98171608;1.011768613;1.340342974;1.458549604;1.6368613;2.231901454;2.011516212;2.251936476;2.251936476;2.155768371;2.155768371;2.155768371;1.911341102;1.975453172;2.143747357;2.678682446;2.678682446;2.588524847;2.604552864;2.119705331;2.061603767;1.406458547;1.688952357;1.005758106;1.131978745;1.428497071;1.488602137;2.053589758;2.173799891;2.233904957;2.344097578;2.253939979;2.492356741;2.610563371;2.039565243;2.157771873;2.366136102;2.52841978;2.203852424;2.173799891;1.965435661;2.135733349;2.247929472;2.097666807;2.039565243;1.801148481;1.733029406;1.444525089;1.011768613;1.398444538;1.340342974;1.965435661;2.530423283;1.735032908;2.283992512;2.283992512;2.484342732;2.283992512;2.283992512;2.101673811;2.322059054;2.678682446;2.173799891;2.326066058;2.448279692;2.961176256;2.716748988;2.544447798;2.20986293;1.823187005;1.280237908;0.965688062;1.190080309;1.160027776;1.428497071;1.6368613;1.965435661;2.302024032;2.253939979;1.831201014;2.492356741;1.949407644;2.067614274;1.949407644;2.430248173;2.053589758;1.935383128;2.470318217;2.696713966;2.848980133;2.66465793;2.514395265;1.949407644;1.494612644;1.346353481;1.24617837;1.160027776;1.458549604;1.6368613;1.875278062;2.602549362;2.432251675;2.462304208;1.979460177;2.275978503;2.097666807;1.831201014;1.823187005;2.444272688;2.203852424;2.173799891;2.173799891;2.476328723;2.873022159;2.656643921;
J237;0.1;2.885532477;2.432767428;2.071231157;1.429250864;1.594814203;1.807681353;2.007033128;2.760515262;3.263962966;3.412632086;3.807956793;4.051233536;4.152598845;3.801199106;3.689697265;4.152598845;4.503998585;4.392496745;4.02758163;3.770789513;3.013928536;2.861880571;3.162597656;4.139083471;3.7775472;3.074747721;2.334780962;2.382084773;1.699558356;2.963245881;3.365328275;3.263962966;4.115431565;3.824851011;3.791062575;3.74037992;3.476830116;3.574816581;3.375464806;3.223416842;2.817955604;3.365328275;3.615362705;3.263962966;3.365328275;3.226795685;4.503998585;3.791062575;4.09177966;3.74037992;2.584815392;1.557646922;1.655633388;1.706316043;2.260446402;2.459798177;2.760515262;3.764031826;3.392359024;3.797820262;3.797820262;3.635635767;3.635635767;3.635635767;3.223416842;3.331539839;3.615362705;4.51751396;4.51751396;4.365465995;4.392496745;3.574816581;3.476830116;2.371948242;2.848365197;1.696179512;1.909046662;2.409115522;2.510480832;3.463314741;3.66604536;3.767410669;3.95324707;3.801199106;4.2032815;4.402633276;3.439662835;3.639014611;3.99041435;4.264100686;3.716728015;3.66604536;3.31464562;3.601847331;3.791062575;3.537649301;3.439662835;3.037580441;2.922699757;2.436146271;1.706316043;2.358432867;2.260446402;3.31464562;4.26747953;2.926078601;3.851881761;3.851881761;4.189766126;3.851881761;3.851881761;3.544406989;3.91607979;4.51751396;3.66604536;3.922837477;4.12894694;4.993930914;4.581711989;4.291131435;3.726864546;3.074747721;2.159081092;1.628602639;2.007033128;1.956350473;2.409115522;2.760515262;3.31464562;3.882291353;3.801199106;3.088263096;4.2032815;3.287614871;3.486966646;3.287614871;4.098537347;3.463314741;3.263962966;4.16611422;4.547923552;4.80471567;4.493862054;4.24044878;3.287614871;2.520617363;2.270582933;2.10164075;1.956350473;2.459798177;2.760515262;3.162597656;4.389117901;4.101916191;4.152598845;3.338297526;3.838366386;3.537649301;3.088263096;3.074747721;4.122189253;3.716728015;3.66604536;3.66604536;4.176250751;4.845261794;4.480346679;
J60;0.1;1.458012692;1.229237867;1.046559461;0.722177247;0.805833713;0.913392026;1.01412124;1.394843524;1.649227471;1.724347563;1.924098716;2.047022503;2.098240747;1.920684167;1.864344098;2.098240747;2.275797328;2.219457259;2.035071579;1.905318693;1.522889135;1.446061768;1.598009227;2.091411648;1.908733243;1.553620081;1.179726897;1.203628744;0.858759232;1.497280013;1.700445716;1.649227471;2.079460724;1.93263509;1.915562342;1.88995322;1.756785784;1.806296754;1.70556754;1.628740173;1.423867196;1.700445716;1.826784052;1.649227471;1.700445716;1.630447448;2.275797328;1.915562342;2.067509801;1.88995322;1.306065233;0.78705369;0.836564659;0.862173781;1.142166851;1.242896065;1.394843524;1.901904144;1.714103914;1.918976892;1.918976892;1.837027701;1.837027701;1.837027701;1.628740173;1.683372967;1.826784052;2.282626427;2.282626427;2.205799061;2.219457259;1.806296754;1.756785784;1.19850692;1.439232669;0.857051957;0.96461027;1.217286943;1.268505187;1.749956685;1.852393174;1.903611418;1.997511533;1.920684167;2.12384987;2.224579084;1.738005761;1.838734976;2.016291556;2.154580816;1.878002296;1.852393174;1.674836593;1.819954953;1.915562342;1.787516731;1.738005761;1.534840058;1.476792715;1.230945141;0.862173781;1.191677821;1.142166851;1.674836593;2.156288091;1.47849999;1.946293289;1.946293289;2.11702077;1.946293289;1.946293289;1.790931281;1.97873151;2.282626427;1.852393174;1.98214606;2.086289824;2.523352176;2.315064649;2.168239015;1.883124121;1.553620081;1.090948607;0.822906461;1.01412124;0.988512118;1.217286943;1.394843524;1.674836593;1.961658762;1.920684167;1.560449181;2.12384987;1.661178395;1.761907609;1.661178395;2.07092435;1.749956685;1.649227471;2.105069847;2.297991901;2.427744787;2.270675504;2.142629893;1.661178395;1.273627012;1.147288676;1.061924935;0.988512118;1.242896065;1.394843524;1.598009227;2.217749984;2.072631625;2.098240747;1.686787517;1.93946419;1.787516731;1.560449181;1.553620081;2.082875274;1.878002296;1.852393174;1.852393174;2.110191671;2.448232084;2.263846404;
J62;0.1;0.849283923;0.716023916;0.609614806;0.420664051;0.469393456;0.532045549;0.590719731;0.812488249;0.960665421;1.004422438;1.120776324;1.192378716;1.222213046;1.118787369;1.085969606;1.222213046;1.325638722;1.29282096;1.185417372;1.10983707;0.887074074;0.842322579;0.930831091;1.218235135;1.111826025;0.904974672;0.687184064;0.701106751;0.500222264;0.872156909;0.990499751;0.960665421;1.211273791;1.125748713;1.115803936;1.100886771;1.023317513;1.052157366;0.993483184;0.948731689;0.82939437;0.990499751;1.064091098;0.960665421;0.990499751;0.949726167;1.325638722;1.115803936;1.204312448;1.100886771;0.760775411;0.458454202;0.487294054;0.502211219;0.665305555;0.723979737;0.812488249;1.107848115;0.998455572;1.117792891;1.117792891;1.070057964;1.070057964;1.070057964;0.948731689;0.980554974;1.064091098;1.329616633;1.329616633;1.284865138;1.29282096;1.052157366;1.023317513;0.698123318;0.838344668;0.499227786;0.561879879;0.709062572;0.738896902;1.019339603;1.079008262;1.108842592;1.163538864;1.118787369;1.237130211;1.295804393;1.012378259;1.071052441;1.174478118;1.255030809;1.093925427;1.079008262;0.975582586;1.060113187;1.115803936;1.041218111;1.012378259;0.894035417;0.860223177;0.717018394;0.502211219;0.694145408;0.665305555;0.975582586;1.256025286;0.861217655;1.133704534;1.133704534;1.2331523;1.133704534;1.133704534;1.043207067;1.152599609;1.329616633;1.079008262;1.154588565;1.215251702;1.469837983;1.348511709;1.26298663;1.09690886;0.904974672;0.635471226;0.479338233;0.590719731;0.575802566;0.709062572;0.812488249;0.975582586;1.142654833;1.118787369;0.908952582;1.237130211;0.967626764;1.026300946;0.967626764;1.206301403;1.019339603;0.960665421;1.226190956;1.338566932;1.414147234;1.322655289;1.248069465;0.967626764;0.741880335;0.668288988;0.618565105;0.575802566;0.723979737;0.812488249;0.930831091;1.291826482;1.207295881;1.222213046;0.982543929;1.129726623;1.041218111;0.908952582;0.904974672;1.213262747;1.093925427;1.079008262;1.079008262;1.229174389;1.426080966;1.318677379;
J64;0.1;0.943021377;0.795053152;0.676899419;0.467093727;0.52120151;0.590768661;0.65591885;0.902164479;1.066696312;1.115282893;1.24447903;1.323984345;1.35711156;1.242270549;1.205830613;1.35711156;1.471952571;1.435512635;1.316254662;1.232332385;0.984982516;0.935291694;1.033569097;1.352694598;1.234540866;1.004858844;0.763030177;0.778489544;0.555432966;0.968418908;1.099823526;1.066696312;1.344964915;1.250000233;1.238957828;1.22239422;1.136263462;1.168286437;1.103136248;1.053445426;0.920936567;1.099823526;1.181537322;1.066696312;1.099823526;1.054549666;1.471952571;1.238957828;1.337235231;1.22239422;0.844743974;0.509054865;0.541077839;0.557641447;0.738736887;0.803887075;0.902164479;1.230123904;1.10865745;1.241166309;1.241166309;1.188162765;1.188162765;1.188162765;1.053445426;1.088781121;1.181537322;1.476369533;1.476369533;1.426678711;1.435512635;1.168286437;1.136263462;0.775176823;0.930874732;0.554328725;0.623895876;0.787323468;0.820450683;1.1318465;1.19810093;1.231228144;1.291961371;1.242270549;1.373675167;1.438825356;1.124116817;1.189267006;1.304108017;1.393551496;1.214664537;1.19810093;1.083259919;1.17712036;1.238957828;1.156139791;1.124116817;0.992712199;0.955168022;0.796157392;0.557641447;0.770759861;0.738736887;1.083259919;1.394655737;0.956272263;1.258834157;1.258834157;1.369258205;1.258834157;1.258834157;1.158348272;1.279814726;1.476369533;1.19810093;1.282023207;1.349381877;1.632067442;1.497350102;1.40238542;1.217977259;1.004858844;0.705609672;0.532243915;0.65591885;0.639355243;0.787323468;0.902164479;1.083259919;1.268772321;1.242270549;1.009275806;1.373675167;1.074425995;1.139576184;1.074425995;1.339443712;1.1318465;1.066696312;1.361528522;1.486307697;1.570229974;1.468639849;1.385821813;1.074425995;0.823763404;0.742049608;0.686837584;0.639355243;0.803887075;0.902164479;1.033569097;1.434408394;1.340547953;1.35711156;1.090989602;1.254417195;1.156139791;1.009275806;1.004858844;1.347173396;1.214664537;1.19810093;1.19810093;1.364841243;1.58348086;1.464222887;
J66;0.1;3.083171688;2.599395334;2.213096305;1.527144759;1.704048052;1.931495144;2.14450115;2.94959165;3.487522073;3.64637401;4.068775752;4.328715285;4.437023424;4.061555209;3.942416256;4.437023424;4.812491639;4.693352686;4.303443386;4.029062767;3.220361997;3.057899788;3.379213934;4.422582339;4.03628331;3.28534688;2.494697466;2.545241264;1.815966462;3.166207927;3.595830212;3.487522073;4.39731044;4.086827108;4.050724395;3.996570326;3.714969165;3.819667032;3.606661026;3.444198817;3.010966262;3.595830212;3.862990288;3.487522073;3.595830212;3.447809089;4.812491639;4.050724395;4.372038541;3.996570326;2.761857542;1.664335068;1.769032935;1.823187005;2.415271498;2.628277504;2.94959165;4.021842225;3.624712382;4.057944938;4.057944938;3.884651915;3.884651915;3.884651915;3.444198817;3.559727499;3.862990288;4.826932724;4.826932724;4.664470516;4.693352686;3.819667032;3.714969165;2.53441045;3.043458703;1.812356191;2.039803283;2.574123435;2.682431574;3.700528079;3.917144357;4.025452496;4.224017417;4.061555209;4.491177493;4.7041835;3.67525618;3.888262187;4.263730402;4.556162377;3.971298427;3.917144357;3.541676142;3.848549203;4.050724395;3.779954048;3.67525618;3.245633896;3.122884672;2.603005605;1.823187005;2.519969365;2.415271498;3.541676142;4.559772648;3.126494943;4.115709278;4.115709278;4.476736408;4.115709278;4.115709278;3.78717459;4.184304433;4.826932724;3.917144357;4.191524976;4.411751525;5.335980977;4.895527879;4.585044547;3.98212924;3.28534688;2.306963359;1.740150765;2.14450115;2.090347081;2.574123435;2.94959165;3.541676142;4.14820172;4.061555209;3.299787965;4.491177493;3.512793972;3.725799978;3.512793972;4.379259083;3.700528079;3.487522073;4.451464509;4.859425166;5.133805784;4.801660825;4.530890478;3.512793972;2.693262387;2.426102312;2.245588747;2.090347081;2.628277504;2.94959165;3.379213934;4.689742415;4.382869354;4.437023424;3.566948041;4.101268193;3.779954048;3.299787965;3.28534688;4.404530982;3.971298427;3.917144357;3.917144357;4.462295323;5.17712904;4.78721974;
J67;0.1;17.57181989;14.81464908;12.61302762;8.703606337;9.71182551;11.00810731;12.22208549;16.81051153;19.87632085;20.78166052;23.189041;24.6705059;25.28778295;23.14788919;22.46888444;25.28778295;27.42767671;26.74867196;24.52647459;22.96270608;18.35370414;17.42778857;19.25904381;25.20547934;23.00385788;18.72407037;14.21794794;14.50601056;10.34967846;18.04506562;20.4935979;19.87632085;25.06144803;23.2919205;23.08616149;22.77752297;21.17260265;21.76930379;20.5553256;19.62941004;17.16030186;20.4935979;22.01621461;19.87632085;20.4935979;19.64998594;27.42767671;23.08616149;24.91741672;22.77752297;15.74056465;9.485490594;10.08219174;10.39083026;13.76527811;14.9792563;16.81051153;22.92155428;20.65820511;23.12731329;23.12731329;22.13967002;22.13967002;22.13967002;19.62941004;20.28783888;22.01621461;27.50998031;27.50998031;26.58406474;26.74867196;21.76930379;21.17260265;14.44428286;17.34548497;10.32910256;11.62538435;14.67061777;15.28789482;21.09029904;22.32485313;22.94213018;24.07380476;23.14788919;25.59642147;26.81039966;20.94626773;22.16024592;24.30013968;25.9667877;22.63349166;22.32485313;20.18495938;21.933911;23.08616149;21.54296888;20.94626773;18.49773545;17.7981548;14.83522499;10.39083026;14.36197925;13.76527811;20.18495938;25.9873636;17.8187307;23.45652772;23.45652772;25.51411787;23.45652772;23.45652772;21.58412068;23.84746984;27.50998031;22.32485313;23.88862165;25.14375164;30.41118242;27.90092244;26.13139491;22.69521936;18.72407037;13.14800106;9.917584525;12.22208549;11.91344697;14.67061777;16.81051153;20.18495938;23.64171083;23.14788919;18.80637398;25.59642147;20.02035216;21.23433035;20.02035216;24.95856853;21.09029904;19.87632085;25.37008656;27.69516343;29.25893194;27.365949;25.82275639;20.02035216;15.34962252;13.82700581;12.79821074;11.91344697;14.9792563;16.81051153;19.25904381;26.72809605;24.97914443;25.28778295;20.32899069;23.37422411;21.54296888;18.80637398;18.72407037;25.10259984;22.63349166;22.32485313;22.32485313;25.43181426;29.50584276;27.2836454;
J242;0.1;2.823417296;2.380398657;2.026644968;1.398484211;1.560483564;1.768768447;1.963828892;2.701091254;3.193701532;3.339170339;3.725985121;3.964024986;4.063208264;3.719372902;3.610271297;4.063208264;4.407043625;4.29794202;3.940882222;3.689617919;2.949049448;2.800274532;3.094518254;4.049983827;3.696230137;3.008559414;2.284521489;2.330807019;1.662972951;2.899457809;3.292884809;3.193701532;4.026841062;3.742515667;3.709454574;3.659862936;3.401986414;3.497863583;3.302803137;3.154028221;2.757295111;3.292884809;3.537536893;3.193701532;3.292884809;3.15733433;4.407043625;3.709454574;4.003698297;3.659862936;2.529173573;1.524116363;1.619993531;1.669585169;2.211787086;2.406847531;2.701091254;3.6830057;3.319333683;3.716066793;3.716066793;3.557373549;3.557373549;3.557373549;3.154028221;3.259823717;3.537536893;4.420268062;4.420268062;4.271493146;4.29794202;3.497863583;3.401986414;2.320888691;2.787050095;1.659666842;1.867951724;2.357255893;2.45643917;3.388761977;3.587128532;3.68631181;3.868147818;3.719372902;4.112799902;4.307860348;3.365619213;3.560679658;3.90451502;4.172309869;3.636720171;3.587128532;3.243293171;3.524312457;3.709454574;3.461496381;3.365619213;2.972192212;2.859784498;2.383704767;1.669585169;2.307664254;2.211787086;3.243293171;4.175615978;2.863090607;3.768964541;3.768964541;4.099575465;3.768964541;3.768964541;3.468108599;3.831780616;4.420268062;3.587128532;3.838392835;4.040065499;4.886429466;4.483084138;4.198758743;3.646638499;3.008559414;2.112603808;1.593544657;1.963828892;1.914237254;2.357255893;2.701091254;3.243293171;3.798719524;3.719372902;3.021783851;4.112799902;3.216844297;3.411904742;3.216844297;4.010310516;3.388761977;3.193701532;4.076432701;4.450023045;4.701287348;4.397125298;4.149167104;3.216844297;2.466357498;2.221705413;2.056399951;1.914237254;2.406847531;2.701091254;3.094518254;4.294635911;4.013616625;4.063208264;3.266435935;3.755740104;3.461496381;3.021783851;3.008559414;4.03345328;3.636720171;3.587128532;3.587128532;4.086351028;4.740960659;4.383900861;
J243;0.1;0.337680709;0.284695679;0.242386738;0.167258712;0.186633834;0.211544706;0.234873936;0.323050514;0.381966703;0.399364773;0.44562782;0.474097388;0.485959708;0.444836999;0.431788447;0.485959708;0.527082418;0.514033866;0.471329514;0.441278303;0.352706314;0.334912834;0.370104383;0.484378066;0.442069124;0.359823706;0.27322877;0.278764519;0.198891565;0.346775154;0.393829023;0.381966703;0.481610191;0.447604874;0.443650767;0.437719607;0.406877575;0.418344484;0.395015255;0.377221775;0.329772495;0.393829023;0.423089412;0.381966703;0.393829023;0.377617186;0.527082418;0.443650767;0.478842316;0.437719607;0.302489159;0.182284317;0.193751226;0.199682386;0.264529735;0.287858965;0.323050514;0.440487482;0.396992309;0.444441588;0.444441588;0.425461876;0.425461876;0.425461876;0.377221775;0.389874917;0.423089412;0.52866406;0.52866406;0.51087058;0.514033866;0.418344484;0.406877575;0.277578287;0.333331191;0.198496154;0.223407026;0.281927805;0.293790125;0.405295932;0.429020572;0.440882892;0.462630479;0.444836999;0.491890868;0.515220098;0.402528058;0.425857287;0.466979996;0.49900826;0.434951732;0.429020572;0.387897863;0.42150777;0.443650767;0.413994967;0.402528058;0.355474189;0.342030226;0.28509109;0.199682386;0.275996645;0.264529735;0.387897863;0.499403671;0.342425637;0.450768159;0.450768159;0.490309226;0.450768159;0.450768159;0.414785788;0.458280962;0.52866406;0.429020572;0.459071783;0.483191834;0.584416964;0.536176863;0.502171546;0.436137964;0.359823706;0.252667415;0.190587941;0.234873936;0.228942776;0.281927805;0.323050514;0.387897863;0.454326855;0.444836999;0.361405349;0.491890868;0.384734578;0.408063807;0.384734578;0.479633138;0.405295932;0.381966703;0.487541351;0.532222756;0.562273967;0.525896186;0.496240386;0.384734578;0.294976357;0.265715967;0.245945434;0.228942776;0.287858965;0.323050514;0.370104383;0.513638455;0.480028548;0.485959708;0.390665738;0.449186516;0.413994967;0.361405349;0.359823706;0.482401012;0.434951732;0.429020572;0.429020572;0.488727583;0.567018895;0.524314543;
J244;0.1;2.468796084;2.081420586;1.77209836;1.222834594;1.364486829;1.54661113;1.717171983;2.361834193;2.792572619;2.919770544;3.258001389;3.466143448;3.552869306;3.252219666;3.156821222;3.552869306;3.853518946;3.758120502;3.445907415;3.226201908;2.578648837;2.44856005;2.705846762;3.541305858;3.231983632;2.630684352;1.99758559;2.038057657;1.454103548;2.535285908;2.879298477;2.792572619;3.521069825;3.272455699;3.24354708;3.200184151;2.974696921;3.058531917;2.887971063;2.757882276;2.410978845;2.879298477;3.09322226;2.792572619;2.879298477;2.760773138;3.853518946;3.24354708;3.500833791;3.200184151;2.211509373;1.332687347;1.416522343;1.459885272;1.933986628;2.104547481;2.361834193;3.220420184;2.902425373;3.249328804;3.249328804;3.110567431;3.110567431;3.110567431;2.757882276;2.850389858;3.09322226;3.865082394;3.865082394;3.734993607;3.758120502;3.058531917;2.974696921;2.029385071;2.436996603;1.451212686;1.633336988;2.061184552;2.14791041;2.963133473;3.136585189;3.223311046;3.382308452;3.252219666;3.596232235;3.766793088;2.94289744;3.113458293;3.414107933;3.648267749;3.179948117;3.136585189;2.835935548;3.081658812;3.24354708;3.026732435;2.94289744;2.598884871;2.500595565;2.084311448;1.459885272;2.017821624;1.933986628;2.835935548;3.651158611;2.503486427;3.295582594;3.295582594;3.584668787;3.295582594;3.295582594;3.032514159;3.350508971;3.865082394;3.136585189;3.356290695;3.532633272;4.272693925;3.92000877;3.671394645;3.188620703;2.630684352;1.84726077;1.393395448;1.717171983;1.673809055;2.061184552;2.361834193;2.835935548;3.321600352;3.252219666;2.642247799;3.596232235;2.812808653;2.983369507;2.812808653;3.506615515;2.963133473;2.792572619;3.564432753;3.891100151;4.110805657;3.84484636;3.628031716;2.812808653;2.156582996;1.942659214;1.798116117;1.673809055;2.104547481;2.361834193;2.705846762;3.75522964;3.509506377;3.552869306;2.856171582;3.284019147;3.026732435;2.642247799;2.630684352;3.526851548;3.179948117;3.136585189;3.136585189;3.573105339;4.145496;3.833282912;
J245;0.1;1.44784839;1.220668431;1.03926354;0.717142703;0.800215972;0.907024459;1.007051456;1.385119595;1.637730146;1.71232655;1.91068517;2.032752013;2.083613198;1.907294424;1.851347121;2.083613198;2.259931971;2.203984668;2.020884403;1.892036069;1.512272557;1.43598078;1.586868961;2.076831706;1.895426814;1.542789268;1.17150262;1.195237839;0.852772529;1.486841964;1.68859133;1.637730146;2.064964097;1.919162034;1.902208306;1.876777713;1.744538633;1.793704445;1.693677449;1.617385672;1.413940933;1.68859133;1.814048919;1.637730146;1.68859133;1.619081045;2.259931971;1.902208306;2.053096487;1.876777713;1.296960208;0.781566871;0.830732683;0.856163275;1.134204418;1.234231414;1.385119595;1.888645323;1.702154313;1.905599051;1.905599051;1.824221156;1.824221156;1.824221156;1.617385672;1.671637602;1.814048919;2.266713462;2.266713462;2.190421685;2.203984668;1.793704445;1.744538633;1.190151721;1.429199289;0.851077156;0.957885644;1.208800822;1.259662006;1.737757142;1.839479511;1.890340696;1.983586201;1.907294424;2.10904379;2.209070786;1.725889532;1.825916529;2.002235302;2.139560501;1.864910104;1.839479511;1.663160738;1.807267428;1.902208306;1.775055344;1.725889532;1.524140167;1.466497491;1.222363804;0.856163275;1.183370229;1.134204418;1.663160738;2.141255874;1.468192863;1.932725016;1.932725016;2.102262299;1.932725016;1.932725016;1.77844609;1.9649371;2.266713462;1.839479511;1.968327846;2.071745588;2.50576103;2.298925546;2.153123483;1.869996222;1.542789268;1.083343233;0.8171697;1.007051456;0.981620864;1.208800822;1.385119595;1.663160738;1.947983372;1.907294424;1.549570759;2.10904379;1.649597755;1.749624752;1.649597755;2.056487232;1.737757142;1.637730146;2.090394689;2.281971818;2.410820152;2.254845853;2.127692891;1.649597755;1.264748125;1.139290536;1.054521895;0.981620864;1.234231414;1.385119595;1.586868961;2.202289295;2.058182605;2.083613198;1.675028348;1.925943525;1.775055344;1.549570759;1.542789268;2.068354842;1.864910104;1.839479511;1.839479511;2.095480807;2.431164626;2.248064361;
J246;0.1;2.373929263;2.001439191;1.704003089;1.175845525;1.312054581;1.48718051;1.651187333;2.271077527;2.685264248;2.807574421;3.132808289;3.332952208;3.416345508;3.127248736;3.035516106;3.416345508;3.70544228;3.613709651;3.313493772;3.102230746;2.479560776;2.354470826;2.601870948;3.405226401;3.107790299;2.529596755;1.920825668;1.959742541;1.398227657;2.437864126;2.768657548;2.685264248;3.385767965;3.146707173;3.118909406;3.077212756;2.860390177;2.9410037;2.776996878;2.651906928;2.31833373;2.768657548;2.97436102;2.685264248;2.768657548;2.654686705;3.70544228;3.118909406;3.366309528;3.077212756;2.12652914;1.281477038;1.362090561;1.40378721;1.859670582;2.023677404;2.271077527;3.096671193;2.790895761;3.124468959;3.124468959;2.99103968;2.99103968;2.99103968;2.651906928;2.740859781;2.97436102;3.716561387;3.716561387;3.591471437;3.613709651;2.9410037;2.860390177;1.951403211;2.34335172;1.39544788;1.57057381;1.981980754;2.065374054;2.849271071;3.01605767;3.099450969;3.252338685;3.127248736;3.458042158;3.62204898;2.829812634;2.993819457;3.282916229;3.508078138;3.05775432;3.01605767;2.726960898;2.963241913;3.118909406;2.910426157;2.829812634;2.499019212;2.404506806;2.004218968;1.40378721;1.940284105;1.859670582;2.726960898;3.510857914;2.407286583;3.168945386;3.168945386;3.446923051;3.168945386;3.168945386;2.91598571;3.221761142;3.716561387;3.01605767;3.227320696;3.396887071;4.108509895;3.769377143;3.530316351;3.06609365;2.529596755;1.776277282;1.339852347;1.651187333;1.609490683;1.981980754;2.271077527;2.726960898;3.193963376;3.127248736;2.540715862;3.458042158;2.704722685;2.868729507;2.704722685;3.371869082;2.849271071;2.685264248;3.427464615;3.741579377;3.952842402;3.69710295;3.488619701;2.704722685;2.073713384;1.868009912;1.729021079;1.609490683;2.023677404;2.271077527;2.601870948;3.610929874;3.374648858;3.416345508;2.746419334;3.157826279;2.910426157;2.540715862;2.529596755;3.391327518;3.05775432;3.01605767;3.01605767;3.435803945;3.986199722;3.685983844;
J247;0.1;1.877007819;1.582489027;1.347313575;0.929712304;1.037409473;1.175877263;1.305553448;1.795685466;2.123172778;2.219880441;2.477034908;2.635283811;2.701220854;2.472639105;2.400108358;2.701220854;2.929802602;2.857271855;2.619898501;2.452857992;1.960528073;1.861622509;2.057235736;2.692429248;2.457253795;2.000090298;1.518749886;1.549520506;1.105544418;1.927559551;2.189109821;2.123172778;2.677043938;2.488024415;2.466045401;2.43307688;2.261640568;2.32537971;2.195703525;2.096797961;1.83304979;2.189109821;2.351754527;2.123172778;2.189109821;2.098995863;2.929802602;2.466045401;2.661658628;2.43307688;1.681394592;1.013232558;1.076971699;1.109940221;1.470396055;1.600072239;1.795685466;2.44846219;2.206693033;2.470441204;2.470441204;2.364941935;2.364941935;2.364941935;2.096797961;2.167130807;2.351754527;2.938594208;2.938594208;2.839688644;2.857271855;2.32537971;2.261640568;1.542926802;1.852830903;1.103346516;1.241814306;1.567103717;1.63304076;2.252848963;2.384723048;2.450660091;2.571544669;2.472639105;2.734189375;2.863865559;2.237463653;2.367139837;2.595721585;2.773751601;2.41769157;2.384723048;2.1561413;2.342962921;2.466045401;2.301202794;2.237463653;1.975913383;1.901184734;1.584686929;1.109940221;1.534135196;1.470396055;2.1561413;2.775949502;1.903382636;2.505607627;2.505607627;2.725397769;2.505607627;2.505607627;2.305598597;2.547367754;2.938594208;2.384723048;2.551763557;2.685835544;3.248498309;2.980354335;2.791334812;2.424285274;2.000090298;1.404459012;1.059388488;1.305553448;1.272584926;1.567103717;1.795685466;2.1561413;2.52538874;2.472639105;2.008881904;2.734189375;2.138558088;2.268234273;2.138558088;2.666054431;2.252848963;2.123172778;2.710012459;2.958375321;3.125415829;2.923208898;2.758366291;2.138558088;1.639634464;1.476989759;1.367094688;1.272584926;1.600072239;1.795685466;2.057235736;2.855073954;2.668252332;2.701220854;2.17152661;2.496816021;2.301202794;2.008881904;2.000090298;2.681439741;2.41769157;2.384723048;2.384723048;2.716606164;3.151790646;2.914417292;
J248;0.1;2.622389985;2.210914273;1.882347846;1.298912135;1.449377134;1.642832133;1.824004275;2.508773557;2.966309983;3.101421411;3.46069498;3.681786407;3.773907835;3.454553551;3.353219981;3.773907835;4.093262119;3.991928548;3.660291407;3.426917123;2.739077127;2.600894985;2.874188555;3.761624978;3.433058552;2.794349984;2.121863559;2.164853559;1.544569277;2.693016413;3.058431411;2.966309983;3.740129978;3.476048551;3.445341409;3.399280695;3.159764982;3.248815695;3.067643554;2.929461412;2.560975699;3.058431411;3.285664267;2.966309983;3.058431411;2.932532126;4.093262119;3.445341409;3.718634978;3.399280695;2.349096415;1.415599278;1.504649991;1.550710705;2.054307845;2.235479987;2.508773557;3.420775694;3.082997125;3.451482837;3.451482837;3.304088552;3.304088552;3.304088552;2.929461412;3.027724268;3.285664267;4.105544976;4.105544976;3.967362834;3.991928548;3.248815695;3.159764982;2.155641416;2.588612128;1.541498562;1.734953561;2.189419273;2.281540701;3.147482125;3.331724981;3.423846409;3.592735693;3.454553551;3.819968549;4.001140691;3.125987125;3.307159267;3.62651355;3.875241406;3.377785695;3.331724981;3.012370697;3.27338141;3.445341409;3.215037839;3.125987125;2.760572127;2.656167842;2.213984987;1.550710705;2.143358559;2.054307845;3.012370697;3.87831212;2.659238556;3.500614265;3.500614265;3.807685692;3.500614265;3.500614265;3.221179267;3.558957837;4.105544976;3.331724981;3.565099265;3.752412835;4.538515688;4.163888547;3.89980712;3.386997838;2.794349984;1.962186417;1.480084277;1.824004275;1.777943561;2.189419273;2.508773557;3.012370697;3.528250694;3.454553551;2.806632841;3.819968549;2.987804983;3.168977124;2.987804983;3.724776407;3.147482125;2.966309983;3.786190692;4.133181405;4.366555689;4.084049976;3.853746406;2.987804983;2.290752844;2.063519988;1.909984275;1.777943561;2.235479987;2.508773557;2.874188555;3.988857834;3.727847121;3.773907835;3.033865697;3.488331408;3.215037839;2.806632841;2.794349984;3.746271407;3.377785695;3.331724981;3.331724981;3.795402835;4.40340426;4.071767119;
J249;0.1;0.05872708;0.049512292;0.042154215;0.029088472;0.032458058;0.036790384;0.040847641;0.056182698;0.066428992;0.069454743;0.077500491;0.08245172;0.084514732;0.077362956;0.075093643;0.084514732;0.091666507;0.089397194;0.08197035;0.076744053;0.061340229;0.05824571;0.06436598;0.084239664;0.076881587;0.062578036;0.047518047;0.048480786;0.034589837;0.060308722;0.068492004;0.066428992;0.083758294;0.077844326;0.077156655;0.076125149;0.070761317;0.072755563;0.068698305;0.065603787;0.057351738;0.068492004;0.073580767;0.066428992;0.068492004;0.065672554;0.091666507;0.077156655;0.083276925;0.076125149;0.05260681;0.03170162;0.033695865;0.034727372;0.046005171;0.050062429;0.056182698;0.076606519;0.069042141;0.077294189;0.077294189;0.07399337;0.07399337;0.07399337;0.065603787;0.067804333;0.073580767;0.091941576;0.091941576;0.088847057;0.089397194;0.072755563;0.070761317;0.048274485;0.057970642;0.03452107;0.038853396;0.049030923;0.051093935;0.070486249;0.074612273;0.076675286;0.080457475;0.077362956;0.085546238;0.089603495;0.07000488;0.074062137;0.081213912;0.086784045;0.07564378;0.074612273;0.067460498;0.073305699;0.077156655;0.071999125;0.07000488;0.061821598;0.059483518;0.049581059;0.034727372;0.047999416;0.046005171;0.067460498;0.086852812;0.059552285;0.078394462;0.078394462;0.08527117;0.078394462;0.078394462;0.072136659;0.079701037;0.091941576;0.074612273;0.079838571;0.084033362;0.101637733;0.09324815;0.087334182;0.075850081;0.062578036;0.043942159;0.033145729;0.040847641;0.039816135;0.049030923;0.056182698;0.067460498;0.079013366;0.077362956;0.062853104;0.085546238;0.066910361;0.070967619;0.066910361;0.083414459;0.070486249;0.066428992;0.0847898;0.092560479;0.097786777;0.091460206;0.086302676;0.066910361;0.051300236;0.046211473;0.042773119;0.039816135;0.050062429;0.056182698;0.06436598;0.089328427;0.083483226;0.084514732;0.067941867;0.078119394;0.071999125;0.062853104;0.062578036;0.083895828;0.07564378;0.074612273;0.074612273;0.084996101;0.098611982;0.091185138;
J250;0.1;0.28234173;0.238039866;0.202664497;0.139848421;0.156048356;0.176876845;0.196382889;0.270109125;0.319370153;0.333917034;0.372598512;0.396402499;0.406320826;0.37193729;0.36102713;0.406320826;0.440704363;0.429794202;0.394088222;0.368961792;0.294904945;0.280027453;0.309451825;0.404998383;0.369623014;0.300855941;0.228452149;0.233080702;0.166297295;0.289945781;0.329288481;0.319370153;0.402684106;0.374251567;0.370945457;0.365986294;0.340198641;0.349786358;0.330280314;0.315402822;0.275729511;0.329288481;0.353753689;0.319370153;0.329288481;0.315733433;0.440704363;0.370945457;0.40036983;0.365986294;0.252917357;0.152411636;0.161999353;0.166958517;0.221178709;0.240684753;0.270109125;0.36830057;0.331933368;0.371606679;0.371606679;0.355737355;0.355737355;0.355737355;0.315402822;0.325982372;0.353753689;0.442026806;0.442026806;0.427149315;0.429794202;0.349786358;0.340198641;0.232088869;0.278705009;0.165966684;0.186795172;0.235725589;0.245643917;0.338876198;0.358712853;0.368631181;0.386814782;0.37193729;0.41127999;0.430786035;0.336561921;0.356067966;0.390451502;0.417230987;0.363672017;0.358712853;0.324329317;0.352431246;0.370945457;0.346149638;0.336561921;0.297219221;0.28597845;0.238370477;0.166958517;0.230766425;0.221178709;0.324329317;0.417561598;0.286309061;0.376896454;0.376896454;0.409957547;0.376896454;0.376896454;0.34681086;0.383178062;0.442026806;0.358712853;0.383839283;0.40400655;0.488642947;0.448308414;0.419875874;0.36466385;0.300855941;0.211260381;0.159354466;0.196382889;0.191423725;0.235725589;0.270109125;0.324329317;0.379871952;0.37193729;0.302178385;0.41127999;0.32168443;0.341190474;0.32168443;0.401031052;0.338876198;0.319370153;0.40764327;0.445002305;0.470128735;0.43971253;0.41491671;0.32168443;0.24663575;0.222170541;0.205639995;0.191423725;0.240684753;0.270109125;0.309451825;0.429463591;0.401361662;0.406320826;0.326643594;0.37557401;0.346149638;0.302178385;0.300855941;0.403345328;0.363672017;0.358712853;0.358712853;0.408635103;0.474096066;0.438390086;
J84;0.1;0.308317169;0.259939533;0.221309631;0.152714476;0.170404805;0.193149514;0.214450115;0.294959165;0.348752207;0.364637401;0.406877575;0.432871528;0.443702342;0.406155521;0.394241626;0.443702342;0.481249164;0.469335269;0.430344339;0.402906277;0.3220362;0.305789979;0.337921393;0.442258234;0.403628331;0.328534688;0.249469747;0.254524126;0.181596646;0.316620793;0.359583021;0.348752207;0.439731044;0.408682711;0.40507244;0.399657033;0.371496916;0.381966703;0.360666103;0.344419882;0.301096626;0.359583021;0.386299029;0.348752207;0.359583021;0.344780909;0.481249164;0.40507244;0.437203854;0.399657033;0.276185754;0.166433507;0.176903294;0.1823187;0.24152715;0.26282775;0.294959165;0.402184222;0.362471238;0.405794494;0.405794494;0.388465192;0.388465192;0.388465192;0.344419882;0.35597275;0.386299029;0.482693272;0.482693272;0.466447052;0.469335269;0.381966703;0.371496916;0.253441045;0.30434587;0.181235619;0.203980328;0.257412343;0.268243157;0.370052808;0.391714436;0.40254525;0.422401742;0.406155521;0.449117749;0.47041835;0.367525618;0.388826219;0.42637304;0.455616238;0.397129843;0.391714436;0.354167614;0.38485492;0.40507244;0.377995405;0.367525618;0.32456339;0.312288467;0.260300561;0.1823187;0.251996937;0.24152715;0.354167614;0.455977265;0.312649494;0.411570928;0.411570928;0.447673641;0.411570928;0.411570928;0.378717459;0.418430443;0.482693272;0.391714436;0.419152498;0.441175152;0.533598098;0.489552788;0.458504455;0.398212924;0.328534688;0.230696336;0.174015077;0.214450115;0.209034708;0.257412343;0.294959165;0.354167614;0.414820172;0.406155521;0.329978797;0.449117749;0.351279397;0.372579998;0.351279397;0.437925908;0.370052808;0.348752207;0.445146451;0.485942517;0.513380578;0.480166082;0.453089048;0.351279397;0.269326239;0.242610231;0.224558875;0.209034708;0.26282775;0.294959165;0.337921393;0.468974241;0.438286935;0.443702342;0.356694804;0.410126819;0.377995405;0.329978797;0.328534688;0.440453098;0.397129843;0.391714436;0.391714436;0.446229532;0.517712904;0.478721974;
J85;0.1;1.398156245;1.178773415;1.003594588;0.692529381;0.772751461;0.875894135;0.972488067;1.337580389;1.581520999;1.653557152;1.845107832;1.962985173;2.012100732;1.841833461;1.787806346;2.012100732;2.182368003;2.128340888;1.951524876;1.827098793;1.460369286;1.386695948;1.53240544;2.005551991;1.830373164;1.489838622;1.131295041;1.154215636;0.823504205;1.435811507;1.630636558;1.581520999;1.994091694;1.853293758;1.836921905;1.812364126;1.684663672;1.732142046;1.635548113;1.561874775;1.365412539;1.630636558;1.75178827;1.581520999;1.630636558;1.56351196;2.182368003;1.836921905;1.982631397;1.812364126;1.252446754;0.754742423;0.802220796;0.826778576;1.095276965;1.191870897;1.337580389;1.823824423;1.64373404;1.840196276;1.840196276;1.761611381;1.761611381;1.761611381;1.561874775;1.614264705;1.75178827;2.188916744;2.188916744;2.115243406;2.128340888;1.732142046;1.684663672;1.14930408;1.380147207;0.82186702;0.925009694;1.167313118;1.216428677;1.678114931;1.776346049;1.825461608;1.9155068;1.841833461;2.036658512;2.133252444;1.666654634;1.763248567;1.933515838;2.066127847;1.800903829;1.776346049;1.606078778;1.745239528;1.836921905;1.714133008;1.666654634;1.471829584;1.416165283;1.1804106;0.826778576;1.142755339;1.095276965;1.606078778;2.067765032;1.417802469;1.866391241;1.866391241;2.03010977;1.866391241;1.866391241;1.717407378;1.897497761;2.188916744;1.776346049;1.900772132;2.000640435;2.419759872;2.220023265;2.079225329;1.805815385;1.489838622;1.046161406;0.789123314;0.972488067;0.947930288;1.167313118;1.337580389;1.606078778;1.881125908;1.841833461;1.496387363;2.036658512;1.592981296;1.689575228;1.592981296;1.985905767;1.678114931;1.581520999;2.018649473;2.203651412;2.328077495;2.177456447;2.05466755;1.592981296;1.221340233;1.100188521;1.018329256;0.947930288;1.191870897;1.337580389;1.53240544;2.126703703;1.987542953;2.012100732;1.617539075;1.859842499;1.714133008;1.496387363;1.489838622;1.997366064;1.800903829;1.776346049;1.776346049;2.023561029;2.347723718;2.170907706;
J86;0.1;2.747749713;2.316603973;1.972330883;1.361004834;1.518662605;1.721365452;1.911198278;2.628702009;3.108110331;3.249680574;3.626128719;3.857789117;3.954314282;3.619693708;3.513516026;3.954314282;4.288934856;4.182757174;3.835266578;3.590736159;2.870014922;2.725227174;3.011585165;3.94144426;3.59717117;2.927930022;2.223296313;2.268341391;1.618405276;2.82175234;3.204635496;3.108110331;3.918921721;3.642216247;3.610041192;3.561778609;3.310813178;3.404120839;3.214288013;3.069500265;2.683399602;3.204635496;3.442730905;3.108110331;3.204635496;3.07271777;4.288934856;3.610041192;3.896399183;3.561778609;2.461391722;1.483270044;1.576577704;1.624840287;2.152511192;2.342344017;2.628702009;3.584301148;3.230375541;3.616476203;3.616476203;3.462035938;3.462035938;3.462035938;3.069500265;3.172460441;3.442730905;4.301804878;4.301804878;4.15701713;4.182757174;3.404120839;3.310813178;2.258688874;2.712357152;1.61518777;1.817890618;2.294081435;2.3906066;3.297943156;3.490993488;3.587518653;3.764481457;3.619693708;4.002576865;4.192409691;3.275420618;3.465253443;3.799874017;4.060491964;3.53925607;3.490993488;3.156372914;3.429860883;3.610041192;3.368728278;3.275420618;2.892537461;2.783142273;2.319821479;1.624840287;2.245818852;2.152511192;3.156372914;4.06370947;2.786359779;3.667956291;3.667956291;3.989706843;3.667956291;3.667956291;3.375163289;3.729088896;4.301804878;3.490993488;3.735523907;3.931791744;4.755473156;4.362937483;4.086232008;3.548908587;2.927930022;2.055986026;1.55083766;1.911198278;1.862935695;2.294081435;2.628702009;3.156372914;3.696913841;3.619693708;2.940800044;4.002576865;3.130632869;3.320465695;3.130632869;3.902834194;3.297943156;3.108110331;3.967184304;4.330762428;4.575292847;4.27928234;4.037969426;3.130632869;2.400259117;2.162163708;2.001288432;1.862935695;2.342344017;2.628702009;3.011585165;4.179539668;3.906051699;3.954314282;3.178895452;3.655086269;3.368728278;2.940800044;2.927930022;3.925356733;3.53925607;3.490993488;3.490993488;3.976836821;4.613902913;4.266412317;
J87;0.1;2.36376496;1.992869756;1.696707167;1.170810982;1.30643684;1.480812944;1.644117549;2.261353598;2.673766922;2.795553408;3.119394743;3.318681718;3.401717958;3.113858994;3.02251913;3.401717958;3.689576923;3.598237059;3.299306596;3.088948122;2.468944198;2.344389838;2.590730683;3.39064646;3.094483871;2.518765941;1.912601391;1.951351636;1.392240954;2.427426078;2.756803162;2.673766922;3.371271337;3.133234116;3.10555537;3.06403725;2.848143026;2.928411391;2.765106786;2.640552427;2.308407467;2.756803162;2.961625887;2.673766922;2.756803162;2.643320301;3.689576923;3.10555537;3.351896214;3.06403725;2.117424116;1.275990219;1.356258584;1.397776704;1.851708148;2.015012753;2.261353598;3.083412372;2.77894616;3.111091119;3.111091119;2.978233135;2.978233135;2.978233135;2.640552427;2.729124416;2.961625887;3.700648422;3.700648422;3.576094062;3.598237059;2.928411391;2.848143026;1.943048012;2.333318339;1.38947308;1.563849183;1.973494633;2.056530873;2.837071527;3.003144007;3.086180247;3.238413353;3.113858994;3.443236078;3.606540683;2.817696405;2.98100101;3.268859975;3.493057822;3.044662127;3.003144007;2.715285042;2.950554389;3.10555537;2.89796477;2.817696405;2.48831932;2.394211582;1.995637631;1.397776704;1.931976513;1.851708148;2.715285042;3.495825697;2.396979456;3.155377113;3.155377113;3.43216458;3.155377113;3.155377113;2.903500519;3.207966732;3.700648422;3.003144007;3.213502481;3.382342836;4.090918749;3.75323804;3.515200819;3.052965751;2.518765941;1.768671908;1.334115587;1.644117549;1.602599429;1.973494633;2.261353598;2.715285042;3.180287985;3.113858994;2.52983744;3.443236078;2.693142045;2.85644665;2.693142045;3.357431964;2.837071527;2.673766922;3.412789457;3.725559294;3.935917768;3.681273299;3.4736827;2.693142045;2.064834497;1.860011772;1.721618039;1.602599429;2.015012753;2.261353598;2.590730683;3.595469185;3.360199838;3.401717958;2.734660165;3.144305615;2.89796477;2.52983744;2.518765941;3.376807086;3.044662127;3.003144007;3.003144007;3.421093081;3.969132264;3.6702018;
J118;0.1;0.817661649;0.689363451;0.586916383;0.405001028;0.45191604;0.512235342;0.568724847;0.782236027;0.924895964;0.96702373;1.079045291;1.147981636;1.176705113;1.077130392;1.045534568;1.176705113;1.276279834;1.244684009;1.141279491;1.068513349;0.85404472;0.810959504;0.896172487;1.172875316;1.070428248;0.871278806;0.661597423;0.675001713;0.481596967;0.839682981;0.953619441;0.924895964;1.166173172;1.083832537;1.074258045;1.059896306;0.985215266;1.012981294;0.956491788;0.913406573;0.798512664;0.953619441;1.024470684;0.924895964;0.953619441;0.914364022;1.276279834;1.074258045;1.159471027;1.059896306;0.732448667;0.441384099;0.469150126;0.483511865;0.64053354;0.697023045;0.782236027;1.066598451;0.961279035;1.076172943;1.076172943;1.03021538;1.03021538;1.03021538;0.913406573;0.944044948;1.024470684;1.280109631;1.280109631;1.237024415;1.244684009;1.012981294;0.985215266;0.672129365;0.807129707;0.480639517;0.540958819;0.682661306;0.711384784;0.981385469;1.038832423;1.0675559;1.120215608;1.077130392;1.191066852;1.247556357;0.974683324;1.031172829;1.13074755;1.208300938;1.053194161;1.038832423;0.939257702;1.020640887;1.074258045;1.002449352;0.974683324;0.860746865;0.828193591;0.6903209;0.483511865;0.668299568;0.64053354;0.939257702;1.209258387;0.82915104;1.091492131;1.091492131;1.187237055;1.091492131;1.091492131;1.00436425;1.109683667;1.280109631;1.038832423;1.111598565;1.170002968;1.415109973;1.298301166;1.215960532;1.056066509;0.871278806;0.611810063;0.461490533;0.568724847;0.554363109;0.682661306;0.782236027;0.939257702;1.100109174;1.077130392;0.875108603;1.191066852;0.931598108;0.988087613;0.931598108;1.161385925;0.981385469;0.924895964;1.18053491;1.288726674;1.361492816;1.273407486;1.201598793;0.931598108;0.714257131;0.643405888;0.595533426;0.554363109;0.697023045;0.782236027;0.896172487;1.24372656;1.162343375;1.176705113;0.945959847;1.087662334;1.002449352;0.875108603;0.871278806;1.16808807;1.053194161;1.038832423;1.038832423;1.183407258;1.372982207;1.269577689;
